date,EUR,ARS,AUD,BGN,BRL,CAD,CHF,CNY,CZK,DKK,DZD,GBP,HKD,HRK,HUF,IDR,ILS,INR,ISK,JPY,KRW,LTL,MAD,MXN,MYR,NOK,NZD,PHP,PLN,RON,RUB,SEK,SGD,THB,TRY,TWD,USD,ZAR
2014-12-31,1.0,10.28,1.4829,1.9558,3.2207,1.4063,1.2024,7.5358,27.735,7.4453,106.7437,0.7789,9.417,7.658,315.54,15076.1,4.72,76.719,,145.23,1324.8,3.4528,10.9919,17.8679,4.2473,9.042,1.5525,54.436,4.2732,4.4828,72.337,9.393,1.6058,39.91,2.832,38.44,1.2141,14.0353
2015-01-02,1.0,10.3,1.4841,1.9558,3.2433,1.4069,1.2022,7.4759,27.693,7.4434,105.8756,0.78,9.3402,7.6713,318.75,15073.02,4.7291,76.3,,145.21,1332.24,,10.9965,17.8537,4.2349,9.042,1.5609,53.961,4.3053,4.502,70.461,9.4702,1.6,39.69,2.8332,38.267,1.2043,14.0435
2015-01-05,1.0,10.1963,1.4755,1.9558,3.2334,1.4041,1.2016,7.4111,27.676,7.441,104.8725,0.7827,9.2409,7.6738,318.32,15027.69,4.712,75.6156,,143.0,1323.73,,10.9432,17.695,4.2215,9.1075,1.5515,53.674,4.2979,4.4975,70.388,9.4882,1.592,39.297,2.7869,38.1384,1.1915,13.9739
2015-01-06,1.0,10.1883,1.464,1.9558,3.2159,1.4014,1.2014,7.4022,27.695,7.4414,104.8682,0.7842,9.2376,7.674,319.32,15093.06,4.714,75.74,,141.69,1311.72,,10.9485,17.7781,4.255,9.1795,1.5378,53.624,4.3075,4.499,74.91,9.4208,1.5905,39.221,2.7732,38.1401,1.1914,13.9771
2015-01-07,1.0,10.1131,1.466,1.9558,3.1679,1.3996,1.2011,7.3512,27.783,7.4421,104.3825,0.7823,9.1743,7.6753,319.53,15041.65,4.6835,74.7423,,141.17,1304.28,,10.9335,17.4803,4.2376,9.15,1.5275,53.363,4.3108,4.4978,75.0,9.3989,1.5844,38.912,2.7547,37.839,1.1831,13.8588
2015-01-08,1.0,10.0887,1.4518,1.9558,3.1774,1.3905,1.201,7.3152,27.865,7.4398,104.0306,0.7811,9.1265,7.6745,317.05,14877.39,4.674,73.63,,141.0,1291.62,,10.9312,17.3087,4.189,9.028,1.5113,52.908,4.2902,4.4878,72.3732,9.434,1.5753,38.693,2.7181,37.6563,1.1768,13.6912
2015-01-09,1.0,10.1456,1.4506,1.9558,3.1389,1.3963,1.201,7.3321,28.062,7.4393,103.9706,0.7799,9.1593,7.678,317.39,14925.34,4.6614,73.6233,,140.81,1290.29,,10.9365,17.319,4.2054,9.0605,1.5115,53.09,4.2699,4.4892,72.891,9.4883,1.5789,38.846,2.7154,37.7137,1.1813,13.6655
2015-01-12,1.0,10.139,1.4498,1.9558,3.1354,1.4043,1.201,7.3194,28.287,7.4391,103.7052,0.7791,9.1518,7.6785,318.03,14878.94,4.6688,73.3784,,140.56,1281.23,,10.9332,17.2955,4.2105,9.1275,1.5222,53.032,4.2765,4.4833,73.9104,9.541,1.5775,38.817,2.709,37.6464,1.1804,13.6056
2015-01-13,1.0,10.1207,1.4441,1.9558,3.1143,1.4098,1.201,7.3028,28.405,7.4398,103.4011,0.7767,9.1348,7.6815,318.27,14842.5,4.6462,73.0991,,139.56,1275.75,,10.9315,17.2164,4.2322,9.115,1.5215,52.715,4.2824,4.488,77.91,9.4564,1.5735,38.7,2.6875,37.5561,1.1782,13.5487
2015-01-14,1.0,10.1153,1.4473,1.9558,3.0909,1.4089,1.201,7.2968,28.229,7.4386,103.5027,0.7753,9.1301,7.6845,319.97,14863.25,4.6307,73.2273,,137.48,1277.86,,10.9267,17.2151,4.2317,9.056,1.525,52.547,4.2863,4.4928,77.903,9.5011,1.5724,38.603,2.6957,37.4679,1.1775,13.5437
2015-01-15,1.0,10.0583,1.4143,1.9558,3.0537,1.3855,1.028,7.2509,27.841,7.4346,103.0089,0.7672,9.0751,7.6877,322.39,14674.67,4.5644,72.3361,,136.48,1262.95,,10.9145,16.9345,4.1689,8.914,1.4883,52.216,4.3008,4.4964,75.41,9.4611,1.5479,38.338,2.672,37.0535,1.1708,13.4057
2015-01-16,1.0,9.961,1.4113,1.9558,3.0357,1.3946,1.0128,7.1926,27.795,7.4346,102.3641,0.7637,8.983,7.693,320.37,14581.91,4.542,71.6857,,135.06,1248.7,,10.8975,16.9787,4.1234,8.7985,1.4871,51.684,4.3179,4.5083,75.658,9.4085,1.5363,37.798,2.6888,36.5008,1.1588,13.403
2015-01-19,1.0,9.9809,1.4134,1.9558,3.0503,1.3906,1.012,7.2188,27.881,7.4345,102.5462,0.7664,8.9963,7.6935,318.72,14643.19,4.5604,71.6174,,136.27,1251.03,,10.8905,16.959,4.1447,8.8325,1.4914,51.724,4.3164,4.5027,75.0288,9.4076,1.5453,37.821,2.7149,36.5516,1.1605,13.5213
2015-01-20,1.0,9.9637,1.4123,1.9558,3.0378,1.391,1.0087,7.1948,27.849,7.4351,102.3431,0.7637,8.9772,7.7015,317.53,14535.84,4.5456,71.45,,137.37,1259.61,,10.8865,16.9308,4.1771,8.8015,1.5014,51.632,4.3275,4.5093,75.3825,9.4297,1.5502,37.845,2.701,36.6795,1.1579,13.4621
2015-01-21,1.0,9.983,1.4113,1.9558,3.0138,1.3999,0.9997,7.2017,27.939,7.4355,102.5992,0.7671,8.9879,7.7065,315.35,14485.19,4.5519,71.3839,,136.07,1255.38,,10.8895,16.9351,4.1828,8.825,1.5124,51.444,4.3058,4.5088,76.123,9.4238,1.5455,37.747,2.7141,36.4862,1.1593,13.3846
2015-01-22,1.0,10.006,1.4299,1.9558,2.9955,1.4353,0.9943,7.2144,27.9,7.4454,102.5905,0.7644,9.0074,7.6985,315.56,14481.47,4.5687,71.5192,,136.7,1259.38,,10.898,17.0639,4.1617,8.831,1.5344,51.373,4.2997,4.5023,74.78,9.4405,1.5479,37.851,2.7128,36.5105,1.1618,13.3367
2015-01-23,1.0,9.6538,1.4169,1.9558,2.9057,1.3937,0.9816,6.975,27.831,7.443,102.4796,0.7473,8.6809,7.7028,310.91,13975.38,4.4766,68.866,,132.12,1208.9,,10.813,16.4851,4.0281,8.7055,1.5032,49.359,4.2279,4.4892,72.2195,9.3327,1.5058,36.517,2.634,35.0513,1.1198,12.843
2015-01-26,1.0,9.6833,1.4227,1.9558,2.9184,1.4009,1.0014,7.0324,27.754,7.445,103.7578,0.74895,8.717,7.702,310.67,14047.63,4.4938,69.0691,,133.03,1217.04,,10.8212,16.4691,4.0584,8.7345,1.5128,49.574,4.2157,4.4744,73.8368,9.3628,1.5111,36.631,2.6526,35.2299,1.1244,12.9073
2015-01-27,1.0,9.7548,1.4233,1.9558,2.9284,1.4085,1.017,7.0603,27.872,7.4483,104.4153,0.74725,8.7652,7.69,312.17,14114.02,4.503,69.401,,133.08,1219.73,,10.8375,16.5181,4.0741,8.813,1.5199,49.839,4.23,4.4693,76.6695,9.3089,1.5167,36.808,2.6768,35.1757,1.1306,13.108
2015-01-28,1.0,9.7882,1.4234,1.9558,2.9322,1.409,1.0242,7.0869,27.846,7.444,104.5862,0.7466,8.7939,7.6918,312.18,14188.57,4.4774,69.6578,,133.7,1231.76,,10.845,16.5951,4.1048,8.795,1.5157,50.046,4.2365,4.4552,76.912,9.2895,1.5345,36.925,2.6959,35.4272,1.1344,13.1212
2015-01-29,1.0,9.7651,1.4535,1.9558,2.9421,1.4179,1.0372,7.0672,27.792,7.444,104.5249,0.74775,8.7722,7.6975,312.0,14278.77,4.4476,70.0403,,133.43,1240.27,,10.8335,16.7722,4.1089,8.823,1.5552,49.862,4.2324,4.4405,78.2726,9.3245,1.5305,37.055,2.7267,35.6973,1.1315,13.1531
2015-01-30,1.0,9.7573,1.4535,1.9558,3.0114,1.4323,1.0468,7.0639,27.797,7.444,104.9262,0.7511,8.7636,7.6975,312.03,14342.1,4.4475,70.1133,,133.08,1246.54,,10.8318,16.8382,4.11,8.8335,1.5568,49.934,4.2075,4.442,79.925,9.3612,1.5292,37.055,2.7579,35.8328,1.1305,13.1028
2015-02-02,1.0,9.7639,1.4523,1.9558,3.0296,1.4332,1.0519,7.0771,27.749,7.444,105.0467,0.7526,8.7702,7.703,310.56,14370.84,4.456,69.9735,,133.06,1246.12,,10.8335,16.8802,4.0989,8.7225,1.5562,49.909,4.1771,4.4043,78.06,9.3672,1.53,36.848,2.7356,35.7733,1.131,13.0934
2015-02-03,1.0,9.8414,1.4799,1.9558,3.0848,1.4316,1.0526,7.118,27.748,7.444,105.5755,0.75395,8.8214,7.709,309.18,14358.41,4.4565,70.2086,,133.48,1251.26,,10.8457,16.8433,4.0819,8.637,1.5742,50.136,4.162,4.4033,75.8145,9.4118,1.5362,37.12,2.7382,35.898,1.1376,13.0318
2015-02-04,1.0,9.9019,1.4722,1.9558,3.0919,1.4253,1.0602,7.1526,27.77,7.444,106.6288,0.7516,8.8753,7.711,308.85,14468.38,4.4449,70.7736,,134.49,1243.24,,10.8605,16.8433,4.0824,8.6305,1.5486,50.458,4.1607,4.408,75.5,9.4281,1.5396,37.325,2.7796,35.9625,1.1446,13.073
2015-02-05,1.0,9.8702,1.4616,1.9558,3.1238,1.429,1.0587,7.1307,27.708,7.4456,106.4885,0.7482,8.8455,7.7128,307.24,14389.78,4.4229,70.4436,,133.98,1243.16,,10.858,16.8862,4.0605,8.637,1.5428,50.343,4.1655,4.4133,76.27,9.4579,1.5359,37.213,2.7898,35.9652,1.141,12.983
2015-02-06,1.0,9.91,1.4572,1.9558,3.1536,1.4246,1.0534,7.1535,27.698,7.4441,106.638,0.7473,8.8739,7.717,306.27,14430.56,4.4302,70.6442,,134.28,1244.86,,10.86,16.8843,4.0347,8.5715,1.5414,50.573,4.165,4.4143,76.86,9.4565,1.5377,37.237,2.7878,35.978,1.1447,12.9486
2015-02-09,1.0,9.7647,1.443,1.9558,3.143,1.4094,1.0428,7.0428,27.72,7.444,105.5559,0.7415,8.7416,7.7165,307.3,14281.55,4.3791,70.0515,,133.72,1236.75,,10.8315,16.7073,4.0142,8.6145,1.5203,50.1,4.1822,4.4308,74.7335,9.4685,1.5282,36.807,2.808,35.5964,1.1275,13.0539
2015-02-10,1.0,9.79,1.4522,1.9558,3.1641,1.4088,1.0457,7.0512,27.727,7.4441,105.8661,0.742,8.7595,7.7177,309.34,14344.72,4.3793,70.2617,,134.67,1237.19,,10.836,16.7845,4.0434,8.5665,1.5266,50.158,4.2008,4.4368,74.5672,9.4264,1.5322,36.868,2.8155,35.644,1.1297,13.1443
2015-02-11,1.0,9.8036,1.4606,1.9558,3.237,1.4268,1.0465,7.063,27.68,7.444,106.5746,0.7396,8.7726,7.7218,310.15,14510.21,4.3598,70.549,,135.5,1250.19,,10.8302,16.9653,4.0918,8.602,1.5272,50.292,4.218,4.4473,74.66,9.4585,1.5388,36.929,2.8252,35.7497,1.1314,13.3805
2015-02-12,1.0,9.8197,1.4761,1.9558,3.2565,1.4228,1.0559,7.073,27.702,7.4445,106.5798,0.7376,8.7849,7.723,307.76,14518.77,4.4204,70.5469,,135.72,1255.7,,10.8328,17.0866,4.0874,8.7425,1.5373,50.208,4.1916,4.4375,75.2935,9.6298,1.5397,37.037,2.821,35.6727,1.1328,13.376
2015-02-13,1.0,9.87,1.4689,1.9558,3.2395,1.4235,1.0576,7.1011,27.64,7.444,107.2733,0.7401,8.8264,7.7128,306.03,14566.04,4.4286,70.7557,,135.46,1251.51,,10.8432,17.0348,4.0683,8.6535,1.5312,50.424,4.1768,4.4431,72.989,9.5887,1.5439,37.131,2.8105,35.7,1.1381,13.343
2015-02-16,1.0,9.9027,1.4669,1.9558,3.2336,1.4206,1.0626,7.1292,27.638,7.444,107.5091,0.7421,8.85,7.714,306.91,14524.29,4.4121,70.9736,,135.26,1257.23,,10.8575,16.9608,4.0846,8.6035,1.5193,50.393,4.1832,4.4452,71.47,9.5838,1.5481,37.181,2.7919,35.8678,1.1408,13.2698
2015-02-17,1.0,9.9094,1.4593,1.9558,3.2395,1.4125,1.0631,7.1403,27.619,7.444,107.5046,0.7434,8.8568,7.725,307.81,14574.79,4.4126,70.9893,,135.61,1262.44,,10.8585,16.933,4.0919,8.5725,1.5141,50.375,4.1872,4.4467,71.4409,9.5235,1.5463,37.184,2.7935,36.0118,1.1415,13.2357
2015-02-18,1.0,9.872,1.4598,1.9558,3.2195,1.4158,1.0707,7.1133,27.583,7.444,107.2761,0.7372,8.8229,7.724,307.71,14646.88,4.3872,70.85,,135.69,1267.02,,10.8349,16.9923,4.12,8.548,1.5147,50.372,4.1909,4.4518,70.5714,9.5489,1.5475,37.05,2.794,36.0395,1.1372,13.2921
2015-02-19,1.0,9.8964,1.4632,1.9558,3.2452,1.4257,1.0796,7.1229,27.373,7.4442,107.4563,0.7379,8.8331,7.7253,305.34,14637.08,4.3743,70.8384,,135.52,1267.63,,10.8359,17.0207,4.1309,8.645,1.5148,50.291,4.1695,4.4461,70.7133,9.5713,1.5466,37.064,2.789,36.0756,1.1387,13.2596
2015-02-20,1.0,9.8219,1.4399,1.9558,3.2432,1.4073,1.0718,7.0642,27.508,7.4612,106.7594,0.7348,8.7635,7.7125,305.68,14510.22,4.37,70.3122,,133.91,1254.9,,10.8163,16.9572,4.1221,8.593,1.496,50.016,4.1812,4.4568,70.2,9.5213,1.536,36.777,2.7835,35.8823,1.1298,13.1681
2015-02-23,1.0,9.8321,1.451,1.9558,3.2729,1.4256,1.0727,7.0686,27.444,7.4637,106.8992,0.7352,8.7631,7.7115,305.09,14607.09,4.3602,70.4035,,134.5,1253.43,,10.8325,17.0685,4.1093,8.6405,1.5041,50.063,4.1746,4.4483,72.5628,9.5656,1.5384,36.786,2.8037,35.8502,1.1298,13.2311
2015-02-24,1.0,9.8588,1.4609,1.9558,3.2518,1.4322,1.0755,7.0842,27.487,7.4595,107.0913,0.7344,8.7876,7.702,305.0,14635.14,4.4702,70.463,,135.36,1261.64,,10.8194,17.1143,4.1257,8.625,1.5225,50.137,4.1662,4.4435,71.4174,9.5199,1.542,36.884,2.8082,35.9278,1.1328,13.149
2015-02-25,1.0,9.8886,1.4388,1.9558,3.2395,1.4116,1.0773,7.1025,27.419,7.465,107.1515,0.7328,8.7997,7.684,305.55,14617.03,4.483,70.3083,,134.92,1248.89,,10.8215,16.9424,4.0908,8.6325,1.5031,49.988,4.1615,4.4223,70.3432,9.491,1.5378,36.909,2.8017,35.7185,1.1346,13.025
2015-02-26,1.0,9.8667,1.4357,1.9558,3.2264,1.4112,1.0745,7.0831,27.515,7.4679,106.9715,0.7301,8.776,7.6965,302.88,14537.82,4.4552,69.8838,,134.54,1240.6,,10.8165,16.8425,4.0483,8.564,1.4919,49.767,4.1535,4.4278,68.8165,9.4146,1.5293,36.57,2.8085,35.4773,1.1317,12.9381
2015-02-27,1.0,9.8027,1.4358,1.9558,3.2579,1.3995,1.0636,7.0485,27.438,7.466,106.512,0.7278,8.7167,7.6885,303.03,14555.96,4.4816,69.4822,,134.05,1236.16,,10.8023,16.8723,4.0576,8.574,1.4849,49.486,4.1524,4.4413,69.2,9.3693,1.5289,36.336,2.83,35.3552,1.124,13.0684
2015-03-02,1.0,9.7894,1.4433,1.9558,3.2133,1.4025,1.0724,7.0456,27.488,7.4633,106.553,0.7294,8.706,7.6755,303.58,14561.42,4.4796,69.5415,,134.47,1235.65,,10.7986,16.7816,4.0771,8.6085,1.4907,49.528,4.1563,4.4418,70.0036,9.3436,1.5303,36.297,2.8211,35.2428,1.1227,13.1442
2015-03-03,1.0,9.753,1.4288,1.9558,3.2536,1.3981,1.0736,7.0043,27.453,7.4533,106.1557,0.7276,8.6609,7.672,305.07,14513.01,4.4566,69.1544,,133.74,1225.66,,10.7879,16.7967,4.0597,8.6095,1.4807,49.22,4.1582,4.4563,69.56,9.2765,1.5222,36.131,2.8296,35.0843,1.1168,13.1696
2015-03-04,1.0,9.7224,1.4191,1.9558,3.2999,1.3922,1.0694,6.9734,27.464,7.4575,105.907,0.7259,8.6266,7.66,306.47,14455.64,4.4334,69.2626,,133.15,1222.39,,10.7801,16.7283,4.0629,8.6145,1.465,49.082,4.1727,4.4555,68.634,9.2379,1.5207,36.036,2.8317,34.9373,1.1124,13.1071
2015-03-05,1.0,9.6776,1.4205,1.9558,3.3009,1.377,1.0697,6.9382,27.422,7.4542,105.6457,0.7251,8.5847,7.6585,305.36,14363.07,4.427,68.9098,,133.1,1218.84,,10.7683,16.6566,4.0416,8.546,1.4777,48.848,4.1397,4.4453,67.6095,9.214,1.5156,35.885,2.8663,34.8479,1.1069,13.0163
2015-03-06,1.0,9.591,1.399,1.9558,3.2949,1.3666,1.07,6.8651,27.297,7.4514,105.0674,0.722,8.5055,7.6205,303.78,14182.39,4.3823,68.4064,,131.48,1203.83,,10.7449,16.6451,3.9923,8.542,1.4627,48.282,4.1178,4.441,65.217,9.1893,1.5004,35.531,2.8275,34.4461,1.0963,12.9134
2015-03-09,1.0,9.5108,1.4043,1.9558,3.362,1.3674,1.0691,6.8034,27.251,7.4504,104.3258,0.7186,8.4264,7.6325,305.21,14192.5,4.3573,68.071,,131.31,1209.21,,10.7253,16.8091,3.9943,8.5785,1.473,48.018,4.1181,4.4428,66.06,9.1865,1.4979,35.371,2.8334,34.248,1.086,13.1281
2015-03-10,1.0,9.4094,1.4034,1.9558,3.369,1.3566,1.0703,6.7236,27.285,7.4516,103.628,0.7128,8.3326,7.6153,307.92,14060.34,4.3332,67.4205,,130.29,1206.66,,10.6969,16.6847,3.9786,8.6395,1.4729,47.554,4.1368,4.4465,65.9838,9.1849,1.4889,35.1,2.8375,33.979,1.0738,13.1869
2015-03-11,1.0,9.2789,1.3899,1.9558,3.3102,1.3432,1.0655,6.6245,27.293,7.4591,102.9112,0.70355,8.2102,7.631,304.17,13937.63,4.276,66.4101,,128.33,1193.24,,10.6643,16.5093,3.9109,8.657,1.4608,46.852,4.1365,4.4445,65.6568,9.1204,1.4676,34.789,2.7721,33.5376,1.0578,13.0055
2015-03-12,1.0,9.3129,1.3771,1.9558,3.3031,1.3432,1.0636,6.6458,27.303,7.4575,103.2066,0.7091,8.2439,7.645,303.6,13941.23,4.269,66.2762,,128.29,1188.78,,10.6747,16.326,3.9061,8.591,1.4329,46.976,4.1371,4.4373,64.214,9.1141,1.4623,34.823,2.7517,33.5419,1.0613,12.9632
2015-03-13,1.0,9.2787,1.38,1.9558,3.3893,1.3462,1.0648,6.6172,27.315,7.4595,102.9081,0.71525,8.2114,7.6548,306.5,13969.84,4.2527,66.6332,,128.41,1199.18,,10.6624,16.3713,3.9021,8.6255,1.4397,46.909,4.1539,4.4471,64.5063,9.1518,1.4679,34.784,2.789,33.5159,1.0572,13.1788
2015-03-16,1.0,9.2737,1.3797,1.9558,3.4107,1.3493,1.0615,6.6113,27.308,7.4659,102.9738,0.7131,8.1976,7.6435,303.68,13978.2,4.2381,66.3743,,127.96,1195.32,,10.675,16.3206,3.9074,8.686,1.4307,46.899,4.1281,4.4365,65.498,9.1532,1.467,34.763,2.767,33.4348,1.0557,13.0917
2015-03-17,1.0,9.3398,1.3914,1.9558,3.4796,1.3585,1.066,6.6468,27.183,7.4614,103.3393,0.71995,8.2573,7.6466,304.12,13997.8,4.2666,66.7156,,128.9,1197.96,,10.6885,16.4024,3.9311,8.7915,1.4444,47.47,4.1392,4.4415,65.7556,9.1769,1.4767,35.017,2.7784,33.5234,1.0635,13.181
2015-03-18,1.0,9.3078,1.3901,1.9558,3.4283,1.3583,1.0627,6.5982,27.318,7.4591,103.0873,0.723,8.2178,7.646,304.0,13956.88,4.2683,66.4754,,128.35,1196.29,,10.6655,16.3169,3.9292,8.9,1.4461,47.496,4.1466,4.4493,64.9,9.3325,1.4735,34.878,2.7793,33.4098,1.0592,13.1048
2015-03-19,1.0,9.3867,1.3966,1.9558,3.474,1.3578,1.0595,6.614,27.425,7.4508,103.5676,0.7183,8.2842,7.65,303.22,13932.02,4.2777,66.8199,,129.12,1197.86,,10.701,16.3091,3.9555,8.6355,1.4453,47.979,4.1288,4.417,64.1691,9.2797,1.4809,34.997,2.7776,33.6304,1.0677,13.0815
2015-03-20,1.0,9.4756,1.3988,1.9558,3.522,1.3655,1.0552,6.6864,27.479,7.4516,104.2636,0.7255,8.3615,7.6405,303.86,14074.33,4.3718,67.169,,130.26,1207.96,,10.7225,16.265,4.0199,8.7125,1.4401,48.439,4.1272,4.4327,64.9276,9.3006,1.4938,35.227,2.7882,33.9345,1.0776,13.0627
2015-03-23,1.0,9.5892,1.3938,1.9558,3.4963,1.3667,1.0561,6.7812,27.374,7.4555,105.0351,0.7318,8.4628,7.646,304.75,14168.69,4.3708,67.9572,,130.8,1208.5,,10.735,16.3462,4.032,8.6275,1.4314,48.845,4.1215,4.422,64.3886,9.2804,1.4956,35.497,2.7924,34.1921,1.0912,13.0633
2015-03-24,1.0,9.6132,1.3843,1.9558,3.4202,1.3649,1.0491,6.7981,27.39,7.4603,104.9496,0.7344,8.4912,7.648,302.26,14150.43,4.3072,68.2484,,130.89,1209.42,,10.7446,16.3437,3.9951,8.5935,1.4301,49.011,4.1131,4.411,63.4232,9.2889,1.4937,35.569,2.8043,34.2174,1.095,12.962
2015-03-25,1.0,9.6445,1.3925,1.9558,3.4334,1.3711,1.0517,6.8244,27.378,7.4688,105.3667,0.7365,8.5191,7.6518,298.8,14242.59,4.3314,68.515,,131.13,1208.22,,10.7482,16.3611,4.0271,8.593,1.4322,49.163,4.0858,4.4147,62.5738,9.3026,1.5023,35.715,2.8089,34.315,1.0985,12.9574
2015-03-26,1.0,9.6522,1.399,1.9558,3.4904,1.3653,1.0498,6.8174,27.376,7.4678,105.6636,0.7371,8.509,7.6498,299.65,14304.58,4.3239,68.8296,,130.67,1212.14,,10.7625,16.4244,4.0212,8.6005,1.4429,49.171,4.0763,4.427,62.7707,9.325,1.4987,35.712,2.8425,34.2586,1.0973,13.0189
2015-03-27,1.0,9.5579,1.394,1.9558,3.4846,1.358,1.0476,6.7478,27.523,7.4672,105.5746,0.7298,8.4181,7.65,300.54,14138.51,4.31,67.87,,129.39,1199.43,,10.7235,16.4268,3.9994,8.645,1.4342,48.657,4.0978,4.4211,62.232,9.3178,1.4862,35.335,2.8302,33.8848,1.0856,13.0504
2015-03-30,1.0,9.5592,1.4158,1.9558,3.5616,1.3709,1.0439,6.7324,27.473,7.469,105.4969,0.7328,8.41,7.6448,299.83,14172.71,4.3019,67.918,,130.02,1201.04,,10.7365,16.5321,4.0246,8.6545,1.4417,48.527,4.0938,4.405,62.5595,9.3207,1.4898,35.328,2.8265,33.944,1.0845,13.1446
2015-03-31,1.0,9.4832,1.4154,1.9558,3.4958,1.3738,1.0463,6.671,27.533,7.4697,105.0811,0.7273,8.3422,7.645,299.43,14053.78,4.2795,67.2738,,128.95,1192.58,,10.7155,16.5124,3.9873,8.7035,1.4388,48.057,4.0854,4.4098,62.44,9.2901,1.4774,35.018,2.8131,33.6194,1.0759,13.1324
2015-04-01,1.0,9.4856,1.4153,1.9558,3.3994,1.3632,1.0426,6.6662,27.543,7.4708,104.9222,0.7285,8.3382,7.6483,298.52,14021.81,4.2811,67.2161,,129.29,1187.67,,10.7155,16.3847,3.9785,8.6695,1.4472,47.917,4.0608,4.413,62.4363,9.2541,1.4696,34.965,2.8064,33.642,1.0755,13.0011
2015-04-02,1.0,9.5587,1.4343,1.9558,3.4307,1.3693,1.04,6.7105,27.57,7.4708,105.4128,0.7316,8.3958,7.6303,299.58,14080.56,4.2762,67.343,,129.59,1183.31,,10.7187,16.3666,3.964,8.6506,1.4499,48.092,4.0647,4.4168,61.8285,9.3445,1.4719,35.187,2.8145,33.6921,1.083,12.995
2015-04-07,1.0,9.5839,1.4192,1.9558,3.3979,1.3563,1.0438,6.7241,27.455,7.4714,105.7918,0.7286,8.4086,7.619,299.08,14091.77,4.267,67.598,,130.33,1183.28,,10.7365,16.1919,3.9527,8.73,1.4423,48.3,4.0578,4.4165,59.8265,9.374,1.4724,35.335,2.8079,33.6713,1.0847,12.8345
2015-04-08,1.0,9.6066,1.4078,1.9558,3.3676,1.3487,1.0438,6.7377,27.378,7.4717,105.9597,0.7264,8.4183,7.6085,296.62,14056.95,4.2746,67.6105,,130.09,1184.59,,10.7211,16.1382,3.9431,8.6766,1.4315,48.255,4.0171,4.3955,58.6005,9.3595,1.4706,35.367,2.814,33.7218,1.0862,12.7982
2015-04-09,1.0,9.5302,1.3951,1.9558,3.2681,1.3493,1.0447,6.6863,27.378,7.4717,105.4313,0.7268,8.35,7.5955,297.2,13889.01,4.2446,67.0115,,129.22,1175.39,,10.703,16.0549,3.906,8.662,1.4188,47.904,4.0167,4.3975,55.999,9.3421,1.4586,35.048,2.7915,33.5173,1.0774,12.7006
2015-04-10,1.0,9.3465,1.3824,1.9558,3.2639,1.3386,1.039,6.5626,27.383,7.4716,104.3989,0.7244,8.1919,7.574,297.38,13665.33,4.213,65.91,,127.32,1157.92,,10.6601,16.0487,3.876,8.613,1.4059,47.147,4.0181,4.409,54.537,9.3331,1.4439,34.415,2.7921,33.0288,1.057,12.7464
2015-04-13,1.0,9.3479,1.3925,1.9558,3.2694,1.3324,1.0373,6.5552,27.392,7.4715,104.3286,0.7215,8.1779,7.568,296.85,13723.03,4.2239,65.8671,,127.2,1163.3,,10.6417,16.1398,3.9172,8.548,1.4187,47.2,4.0136,4.4156,55.2605,9.3309,1.4491,34.376,2.7985,33.031,1.0552,12.8258
2015-04-14,1.0,9.36,1.3936,1.9558,3.2857,1.3292,1.0344,6.5633,27.345,7.4691,104.3871,0.7217,8.1872,7.583,296.64,13710.09,4.2108,65.905,,126.67,1156.94,,10.6447,16.2263,3.9092,8.482,1.4169,47.117,4.0105,4.4118,54.935,9.3235,1.44,34.291,2.8284,33.0213,1.0564,12.81
2015-04-15,1.0,9.3761,1.3945,1.9558,3.2661,1.3277,1.0321,6.5644,27.415,7.4671,104.6465,0.7168,8.2004,7.5798,297.85,13686.9,4.2095,65.9826,,126.52,1159.5,,10.6614,16.2123,3.9206,8.415,1.4104,47.086,4.0178,4.4197,53.611,9.3115,1.4402,34.327,2.8711,33.086,1.0579,12.8567
2015-04-16,1.0,9.4989,1.379,1.9558,3.2312,1.318,1.0327,6.6377,27.503,7.4637,105.3963,0.7189,8.3031,7.5748,300.95,13758.43,4.2206,66.6873,,127.64,1164.56,,10.6958,16.3075,3.9046,8.3725,1.4038,47.562,4.031,4.4158,53.4111,9.2606,1.4502,34.709,2.8899,33.3344,1.0711,12.9081
2015-04-17,1.0,9.6048,1.3842,1.9558,3.2562,1.3183,1.0297,6.7013,27.486,7.4608,106.1078,0.7199,8.382,7.569,301.36,13838.67,4.239,67.474,,128.45,1167.11,,10.7355,16.4205,3.911,8.397,1.4025,47.819,4.0187,4.418,54.9086,9.2921,1.4522,34.992,2.9037,33.5003,1.0814,12.9192
2015-04-20,1.0,9.5081,1.3823,1.9558,3.2728,1.3138,1.0283,6.6543,27.417,7.4603,105.3785,0.71955,8.3134,7.565,297.9,13840.5,4.2133,67.526,,127.68,1160.25,,10.6999,16.4689,3.893,8.442,1.397,47.451,3.9891,4.425,57.177,9.3018,1.4464,34.732,2.8995,33.3364,1.0723,12.9749
2015-04-21,1.0,9.4888,1.3821,1.9558,3.2423,1.3085,1.0252,6.6358,27.418,7.461,105.3816,0.7187,8.2926,7.577,297.41,13865.38,4.2198,67.3091,,127.75,1158.82,,10.7085,16.5053,3.8859,8.425,1.3884,47.329,3.9683,4.4374,57.4375,9.2863,1.4443,34.631,2.8755,33.2993,1.07,12.9576
2015-04-22,1.0,9.5323,1.3796,1.9558,3.2461,1.3152,1.0323,6.6543,27.469,7.4619,105.4794,0.7129,8.3258,7.576,300.27,13845.22,4.2236,67.622,,128.45,1157.83,,10.7066,16.5727,3.8619,8.443,1.3922,47.457,4.0022,4.4278,56.818,9.2985,1.4456,34.764,2.9145,33.3579,1.0743,13.0357
2015-04-23,1.0,9.5569,1.3937,1.9558,3.2328,1.317,1.0383,6.6764,27.399,7.4601,105.9381,0.717,8.3484,7.5883,301.57,13947.48,4.2464,68.211,,129.36,1167.64,,10.7115,16.611,3.9067,8.516,1.4259,47.608,4.0185,4.4235,55.2952,9.379,1.4513,34.963,2.9398,33.4431,1.0772,13.2001
2015-04-24,1.0,9.6327,1.3884,1.9558,3.2183,1.3118,1.0338,6.7053,27.454,7.4607,105.9939,0.7159,8.3886,7.6075,301.48,14021.41,4.2478,68.8001,,129.36,1167.1,,10.751,16.6235,3.8686,8.475,1.4305,47.93,4.0131,4.4162,55.4355,9.3816,1.4477,35.232,2.9565,33.3765,1.0824,13.1863
2015-04-27,1.0,9.6372,1.3867,1.9558,3.2023,1.3155,1.0367,6.7311,27.441,7.4608,106.0409,0.7162,8.3877,7.5943,301.21,14057.78,4.2497,68.7926,,129.23,1162.38,,10.751,16.6591,3.8533,8.4345,1.425,47.933,4.0037,4.4173,55.8503,9.3562,1.4435,35.386,2.9414,33.0912,1.0822,13.1046
2015-04-28,1.0,9.7342,1.3752,1.9558,3.1786,1.3188,1.0464,6.7806,27.471,7.4607,106.6695,0.715,8.4696,7.586,301.35,14149.02,4.2577,68.9985,,130.09,1167.18,,10.7905,16.7325,3.8755,8.392,1.4226,48.32,4.0015,4.4026,57.0315,9.3808,1.4433,35.611,2.9161,33.2983,1.0927,13.0108
2015-04-29,1.0,9.7991,1.3762,1.9558,3.2467,1.3262,1.0491,6.8211,27.435,7.4619,107.2279,0.7161,8.5278,7.5763,302.55,14212.78,4.2601,69.7841,,131.2,1179.14,,10.799,16.8221,3.9178,8.385,1.431,48.743,4.012,4.4125,56.785,9.2723,1.4557,36.142,2.9437,33.5295,1.1002,13.0682
2015-04-30,1.0,9.9855,1.4161,1.9558,3.3232,1.348,1.0486,6.9568,27.43,7.4631,108.8462,0.7267,8.6925,7.5715,302.81,14547.71,4.334,71.2153,,133.26,1202.48,,10.8795,17.0894,3.9895,8.3845,1.4727,50.088,4.025,4.4183,57.6465,9.3261,1.4815,36.976,2.9815,34.2654,1.1215,13.2413
2015-05-04,1.0,9.9459,1.4225,1.9558,3.4312,1.3512,1.0431,6.9245,27.364,7.4646,108.749,0.73788,8.646,7.5826,303.42,14521.99,4.3367,70.9961,,134.07,1206.68,,10.8557,17.3313,4.0152,8.463,1.4727,49.803,4.048,4.4275,57.7651,9.334,1.4861,37.158,3.0278,34.2505,1.1152,13.439
2015-05-05,1.0,9.898,1.4119,1.9558,3.4318,1.344,1.0376,6.895,27.362,7.4647,108.5055,0.735,8.6169,7.5878,301.7,14526.52,4.3172,70.5142,,133.92,1204.72,,10.8424,17.1652,4.0166,8.4475,1.4822,49.623,4.0182,4.4308,57.16,9.3284,1.4862,37.131,3.0169,34.1443,1.1117,13.3938
2015-05-06,1.0,9.9986,1.403,1.9558,3.4394,1.3487,1.0374,6.963,27.415,7.4648,109.1861,0.7376,8.7053,7.581,304.55,14662.18,4.3465,71.3554,,134.59,1215.84,,10.8877,17.2044,4.0089,8.413,1.499,50.061,4.0483,4.4432,56.0901,9.3066,1.4899,37.373,3.0405,34.42,1.123,13.5142
2015-05-07,1.0,10.106,1.4186,1.9558,3.4218,1.3645,1.0343,7.0129,27.405,7.4637,109.5464,0.7425,8.7642,7.574,304.56,14853.95,4.3658,72.5279,,134.72,1234.03,,10.9158,17.3362,4.0671,8.3275,1.5108,50.551,4.0461,4.4353,57.055,9.2951,1.5049,37.967,3.0332,34.8138,1.1305,13.5617
2015-05-08,1.0,10.016,1.4181,1.9558,3.406,1.3581,1.0385,6.9639,27.411,7.4639,109.7981,0.728,8.7002,7.5545,303.91,14727.17,4.3375,71.8031,,134.9,1227.08,,10.89,17.1765,4.0362,8.3815,1.5085,50.141,4.0679,4.4508,56.905,9.2945,1.4923,37.597,3.0324,34.4387,1.1221,13.5267
2015-05-11,1.0,9.9602,1.4117,1.9558,3.3277,1.3497,1.0403,6.9194,27.4,7.4628,109.332,0.7196,8.6381,7.562,304.4,14647.3,4.3118,71.135,,133.64,1219.64,,10.862,16.9074,4.0102,8.4245,1.5115,49.83,4.0668,4.4509,57.3713,9.269,1.4871,37.521,3.0042,34.2587,1.1142,13.3584
2015-05-12,1.0,10.0482,1.407,1.9558,3.4514,1.3532,1.0396,6.9822,27.394,7.463,110.1101,0.7164,8.7133,7.58,306.57,14844.94,4.3442,72.2546,,134.85,1231.25,,10.8975,17.3215,4.0609,8.3945,1.5239,50.366,4.1028,4.4655,56.93,9.3147,1.5013,37.939,3.0245,34.5485,1.1239,13.6327
2015-05-13,1.0,10.0264,1.3945,1.9558,3.3684,1.3436,1.041,6.9622,27.45,7.463,110.0782,0.7174,8.6987,7.5591,306.95,14723.46,4.3235,71.8256,,134.31,1229.03,,10.8839,17.1482,4.036,8.357,1.5061,50.12,4.0872,4.4602,55.608,9.3267,1.4916,37.661,2.9744,34.3851,1.1221,13.445
2015-05-14,1.0,10.2218,1.4087,1.9558,3.4572,1.3645,1.0386,7.0812,27.458,7.4646,111.7033,0.7231,8.851,7.5495,307.52,14891.45,4.3618,72.7162,,136.12,1245.36,,10.9569,17.3826,4.0762,8.4328,1.5199,50.839,4.0827,4.458,57.061,9.3907,1.5053,38.241,2.9764,34.8609,1.1419,13.5127
2015-05-15,1.0,10.1379,1.4159,1.9558,3.4119,1.3636,1.0463,7.0278,27.401,7.4652,111.1604,0.7211,8.7803,7.5468,306.67,14878.12,4.3386,72.1159,,135.78,1234.48,,10.934,17.2921,4.0449,8.3745,1.5237,50.365,4.0432,4.4415,56.7475,9.4273,1.5023,38.07,2.9405,34.6344,1.1328,13.4438
2015-05-18,1.0,10.2003,1.4228,1.9558,3.4161,1.3733,1.0482,7.0661,27.401,7.464,111.4239,0.727,8.8283,7.5325,307.55,14967.91,4.3569,72.5115,,136.33,1236.94,,10.9555,17.1188,4.065,8.3815,1.5356,50.596,4.0615,4.4465,56.0016,9.3836,1.5056,37.977,2.9385,34.6816,1.1389,13.5051
2015-05-19,1.0,10.0069,1.4027,1.9558,3.3653,1.3618,1.042,6.9384,27.357,7.459,110.1915,0.72185,8.6668,7.533,305.07,14690.46,4.3132,71.2153,,134.36,1219.29,,10.877,16.9139,4.0207,8.3545,1.5103,49.862,4.0486,4.448,55.2035,9.3133,1.4885,37.375,2.89,34.035,1.118,13.254
2015-05-20,1.0,9.9438,1.407,1.9558,3.3759,1.3578,1.0429,6.8974,27.33,7.4598,109.918,0.7157,8.6193,7.5338,306.5,14609.91,4.305,70.9265,,134.43,1218.25,,10.8545,16.8716,4.018,8.3975,1.5143,49.579,4.0653,4.4458,55.4715,9.2927,1.4851,37.334,2.8845,33.9552,1.1118,13.2281
2015-05-21,1.0,9.981,1.4112,1.9558,3.353,1.36,1.0394,6.898,27.351,7.4577,109.9769,0.7099,8.6322,7.5398,306.97,14620.12,4.3031,70.8201,,134.79,1218.13,,10.861,16.8999,4.0123,8.433,1.5239,49.433,4.0959,4.449,55.2685,9.2613,1.4875,37.203,2.8611,33.8756,1.1133,13.1113
2015-05-22,1.0,10.0165,1.4163,1.9558,3.3931,1.362,1.0417,6.9194,27.395,7.4567,110.2998,0.7138,8.6543,7.539,306.96,14679.48,4.3097,70.8589,,135.01,1218.15,,10.873,17.005,4.0013,8.4135,1.5169,49.804,4.1003,4.4536,55.85,9.2476,1.4848,37.242,2.8945,33.9612,1.1164,13.1543
2015-05-25,1.0,9.88,1.4023,1.9558,3.425,1.3496,1.0349,6.8098,27.372,7.4552,109.0294,0.71,8.51,7.5383,307.71,14471.4,4.269,69.7761,,133.39,1204.41,,10.7621,16.7662,3.9668,8.39,1.5025,48.958,4.1075,4.4539,54.881,9.2425,1.4728,36.882,2.8665,33.479,1.0978,13.1034
2015-05-26,1.0,9.8385,1.402,1.9558,3.4121,1.352,1.0351,6.7785,27.407,7.4549,108.8112,0.7096,8.4706,7.5598,309.17,14436.2,4.2423,69.8445,,134.07,1207.02,,10.7925,16.7097,3.9642,8.3685,1.4981,48.79,4.1391,4.4598,55.0995,9.186,1.4707,36.799,2.8751,33.4026,1.0926,13.1248
2015-05-27,1.0,9.752,1.4089,1.9558,3.4335,1.3531,1.0331,6.7338,27.404,7.4565,108.3479,0.707,8.4222,7.5755,308.8,14361.48,4.2134,69.5788,,134.37,1205.12,,10.7685,16.655,3.9615,8.4255,1.5031,48.586,4.1335,4.448,56.41,9.2708,1.4691,36.777,2.8848,33.3368,1.0863,13.162
2015-05-28,1.0,9.7871,1.4267,1.9558,3.4373,1.3594,1.0344,6.7568,27.463,7.4598,108.4356,0.7124,8.4484,7.5817,308.65,14380.97,4.2277,69.541,,135.36,1208.3,,10.7526,16.7079,3.9797,8.491,1.5213,48.56,4.1289,4.4435,57.1277,9.2617,1.4723,36.909,2.897,33.4109,1.0896,13.2001
2015-05-29,1.0,9.87,1.4338,1.9558,3.4522,1.365,1.0341,6.7994,27.401,7.4597,108.95,0.719,8.5052,7.572,308.9,14512.24,4.2484,69.9893,,135.95,1220.31,,10.7621,16.8433,4.0195,8.536,1.5405,48.949,4.1298,4.4425,57.4638,9.3272,1.4799,37.007,2.9188,33.479,1.097,13.3409
2015-06-01,1.0,9.8585,1.4341,1.9558,3.5066,1.3673,1.0331,6.7807,27.44,7.4588,108.9951,0.71925,8.4871,7.574,309.11,14444.1,4.2342,69.7123,,135.79,1217.13,,10.785,16.8773,4.0368,8.7065,1.5372,48.697,4.1335,4.4425,58.2567,9.3734,1.4795,36.881,2.9297,33.7173,1.0944,13.4116
2015-06-02,1.0,9.9376,1.4342,1.9558,3.4735,1.3784,1.0391,6.8358,27.439,7.459,109.6092,0.7243,8.5539,7.5725,309.29,14570.85,4.2564,70.4047,,137.52,1228.83,,10.823,17.0376,4.0769,8.6755,1.5487,49.29,4.1288,4.4408,58.564,9.381,1.4945,37.255,2.9556,34.0589,1.1029,13.5207
2015-06-03,1.0,10.0265,1.4321,1.9558,3.4937,1.3856,1.0427,6.9026,27.46,7.4597,110.1772,0.7275,8.633,7.5555,311.35,14746.95,4.2932,71.1522,,138.46,1233.44,,10.856,17.2326,4.1079,8.7145,1.5586,49.872,4.1261,4.4288,59.77,9.389,1.5018,37.506,2.9824,34.2993,1.1134,13.6489
2015-06-04,1.0,10.1954,1.4618,1.9558,3.5498,1.4089,1.0551,7.0177,27.467,7.4599,110.7164,0.7354,8.7733,7.5605,312.3,15047.75,4.3416,72.4362,,140.47,1256.92,,10.939,17.5812,4.1867,8.737,1.5834,50.79,4.1692,4.4285,62.1695,9.3396,1.5221,38.171,3.0377,34.9397,1.1317,13.9625
2015-06-05,1.0,10.1181,1.4534,1.9557,3.5189,1.4023,1.0478,6.9596,27.396,7.4603,110.161,0.7317,8.6979,7.5589,311.28,14912.5,4.3118,71.5602,,139.97,1249.74,,10.904,17.4451,4.1766,8.8085,1.5713,50.501,4.1441,4.4545,62.81,9.3417,1.5122,37.829,2.9899,34.6809,1.1218,13.9126
2015-06-08,1.0,10.092,1.4615,1.9558,3.5023,1.3879,1.047,6.9278,27.431,7.4602,109.8167,0.7318,8.6536,7.553,313.95,14900.68,4.3139,71.536,,139.84,1252.08,,10.853,17.4998,4.2075,8.827,1.5776,50.465,4.1551,4.465,62.3147,9.3678,1.5165,37.694,3.0865,34.763,1.1162,14.0463
2015-06-09,1.0,10.1569,1.4606,1.9558,3.4925,1.3889,1.0465,6.981,27.356,7.4603,110.3025,0.7354,8.7211,7.5535,312.28,14997.17,4.3119,71.9645,,139.56,1258.68,,10.914,17.5448,4.2212,8.778,1.5715,50.757,4.1657,4.4708,62.8285,9.3535,1.5196,37.941,3.0758,34.9398,1.1249,13.9876
2015-06-10,1.0,10.1826,1.4571,1.9558,3.4761,1.3801,1.0486,7.0008,27.318,7.4615,110.2349,0.7284,8.7446,7.541,312.27,14984.62,4.3188,72.0444,,138.69,1255.0,,10.925,17.4289,4.2169,8.699,1.5689,50.756,4.15,4.467,61.4818,9.3616,1.5168,37.944,3.0936,34.8706,1.1279,13.9499
2015-06-11,1.0,10.1462,1.4533,1.9558,3.5479,1.3839,1.0523,6.9707,27.318,7.4614,110.1217,0.7266,8.7078,7.566,312.21,14946.03,4.3073,71.8644,,138.95,1252.23,,10.8803,17.4152,4.2062,8.786,1.6042,50.879,4.1405,4.4668,61.3375,9.2558,1.5135,37.911,3.0749,34.7806,1.1232,13.9601
2015-06-12,1.0,10.1334,1.456,1.9558,3.472,1.3804,1.0469,6.9655,27.3,7.4613,110.4462,0.7245,8.699,7.565,312.13,14951.03,4.3175,71.8973,,138.78,1251.48,,10.899,17.3125,4.2106,8.695,1.6083,50.776,4.1497,4.4738,61.81,9.204,1.5126,37.82,3.048,34.6999,1.122,13.9279
2015-06-15,1.0,10.1419,1.4466,1.9558,3.5134,1.3845,1.0512,6.9653,27.279,7.4598,110.2499,0.7234,8.6972,7.5755,313.3,14953.21,4.3107,71.9831,,138.54,1253.5,,10.9079,17.3273,4.2185,8.712,1.6053,50.735,4.1573,4.488,61.506,9.178,1.5107,37.818,3.0738,34.7042,1.1218,13.9372
2015-06-16,1.0,10.1349,1.4482,1.9558,3.515,1.3843,1.0465,6.9651,27.254,7.4573,110.144,0.7182,8.6949,7.576,311.88,14965.3,4.3056,72.1229,,138.42,1256.05,,10.8771,17.3283,4.2107,8.723,1.6058,50.707,4.1448,4.4853,60.889,9.1944,1.5098,37.789,3.0707,34.7028,1.1215,13.9607
2015-06-17,1.0,10.2198,1.4694,1.9558,3.4952,1.3887,1.0451,7.001,27.24,7.4575,110.6845,0.717,8.7445,7.582,311.84,15051.87,4.334,72.3435,,139.78,1263.34,,10.9115,17.3843,4.2356,8.7245,1.6284,50.962,4.1576,4.486,61.0345,9.2185,1.5189,38.015,3.086,34.8558,1.1279,14.0226
2015-06-18,1.0,10.3479,1.457,1.9558,3.4778,1.3867,1.0461,7.0786,27.275,7.4605,111.7497,0.7167,8.8415,7.5753,311.14,15177.38,4.3503,72.6805,,139.94,1258.22,,10.9605,17.3278,4.2231,8.831,1.6399,51.181,4.1667,4.486,61.0685,9.216,1.5186,38.348,3.096,35.0129,1.1404,13.8857
2015-06-19,1.0,10.2314,1.4591,1.9558,3.4665,1.3865,1.0449,7.016,27.211,7.4611,111.2998,0.7134,8.7585,7.5765,312.85,15050.27,4.3247,71.8193,,139.19,1249.77,,10.925,17.3146,4.2298,8.8255,1.6393,50.887,4.1729,4.4875,61.4023,9.2177,1.511,38.066,3.0645,34.7788,1.1299,13.8608
2015-06-22,1.0,10.3135,1.4616,1.9558,3.5089,1.3879,1.0435,7.0446,27.206,7.4615,111.3377,0.7169,8.7944,7.5715,310.83,15080.9,4.3535,72.07,,139.8,1249.02,,10.939,17.3868,4.2345,8.742,1.6484,51.027,4.1625,4.4836,61.168,9.2253,1.5141,38.178,3.0408,34.8893,1.1345,13.791
2015-06-23,1.0,10.1545,1.4538,1.9558,3.4655,1.3825,1.0449,6.9539,27.189,7.4625,110.4859,0.7101,8.6859,7.578,310.24,14878.91,4.2341,71.2742,,138.72,1238.95,,10.8865,17.2284,4.1925,8.7255,1.6381,50.536,4.1697,4.4805,60.9175,9.2071,1.5006,37.819,3.001,34.5606,1.1204,13.6514
2015-06-24,1.0,10.1584,1.4473,1.9558,3.4442,1.3793,1.0449,6.9619,27.206,7.4619,110.811,0.7118,8.6927,7.588,311.11,14917.43,4.2182,71.3016,,138.93,1244.32,,10.889,17.249,4.2182,8.769,1.6297,50.514,4.1671,4.4675,60.9332,9.2118,1.5061,37.875,2.9962,34.6781,1.1213,13.5958
2015-06-25,1.0,10.1616,1.4477,1.9558,3.4689,1.3878,1.0507,6.958,27.235,7.4598,110.7069,0.7126,8.6866,7.5887,311.78,14918.16,4.2249,71.25,,138.52,1245.32,,10.8686,17.3559,4.2107,8.7595,1.6211,50.549,4.1727,4.4555,61.2318,9.2276,1.5032,37.83,2.9845,34.6559,1.1206,13.5625
2015-06-26,1.0,10.18,1.4631,1.9558,3.5157,1.3851,1.0447,6.9553,27.23,7.4608,110.7562,0.7123,8.6842,7.5875,312.66,14925.51,4.2511,71.2458,,138.58,1258.49,,10.868,17.4219,4.2416,8.773,1.6347,50.51,4.1757,4.4575,61.807,9.2641,1.51,37.868,2.9848,34.7287,1.1202,13.6412
2015-06-29,1.0,10.1249,1.4526,1.9558,3.4959,1.3776,1.0376,6.9121,27.246,7.4604,110.3445,0.7085,8.6306,7.5887,314.38,14868.34,4.225,71.0695,,136.81,1249.68,,10.85,17.3959,4.207,8.8065,1.6268,50.301,4.1893,4.4888,61.6025,9.2447,1.5016,37.635,2.9905,34.4458,1.1133,13.6434
2015-06-30,1.0,10.1679,1.455,1.9558,3.4699,1.3839,1.0413,6.9366,27.253,7.4604,110.5738,0.7114,8.674,7.5948,314.93,14938.43,4.2211,71.1873,,137.01,1251.27,,10.872,17.5332,4.2185,8.791,1.6548,50.474,4.1911,4.4725,62.355,9.215,1.5068,37.796,2.9953,34.5644,1.1189,13.6416
2015-07-01,1.0,10.0996,1.4458,1.9558,3.4451,1.3902,1.0457,6.8838,27.246,7.4607,109.8951,0.70905,8.6053,7.5885,314.33,14810.69,4.1963,70.6016,,136.63,1246.87,,10.841,17.4492,4.1756,8.7435,1.6415,50.222,4.1901,4.476,61.5175,9.246,1.4982,37.537,2.9748,34.336,1.11,13.5328
2015-07-02,1.0,10.0661,1.4573,1.9558,3.485,1.3963,1.0507,6.8659,27.265,7.4604,109.8269,0.7103,8.5778,7.5975,314.85,14752.2,4.19,70.2829,,136.82,1245.07,,10.826,17.5086,4.1777,8.795,1.6597,49.987,4.1927,4.4766,61.6618,9.348,1.4963,37.42,2.9925,34.2121,1.1066,13.6706
2015-07-03,1.0,10.1028,1.4747,1.9558,3.4584,1.3961,1.0466,6.8856,27.145,7.4607,109.8063,0.7102,8.6021,7.597,315.48,14792.54,4.1756,70.3917,,136.38,1246.81,,10.838,17.424,4.1937,8.85,1.6581,49.988,4.1955,4.4832,61.8765,9.3726,1.4953,37.482,2.9873,34.2902,1.1096,13.6359
2015-07-06,1.0,10.0189,1.4688,1.9558,3.4659,1.3914,1.0422,6.8337,27.135,7.461,109.3385,0.708,8.5338,7.575,316.13,14700.08,4.1622,69.8398,,135.11,1241.95,,10.7975,17.4537,4.2018,8.9095,1.644,49.651,4.2005,4.4863,62.134,9.3699,1.4876,37.257,2.9622,34.0467,1.1008,13.6731
2015-07-07,1.0,9.9669,1.4722,1.9558,3.4547,1.3925,1.0383,6.7909,27.1,7.4614,108.9695,0.7077,8.4771,7.573,316.18,14576.82,4.1374,69.395,,133.88,1238.42,,10.7685,17.3038,4.1727,8.983,1.6487,49.489,4.1949,4.4813,62.9407,9.3288,1.4841,37.119,2.9327,33.9286,1.0931,13.6408
2015-07-08,1.0,10.035,1.4866,1.9558,3.5334,1.4048,1.0463,6.8449,27.116,7.4621,109.692,0.7173,8.5472,7.5725,317.87,14725.56,4.186,70.1086,,133.88,1249.49,,10.806,17.4455,4.1979,9.07,1.6484,49.818,4.2237,4.4867,62.9475,9.3927,1.4917,37.5,2.9592,34.1804,1.1024,13.7974
2015-07-09,1.0,10.0784,1.4816,1.9558,3.5677,1.4022,1.0504,6.8632,27.11,7.4622,109.849,0.7176,8.5693,7.5668,315.0,14728.14,4.1863,70.0713,,134.3,1249.29,,10.827,17.4211,4.1952,9.0185,1.6399,49.924,4.2132,4.4773,62.8445,9.3627,1.4931,37.5,2.9526,34.2882,1.1054,13.7689
2015-07-10,1.0,10.2065,1.4975,1.9558,3.5626,1.4212,1.0464,6.9452,27.123,7.4627,110.5343,0.7208,8.6697,7.578,311.01,14861.47,4.2125,70.9129,,136.88,1260.38,,10.8775,17.5694,4.2436,8.9005,1.657,50.448,4.1756,4.4446,63.039,9.4101,1.5075,37.951,2.9796,34.6665,1.1185,13.8826
2015-07-13,1.0,10.0864,1.4874,1.9558,3.5091,1.4055,1.0478,6.8597,27.102,7.4624,109.6727,0.7115,8.5653,7.575,310.9,14694.28,4.1794,70.2075,,136.3,1252.35,,10.8233,17.4077,4.2059,8.9035,1.647,49.874,4.1469,4.4289,62.692,9.3884,1.4955,37.599,2.9391,34.2998,1.1049,13.7985
2015-07-14,1.0,10.0663,1.4828,1.9558,3.4515,1.4076,1.0422,6.8478,27.08,7.4625,109.7056,0.7084,8.55,7.5767,310.9,14706.09,4.1558,69.8704,,136.02,1259.33,,10.819,17.3076,4.1912,8.9925,1.6468,49.886,4.15,4.4235,62.5347,9.408,1.5002,37.536,2.9086,34.2745,1.1031,13.6795
2015-07-15,1.0,10.0529,1.4753,1.9558,3.4606,1.403,1.0439,6.8357,27.078,7.4629,109.567,0.7045,8.533,7.578,310.77,14681.95,4.1438,69.8218,,135.95,1258.96,,10.8085,17.2346,4.1867,8.9405,1.6445,49.818,4.129,4.4238,62.415,9.357,1.4999,37.514,2.9112,34.1539,1.1009,13.5986
2015-07-16,1.0,9.9221,1.4713,1.9558,3.4219,1.407,1.0407,6.7496,27.116,7.4617,108.7869,0.6981,8.4229,7.5915,309.15,14548.21,4.1202,69.0173,,134.9,1248.24,,10.768,17.1981,4.1311,8.858,1.6674,49.165,4.1084,4.4274,61.9145,9.2787,1.4854,37.187,2.884,33.814,1.0867,13.4938
2015-07-17,1.0,9.9417,1.4712,1.9558,3.4455,1.4132,1.0431,6.7615,27.054,7.4621,109.0889,0.6983,8.4394,7.6,308.84,14529.02,4.1358,69.1166,,135.01,1249.02,,10.7514,17.2141,4.1343,8.8805,1.6619,49.212,4.1053,4.419,61.917,9.3435,1.487,37.189,2.8862,33.8505,1.0889,13.4191
2015-07-20,1.0,9.9053,1.4703,1.9558,3.4666,1.4091,1.0443,6.7378,27.072,7.4615,108.8258,0.6971,8.4117,7.597,309.26,14561.06,4.1532,69.0785,,134.83,1254.49,,10.7376,17.2628,4.1349,8.8955,1.6486,49.18,4.1173,4.4149,61.8838,9.3443,1.4895,37.363,2.9189,33.9033,1.0852,13.4684
2015-07-21,1.0,9.9609,1.4746,1.9558,3.468,1.4118,1.044,6.7479,27.072,7.4618,108.7335,0.6987,8.4229,7.592,309.0,14535.28,4.1392,69.125,,135.17,1252.96,,10.7685,17.3622,4.1309,8.9165,1.646,49.119,4.1138,4.4175,61.9215,9.3683,1.4841,37.469,2.9222,33.9136,1.0867,13.4696
2015-07-22,1.0,10.0066,1.4765,1.9558,3.4816,1.4167,1.0482,6.7695,27.068,7.4616,108.8468,0.6982,8.4498,7.588,308.33,14621.13,4.161,69.3814,,134.98,1257.5,,10.771,17.5173,4.1359,8.899,1.6562,49.26,4.1208,4.4198,62.3115,9.3836,1.4889,37.795,2.966,34.0373,1.0902,13.4922
2015-07-23,1.0,10.084,1.4844,1.9558,3.5932,1.4271,1.0517,6.8299,27.039,7.4614,109.4189,0.7044,8.5255,7.583,309.6,14758.12,4.2047,70.1379,,136.15,1274.7,,10.805,17.6836,4.1846,8.963,1.6477,49.873,4.1229,4.4235,63.174,9.4322,1.5029,38.215,2.9975,34.3441,1.0999,13.6702
2015-07-24,1.0,10.0359,1.5058,1.9558,3.6466,1.432,1.0512,6.7918,27.042,7.4615,109.1112,0.7069,8.4793,7.583,311.19,14742.32,4.1926,70.1404,,135.7,1284.37,,10.7815,17.8076,4.1844,8.9955,1.667,49.839,4.1286,4.4211,63.919,9.4263,1.5039,38.233,3.0085,34.4641,1.0939,13.8192
2015-07-27,1.0,10.1558,1.5184,1.9558,3.7354,1.4409,1.0595,6.8668,27.029,7.4615,109.7873,0.7127,8.5708,7.5965,310.02,14924.55,4.2071,70.9592,,136.23,1293.39,,10.8305,18.0555,4.2242,9.042,1.6741,50.356,4.1285,4.418,65.8165,9.453,1.5152,38.585,3.0679,35.0299,1.1058,14.0287
2015-07-28,1.0,10.1343,1.5089,1.9558,3.6916,1.4348,1.0659,6.8459,27.023,7.4615,109.4878,0.7074,8.5457,7.591,309.88,14823.65,4.1649,70.4663,,136.46,1283.83,,10.8155,17.8941,4.206,9.0215,1.6545,50.163,4.1216,4.4149,66.377,9.4537,1.5073,38.477,3.0315,34.7625,1.1025,13.8491
2015-07-29,1.0,10.1148,1.5101,1.9558,3.7163,1.4289,1.0622,6.8486,27.066,7.4614,109.4859,0.7053,8.5494,7.598,309.29,14850.85,4.1708,70.4872,,136.5,1277.13,,10.819,17.9695,4.2028,8.9975,1.6531,50.196,4.1392,4.4223,65.694,9.4766,1.5075,38.552,3.0434,34.6706,1.103,13.8317
2015-07-30,1.0,10.0574,1.5065,1.9558,3.6735,1.422,1.0633,6.8027,27.053,7.4609,108.827,0.701,8.492,7.5955,308.93,14778.97,4.142,70.1571,,136.25,1285.21,,10.7875,17.9459,4.1837,8.943,1.6577,50.1,4.1426,4.4083,65.3858,9.4714,1.5053,38.436,3.0472,34.5886,1.0955,13.8962
2015-07-31,1.0,10.0889,1.514,1.9558,3.6974,1.431,1.0565,6.8102,27.031,7.4615,108.9964,0.7041,8.5032,7.592,308.3,14866.29,4.144,70.3382,,136.34,1287.41,,10.7935,17.7473,4.2015,9.0015,1.6769,50.146,4.1435,4.4048,66.8596,9.4622,1.5082,38.571,3.0485,34.7571,1.0967,13.921
2015-08-03,1.0,10.0815,1.5071,1.9558,3.7824,1.4404,1.0598,6.8002,27.041,7.4615,108.8744,0.7028,8.4903,7.5905,307.89,14790.19,4.1316,70.1343,,136.07,1281.97,,10.7866,17.6897,4.2181,9.0005,1.6618,50.078,4.1498,4.405,68.5891,9.4865,1.5087,38.419,3.043,34.7293,1.0951,13.9277
2015-08-04,1.0,10.1051,1.4831,1.9558,3.7718,1.4408,1.064,6.8143,27.055,7.4616,108.9726,0.70275,8.5084,7.583,308.1,14790.33,4.1612,69.9556,,136.07,1274.78,,10.7945,17.6781,4.2271,9.0015,1.663,50.074,4.1498,4.4095,68.883,9.445,1.5104,38.448,3.043,34.6423,1.0973,13.8875
2015-08-05,1.0,10.02,1.4755,1.9558,3.7721,1.4334,1.0658,6.758,27.037,7.4617,108.3991,0.6963,8.4386,7.58,309.3,14707.43,4.1425,69.3846,,135.23,1273.24,,10.7623,17.7295,4.2202,8.9955,1.6641,49.758,4.1697,4.4145,68.584,9.4776,1.5057,38.346,3.0247,34.471,1.0883,13.8983
2015-08-06,1.0,10.0246,1.4849,1.9558,3.8273,1.4333,1.0713,6.7593,27.029,7.4614,109.5612,0.7014,8.4401,7.566,310.45,14724.55,4.1451,69.4082,,135.94,1270.42,,10.765,17.8345,4.2588,9.026,1.6665,49.83,4.1846,4.4125,69.853,9.5365,1.508,38.283,3.0316,34.4777,1.0885,13.8905
2015-08-07,1.0,10.0793,1.4809,1.9558,3.8579,1.4313,1.0738,6.794,27.024,7.462,110.3555,0.7051,8.4811,7.5515,310.35,14809.32,4.1737,69.82,,136.43,1272.46,,10.7828,17.818,4.296,9.041,1.6647,50.04,4.1853,4.4115,70.2133,9.5744,1.5136,38.46,3.0512,34.6212,1.0941,13.8948
2015-08-10,1.0,10.1233,1.4884,1.9558,3.8559,1.4392,1.08,6.8058,27.034,7.4619,110.8622,0.7071,8.4968,7.531,311.27,14823.56,4.1754,70.0028,,136.67,1275.09,,10.7905,17.7623,4.3144,9.026,1.6668,50.213,4.1968,4.4118,70.41,9.5958,1.5191,38.513,3.0591,34.6747,1.096,13.9475
2015-08-11,1.0,10.1925,1.5092,1.9558,3.8366,1.4454,1.0859,6.9923,27.026,7.4623,111.6663,0.7088,8.5743,7.5415,312.25,15073.49,4.221,70.9786,,137.99,1304.4,,10.8254,17.9843,4.3927,9.0835,1.6866,50.925,4.1973,4.4151,70.8091,9.5853,1.5465,39.013,3.0596,35.6181,1.1055,14.063
2015-08-12,1.0,10.2912,1.5128,1.9558,3.8597,1.4467,1.0864,7.1234,27.021,7.4624,113.5773,0.7149,8.65,7.5645,311.21,15334.84,4.2518,72.194,,138.45,1310.33,,10.865,18.0895,4.5061,9.076,1.6847,51.495,4.1889,4.4132,72.1582,9.5815,1.5652,39.321,3.0965,35.755,1.1155,14.2173
2015-08-13,1.0,10.2566,1.5121,1.9558,3.8793,1.4455,1.0849,7.1078,27.024,7.4631,115.2887,0.7106,8.612,7.5475,310.67,15368.89,4.2264,72.463,,138.23,1309.14,,10.8495,18.0982,4.4555,9.0745,1.6895,51.312,4.1882,4.41,71.429,9.452,1.5539,39.19,3.0993,35.763,1.1109,14.2205
2015-08-14,1.0,10.3183,1.5122,1.9558,3.91,1.4571,1.0875,7.1396,27.028,7.4633,117.2493,0.7145,8.664,7.5435,310.69,15387.8,4.2187,72.6199,,138.7,1314.78,,10.8705,18.326,4.5583,9.1375,1.7033,51.557,4.1862,4.4257,72.4516,9.4308,1.5667,39.322,3.1652,35.8989,1.1171,14.2927
2015-08-17,1.0,10.257,1.5096,1.9558,3.8851,1.4581,1.0841,7.0983,27.021,7.4633,117.0178,0.7105,8.6077,7.5566,310.01,15393.34,4.227,72.4997,,138.22,1316.04,,10.8459,18.29,4.553,9.1585,1.6927,51.403,4.1708,4.43,72.6325,9.445,1.5644,39.264,3.1725,35.9946,1.11,14.334
2015-08-18,1.0,10.2476,1.5065,1.9558,3.8564,1.4494,1.0798,7.072,27.021,7.4633,116.6362,0.7042,8.5764,7.5585,309.01,15277.87,4.248,72.2384,,137.44,1307.94,,10.829,18.186,4.524,9.1555,1.68,51.161,4.1626,4.4211,72.681,9.4282,1.5514,39.308,3.1954,35.8733,1.106,14.2847
2015-08-19,1.0,10.2103,1.5026,1.9558,3.8404,1.4431,1.0755,7.0614,27.022,7.4633,116.6325,0.7049,8.5594,7.55,309.82,15283.36,4.2825,72.0687,,137.31,1308.79,,10.8215,18.1282,4.529,9.168,1.6789,51.138,4.1731,4.4331,72.558,9.4604,1.5505,39.3,3.2243,35.8729,1.1041,14.2438
2015-08-20,1.0,10.365,1.5287,1.9558,3.919,1.4679,1.0772,7.1449,27.023,7.4627,117.745,0.7138,8.6695,7.5493,312.38,15554.86,4.3449,73.3046,,138.5,1332.53,,10.8745,18.7203,4.592,9.2325,1.6898,52.143,4.1904,4.4357,75.3275,9.5014,1.5702,39.854,3.3105,36.4436,1.1183,14.4775
2015-08-21,1.0,10.4438,1.5384,1.9558,3.9161,1.4787,1.0765,7.2064,27.021,7.4629,118.3563,0.7198,8.7441,7.559,312.77,15725.28,4.3741,74.3454,,138.4,1346.41,,10.9125,18.9972,4.6915,9.2745,1.6936,52.653,4.2038,4.4295,77.0944,9.5314,1.5852,40.191,3.3039,36.7986,1.1281,14.5991
2015-08-24,1.0,10.6543,1.5903,1.9558,4.0935,1.5236,1.0777,7.3636,27.068,7.4633,120.3347,0.7302,8.9137,7.5603,315.23,16151.96,4.4654,76.7681,,137.8,1389.25,,10.9936,19.6875,4.9063,9.369,1.7527,53.867,4.2428,4.4458,81.442,9.5035,1.6275,41.121,3.397,37.9805,1.1497,15.2533
2015-08-25,1.0,10.6664,1.5937,1.9558,4.0621,1.5181,1.0834,7.3786,27.109,7.4635,120.6494,0.729,8.9182,7.5553,312.31,16146.48,4.442,76.0504,,137.84,1356.95,,10.9985,19.5343,4.8489,9.3885,1.7596,53.624,4.2242,4.4328,79.655,9.5653,1.6084,40.888,3.3606,37.2524,1.1506,15.0211
2015-08-26,1.0,10.5779,1.5963,1.9558,4.0954,1.5125,1.0778,7.3079,27.085,7.4637,119.8884,0.7314,8.8383,7.562,315.54,16085.51,4.472,75.475,,136.46,1353.57,,10.971,19.3982,4.8413,9.502,1.7558,53.208,4.231,4.4353,79.3846,9.6557,1.6006,40.671,3.337,36.9996,1.1402,14.8996
2015-08-27,1.0,10.4749,1.579,1.9558,4.0435,1.4924,1.0771,7.2281,27.098,7.4627,119.1504,0.7312,8.7452,7.5495,315.15,15796.18,4.4255,74.5252,,135.62,1330.87,,10.9165,19.1585,4.7752,9.4025,1.7469,52.668,4.2357,4.4391,76.0,9.5701,1.5793,40.222,3.296,36.4482,1.1284,14.8012
2015-08-28,1.0,10.4672,1.5789,1.9558,4.0171,1.4954,1.0807,7.1998,27.048,7.463,119.3926,0.7321,8.7327,7.561,314.8,15794.75,4.418,74.5519,,136.16,1327.2,,10.9108,19.0764,4.7165,9.34,1.7477,52.631,4.2405,4.4313,75.5398,9.4953,1.5844,40.439,3.2921,36.4539,1.1268,14.9146
2015-08-31,1.0,10.429,1.5753,1.9558,4.0671,1.4863,1.0825,7.1579,27.021,7.4629,118.7784,0.72753,8.692,7.553,314.7,15769.29,4.4094,74.4698,,136.07,1326.96,,10.8875,18.913,4.6998,9.3585,1.7536,52.487,4.2289,4.4307,74.8581,9.5032,1.5842,40.2,3.2731,36.4524,1.1215,14.9546
2015-09-01,1.0,10.448,1.5956,1.9558,4.1066,1.4856,1.0825,7.1514,27.022,7.4634,118.8509,0.7328,8.7079,7.552,314.5,15856.11,4.4135,74.5056,,134.87,1321.48,,10.9075,18.9495,4.7,9.356,1.7749,52.515,4.2375,4.4407,72.9868,9.4954,1.5869,40.165,3.2845,36.4634,1.1236,15.0403
2015-09-02,1.0,10.4813,1.6061,1.9558,4.1992,1.4919,1.0867,7.1537,27.023,7.4632,119.1127,0.7369,8.7226,7.5535,313.95,15920.1,4.4248,74.5011,,135.21,1332.76,,10.906,19.0198,4.7391,9.3015,1.7766,52.647,4.2359,4.4403,75.8536,9.4968,1.5938,40.25,3.3126,36.611,1.1255,15.148
2015-09-03,1.0,10.4532,1.6035,1.9558,4.2672,1.4893,1.0903,7.137,27.022,7.4615,118.8782,0.7345,8.7026,7.5585,314.2,15951.04,4.4354,74.3837,,134.98,1338.03,,10.8951,18.9809,4.7613,9.273,1.7679,52.579,4.233,4.4305,75.5386,9.3907,1.5901,40.295,3.335,36.5689,1.1229,15.2883
2015-09-04,1.0,10.3789,1.5948,1.9558,4.2066,1.4736,1.0839,7.0792,27.03,7.4604,118.3944,0.7315,8.6321,7.559,313.55,15787.71,4.3595,74.0625,,132.82,1323.93,,10.8604,18.7826,4.7325,9.2165,1.7478,52.076,4.2281,4.4308,75.1586,9.4147,1.58,39.919,3.3167,36.2312,1.1138,15.1744
2015-09-07,1.0,10.3957,1.6062,1.9558,4.2798,1.4802,1.0871,7.0954,27.026,7.4614,118.3753,0.73035,8.6382,7.5565,314.03,15948.73,4.3855,74.5187,,133.09,1339.65,,10.8665,18.8887,4.8327,9.2645,1.7801,52.366,4.2298,4.4343,76.1067,9.4197,1.5901,40.253,3.3717,36.5072,1.1146,15.5102
2015-09-08,1.0,10.3913,1.5976,1.9558,4.2346,1.4757,1.092,7.1075,27.047,7.4615,118.5242,0.7244,8.6514,7.5605,314.22,15934.91,4.3763,74.23,,133.82,1334.07,,10.875,18.8117,4.8435,9.2245,1.7747,52.335,4.2268,4.4263,76.0808,9.4188,1.5847,40.285,3.3633,36.4086,1.1162,15.421
2015-09-09,1.0,10.395,1.586,1.9558,4.234,1.4757,1.0893,7.1047,27.057,7.4611,118.338,0.7251,8.6334,7.551,313.17,15869.33,4.324,73.9755,,134.65,1325.47,,10.867,18.6895,4.8043,9.2,1.7461,52.258,4.2067,4.4174,75.7811,9.4024,1.5782,40.193,3.3633,36.2264,1.1139,15.2276
2015-09-10,1.0,10.4494,1.5831,1.9558,4.3489,1.4822,1.0923,7.1329,27.038,7.4611,118.7055,0.72655,8.6685,7.552,314.51,15992.53,4.3675,74.3061,,135.38,1327.1,,10.885,18.9163,4.8238,9.176,1.7775,52.388,4.2125,4.4228,76.3445,9.4001,1.5837,40.387,3.4067,36.2701,1.1185,15.4986
2015-09-11,1.0,10.5445,1.5955,1.9558,4.3272,1.4945,1.1031,7.1832,27.074,7.4608,118.8483,0.7306,8.7327,7.55,314.74,16114.26,4.3532,74.8967,,136.02,1333.25,,10.914,18.8722,4.8642,9.271,1.7914,52.755,4.208,4.4189,76.606,9.3709,1.5948,40.734,3.4302,36.6516,1.1268,15.2887
2015-09-14,1.0,10.5751,1.5874,1.9558,4.3678,1.4983,1.0979,7.2008,27.116,7.4604,119.2662,0.7334,8.7615,7.547,313.33,16212.39,4.395,75.022,,136.04,1335.76,,10.929,18.9743,4.8666,9.257,1.7905,52.889,4.2097,4.4175,76.4851,9.335,1.5919,40.743,3.4695,36.7438,1.1305,15.3545
2015-09-15,1.0,10.5931,1.5885,1.9558,4.3486,1.4984,1.0971,7.2107,27.088,7.4609,119.4509,0.7346,8.7731,7.5623,312.48,16325.95,4.3831,75.1238,,135.44,1335.54,,10.9325,18.9457,4.8587,9.2565,1.7877,52.887,4.2011,4.4207,75.4818,9.3277,1.5849,40.695,3.4298,36.7675,1.132,15.2568
2015-09-16,1.0,10.5224,1.5677,1.9558,4.3134,1.4877,1.0943,7.1531,27.065,7.461,118.8027,0.72665,8.7021,7.574,311.82,16204.0,4.3565,74.6213,,135.45,1319.08,,10.897,18.6879,4.7531,9.2385,1.7701,52.356,4.197,4.4265,73.8232,9.3251,1.5726,40.387,3.3706,36.4628,1.1228,15.0
2015-09-17,1.0,10.61,1.5776,1.9558,4.3696,1.4925,1.095,7.2016,27.112,7.4619,119.3321,0.72865,8.767,7.6075,310.99,16379.05,4.3896,74.942,,136.76,1315.48,,10.93,18.7496,4.7771,9.2165,1.7821,52.548,4.2036,4.4253,74.5206,9.3317,1.5818,40.437,3.4138,36.682,1.1312,15.1419
2015-09-18,1.0,10.7094,1.5709,1.9558,4.437,1.4876,1.0913,7.2674,27.071,7.4612,120.3377,0.7298,8.8498,7.6305,309.81,16399.84,4.4277,74.9929,,136.31,1329.0,,10.968,18.7957,4.8053,9.237,1.7703,52.878,4.203,4.4187,75.1599,9.3248,1.5886,40.596,3.4253,36.8362,1.1419,15.0962
2015-09-21,1.0,10.582,1.5693,1.9558,4.4529,1.4831,1.0906,7.1643,27.053,7.4608,118.8188,0.7243,8.7188,7.6363,310.12,16280.28,4.4085,73.9297,,135.5,1325.46,,10.907,18.6722,4.7931,9.2205,1.7696,52.274,4.1866,4.421,74.1125,9.33,1.5843,40.269,3.3612,36.7177,1.125,15.0071
2015-09-22,1.0,10.4885,1.5732,1.9558,4.4809,1.4804,1.086,7.1129,27.057,7.4602,118.4498,0.7223,8.6451,7.6235,310.55,16257.25,4.3864,73.5068,,133.75,1322.15,,10.8825,18.7248,4.8017,9.2145,1.7715,52.041,4.197,4.4225,73.979,9.3412,1.5817,40.164,3.3881,36.6415,1.1155,15.2542
2015-09-23,1.0,10.472,1.5813,1.9558,4.4794,1.479,1.0882,7.1165,27.09,7.4599,118.2274,0.7297,8.6414,7.5833,310.91,16297.4,4.406,73.569,,134.03,1328.24,,10.8702,18.7989,4.8471,9.237,1.7712,52.174,4.2036,4.4183,73.6019,9.3798,1.585,40.286,3.373,36.5317,1.115,15.2287
2015-09-24,1.0,10.5607,1.6147,1.9558,4.7304,1.5039,1.0928,7.1743,27.162,7.4612,119.2143,0.7387,8.7119,7.625,314.21,16584.1,4.4376,74.4594,,134.48,1344.25,,10.9056,19.4059,4.8862,9.463,1.7857,52.84,4.23,4.4178,74.7945,9.4292,1.6054,40.85,3.437,37.3342,1.1241,15.7352
2015-09-25,1.0,10.4792,1.5895,1.9558,4.3383,1.4845,1.0922,7.1082,27.193,7.4597,118.4443,0.73475,8.642,7.6405,315.46,16341.76,4.3807,73.7709,,134.92,1326.92,,10.8704,18.6723,4.8912,9.513,1.7578,52.126,4.2218,4.4111,73.2,9.3917,1.586,40.322,3.3767,36.7932,1.1151,15.3184
2015-09-28,1.0,10.5194,1.5967,1.9558,4.4787,1.4921,1.0941,7.1099,27.22,7.4597,118.6091,0.7352,8.6569,7.636,315.43,16419.85,4.4024,73.8391,,134.13,1334.11,,10.878,19.0756,4.941,9.582,1.7585,52.271,4.2343,4.4173,73.3737,9.4527,1.596,40.603,3.4137,37.0803,1.117,15.6728
2015-09-29,1.0,10.5496,1.6009,1.9558,4.5834,1.5,1.0901,7.1316,27.208,7.4607,118.7318,0.7391,8.6831,7.6535,313.75,16442.26,4.4048,73.9411,,134.38,1338.63,,10.89,19.016,4.9835,9.522,1.7616,52.48,4.2356,4.4223,73.4567,9.4462,1.6004,40.832,3.403,37.0437,1.1204,15.5812
2015-09-30,1.0,10.5577,1.5939,1.9558,4.4808,1.5034,1.0915,7.1206,27.187,7.4598,118.7229,0.7385,8.6824,7.6445,313.45,16347.81,4.4001,73.4805,,134.69,1328.27,,10.8904,18.9768,4.9237,9.5245,1.7568,52.347,4.2448,4.4176,73.2416,9.4083,1.5921,40.712,3.3903,36.8341,1.1203,15.4984
2015-10-01,1.0,10.5125,1.5777,1.9558,4.4023,1.4799,1.0903,7.0901,27.173,7.4605,118.5025,0.7367,8.6436,7.64,312.8,16360.31,4.3856,73.0661,,133.56,1314.36,,10.8715,18.8045,4.9148,9.4565,1.7332,52.147,4.2459,4.4159,73.0745,9.3754,1.5916,40.63,3.3796,36.5946,1.1153,15.4495
2015-10-02,1.0,10.5211,1.587,1.9558,4.468,1.4775,1.0923,7.0945,27.163,7.4598,118.6283,0.7358,8.6491,7.639,312.97,16350.64,4.3806,73.112,,134.24,1318.86,,10.873,18.8107,4.9271,9.4125,1.7409,52.153,4.2452,4.4138,74.0858,9.3412,1.5996,40.846,3.3774,36.7544,1.116,15.5101
2015-10-05,1.0,10.5888,1.5853,1.9558,4.4059,1.4735,1.0938,7.1417,27.122,7.4605,118.6803,0.7402,8.708,7.6263,311.9,16204.96,4.3394,73.3711,,135.07,1304.86,,10.901,18.7147,4.909,9.387,1.7272,52.193,4.2449,4.4168,73.155,9.3513,1.5984,40.854,3.3649,36.4809,1.1236,15.2697
2015-10-06,1.0,10.5857,1.5781,1.9558,4.4209,1.4701,1.0936,7.1358,27.109,7.4612,118.8416,0.7399,8.6987,7.6135,313.58,15970.48,4.3423,73.3854,,135.07,1311.31,,10.8972,18.8647,4.8962,9.3765,1.7293,52.091,4.2487,4.4186,72.6872,9.3121,1.5986,40.768,3.3576,36.6167,1.1224,15.3607
2015-10-07,1.0,10.6258,1.5586,1.9558,4.3238,1.4649,1.0882,7.1621,27.099,7.4615,119.1657,0.7358,8.7312,7.6095,312.17,15492.07,4.3375,73.114,,135.3,1299.71,,10.9126,18.6678,4.74,9.258,1.6966,51.829,4.23,4.4174,69.9561,9.2924,1.587,40.401,3.2997,36.4857,1.1266,15.069
2015-10-08,1.0,10.5611,1.5664,1.9558,4.3574,1.4683,1.0935,7.1507,27.117,7.4611,118.8893,0.7366,8.722,7.6135,312.17,15619.12,4.3431,73.2592,,134.92,1305.49,,10.9068,18.6929,4.75,9.2185,1.705,51.923,4.2321,4.4162,70.3304,9.279,1.589,40.5,3.3012,36.6493,1.1254,15.1556
2015-10-09,1.0,10.6785,1.5502,1.9558,4.2601,1.4698,1.0919,7.2094,27.109,7.4599,120.0395,0.7407,8.8057,7.629,311.59,15346.5,4.345,73.6258,,136.65,1298.05,,10.946,18.6271,4.6919,9.1895,1.6964,51.945,4.217,4.415,69.364,9.2683,1.5855,40.392,3.2973,36.6357,1.1362,15.0674
2015-10-12,1.0,10.7297,1.5429,1.9558,4.2818,1.4702,1.0928,7.1917,27.108,7.4604,119.6251,0.7401,8.8141,7.6265,310.86,15285.16,4.3623,73.643,,136.61,1298.28,,10.9534,18.6802,4.717,9.158,1.6905,52.007,4.2246,4.413,69.4822,9.3017,1.5897,40.204,3.3177,36.7258,1.1373,15.0949
2015-10-13,1.0,10.6872,1.5585,1.9558,4.3271,1.484,1.091,7.2123,27.131,7.4608,119.7128,0.748,8.8149,7.6165,311.53,15511.63,4.3961,74.1414,,136.16,1308.93,,10.9622,18.8763,4.7735,9.269,1.6974,52.384,4.2391,4.4163,71.4085,9.256,1.5929,40.532,3.36,36.9829,1.1374,15.306
2015-10-14,1.0,10.8047,1.5722,1.9558,4.4198,1.4816,1.0901,7.2435,27.113,7.4612,120.1382,0.7418,8.8429,7.628,311.04,15534.04,4.3949,74.1465,,136.48,1308.96,,10.975,18.8927,4.8055,9.24,1.6938,52.447,4.2378,4.4145,71.975,9.2716,1.5815,40.533,3.35,37.1212,1.141,15.3094
2015-10-15,1.0,10.8224,1.5612,1.9558,4.3425,1.4756,1.0873,7.2583,27.084,7.4612,120.3147,0.7397,8.8652,7.62,309.39,15389.36,4.3703,74.1533,,135.23,1282.89,,10.9748,18.7577,4.7166,9.217,1.6683,52.341,4.2291,4.4176,71.0735,9.3274,1.5752,40.217,3.2975,36.5005,1.1439,14.9957
2015-10-16,1.0,10.7646,1.5654,1.9558,4.3792,1.4685,1.0809,7.2159,27.081,7.4597,119.9104,0.7356,8.8041,7.6285,309.68,15359.84,4.3526,73.6891,,135.25,1284.8,,10.9545,18.7145,4.7462,9.2005,1.6737,52.25,4.2383,4.4167,70.264,9.3557,1.5714,40.108,3.2972,36.6387,1.136,14.9339
2015-10-19,1.0,10.7551,1.5581,1.9558,4.4185,1.4671,1.0834,7.2082,27.083,7.4592,119.6488,0.7317,8.7832,7.6265,309.51,15439.68,4.3611,73.4435,,135.29,1280.57,,10.9455,18.636,4.7695,9.185,1.6668,52.243,4.2367,4.4183,70.3984,9.394,1.5685,40.073,3.2849,36.6586,1.1333,14.9509
2015-10-20,1.0,10.7923,1.5612,1.9558,4.3898,1.4788,1.0823,7.2201,27.08,7.4597,119.6852,0.7352,8.8141,7.6267,310.33,15565.42,4.3955,73.9899,,136.16,1283.93,,10.9615,18.7711,4.8534,9.2355,1.6664,52.741,4.2466,4.4252,70.609,9.4235,1.5791,40.268,3.2882,36.7969,1.1373,15.0119
2015-10-21,1.0,10.7454,1.5707,1.9558,4.4577,1.4764,1.0864,7.2088,27.079,7.4596,119.747,0.7349,8.7995,7.6165,311.25,15610.11,4.3824,73.9444,,136.3,1292.65,,10.9488,18.9044,4.8669,9.2625,1.6869,52.73,4.2757,4.4315,71.3405,9.4219,1.5815,40.375,3.2989,36.8181,1.1354,15.2444
2015-10-22,1.0,10.7564,1.5692,1.9558,4.4791,1.4847,1.0886,7.1929,27.069,7.4596,119.3391,0.7314,8.7677,7.621,311.12,15402.12,4.3611,73.6774,,135.49,1284.93,,10.9315,18.7683,4.8463,9.274,1.6704,52.643,4.2849,4.43,70.7525,9.4207,1.5744,40.267,3.2683,36.6741,1.1313,15.3007
2015-10-23,1.0,10.5396,1.525,1.9558,4.3168,1.4483,1.0793,7.039,27.074,7.4597,118.1521,0.71955,8.5901,7.6243,309.95,15057.7,4.3146,71.8562,,133.8,1249.33,,10.8518,18.2027,4.6862,9.2525,1.6306,51.565,4.2529,4.4269,68.5882,9.4079,1.5408,39.254,3.1868,35.9104,1.1084,14.9007
2015-10-26,1.0,10.4782,1.5182,1.9558,4.2481,1.4482,1.0823,6.9943,27.088,7.4603,117.3539,0.7184,8.5335,7.6265,310.17,14989.96,4.2776,71.4685,,133.26,1247.38,,10.8187,18.1891,4.6521,9.226,1.6244,51.308,4.2678,4.4367,68.803,9.3814,1.5347,39.034,3.1774,35.6136,1.1011,14.943
2015-10-27,1.0,10.5303,1.5299,1.9558,4.3377,1.4622,1.088,7.0265,27.098,7.46,117.8342,0.7214,8.5724,7.6225,312.85,15099.05,4.2755,71.8563,,133.06,1257.44,,10.8433,18.3502,4.728,9.363,1.6261,51.789,4.2919,4.437,71.6121,9.4065,1.5422,39.27,3.2185,35.8607,1.1061,15.201
2015-10-28,1.0,10.5272,1.5539,1.9558,4.3062,1.4643,1.0899,7.0484,27.134,7.4599,118.0524,0.7248,8.5909,7.6125,311.78,15003.98,4.2916,72.0535,,133.38,1254.8,,10.8466,18.3058,4.7338,9.42,1.6505,51.898,4.2936,4.433,71.275,9.3358,1.5448,39.318,3.2047,36.0281,1.1085,15.0531
2015-10-29,1.0,10.4063,1.5446,1.9558,4.3022,1.4411,1.0851,6.946,27.113,7.4576,116.8474,0.7167,8.4709,7.605,311.45,14953.22,4.2436,71.4429,,132.3,1251.76,,10.7884,18.1941,4.7414,9.367,1.636,51.42,4.2699,4.4343,70.0745,9.3574,1.5374,38.991,3.21,35.6427,1.093,15.1247
2015-10-30,1.0,10.482,1.5544,1.9558,4.2724,1.4515,1.09,6.9703,27.09,7.4578,117.683,0.7182,8.5382,7.586,309.9,15070.66,4.2589,72.0155,,132.88,1253.98,,10.8194,18.2497,4.735,9.393,1.6369,51.492,4.2644,4.435,70.569,9.3866,1.5445,39.194,3.2128,35.723,1.1017,15.2222
2015-11-02,1.0,10.4839,1.5457,1.9558,4.2724,1.445,1.0885,6.9914,27.097,7.4585,117.4886,0.7132,8.55,7.5855,312.19,15062.24,4.2679,72.3534,,133.02,1254.62,,10.8277,18.2111,4.7441,9.337,1.6356,51.713,4.2532,4.4383,70.7262,9.3843,1.5466,39.276,3.095,35.8847,1.1032,15.1851
2015-11-03,1.0,10.4655,1.5301,1.9558,4.1813,1.4406,1.0869,6.9545,27.1,7.4587,117.1992,0.71315,8.5065,7.586,313.48,14936.68,4.2544,72.1429,,132.65,1245.49,,10.8025,18.0939,4.7104,9.341,1.6364,51.495,4.254,4.4345,69.5445,9.3935,1.5363,39.048,3.1222,35.6353,1.0976,15.2542
2015-11-04,1.0,10.4252,1.521,1.9558,4.1035,1.4292,1.0813,6.9291,27.074,7.4594,116.84,0.7094,8.4748,7.5785,314.91,14744.32,4.239,71.6093,,132.45,1236.88,,10.787,17.9197,4.6638,9.3275,1.6485,51.17,4.2377,4.4484,68.3984,9.3663,1.5286,38.776,3.1052,35.3764,1.0935,15.108
2015-11-05,1.0,10.3864,1.5233,1.9558,4.1364,1.432,1.0833,6.9065,27.044,7.4592,116.4657,0.7126,8.4351,7.5545,313.97,14751.76,4.2333,71.71,,132.65,1240.66,,10.767,17.9972,4.6781,9.3065,1.645,51.047,4.2392,4.4486,68.8654,9.3916,1.531,38.702,3.1215,35.3415,1.0883,15.1123
2015-11-06,1.0,10.3562,1.5204,1.9558,4.1206,1.4342,1.083,6.9035,27.026,7.46,116.2907,0.71765,8.4212,7.5575,314.02,14719.76,4.2298,71.5938,,132.41,1243.27,,10.761,18.0924,4.6797,9.2715,1.6412,50.981,4.2544,4.4545,69.2906,9.3839,1.5314,38.66,3.1294,35.3172,1.0864,15.1534
2015-11-09,1.0,10.3144,1.5263,1.9558,4.0896,1.4285,1.0815,6.8569,27.042,7.46,116.0451,0.7141,8.354,7.5658,314.44,14710.03,4.2222,71.5769,,133.08,1251.28,,10.723,18.1743,4.7344,9.2875,1.6465,50.819,4.263,4.4622,69.4677,9.3378,1.535,38.724,3.145,35.3387,1.0776,15.359
2015-11-10,1.0,10.2625,1.5189,1.9558,4.0627,1.4204,1.0765,6.8121,27.044,7.4601,115.4824,0.7084,8.3026,7.6,312.69,14601.38,4.1989,70.9818,,131.98,1242.06,,10.6975,17.9789,4.6946,9.2765,1.636,50.6,4.2432,4.452,69.0542,9.3102,1.5234,38.485,3.122,35.0946,1.0711,15.3716
2015-11-11,1.0,10.2577,1.5183,1.9558,4.0013,1.4213,1.0783,6.8235,27.022,7.4604,115.6029,0.706,8.306,7.6205,311.7,14551.32,4.1841,70.978,,131.9,1238.51,,10.7,17.9011,4.6634,9.223,1.6344,50.475,4.2215,4.4366,69.086,9.329,1.5236,38.446,3.0929,35.0213,1.0716,15.2006
2015-11-12,1.0,10.2659,1.5073,1.9558,4.0793,1.4293,1.0769,6.833,27.031,7.4602,115.5297,0.7064,8.3132,7.617,312.25,14615.93,4.1748,71.1282,,131.92,1245.87,,10.7135,18.0004,4.6819,9.324,1.6447,50.475,4.227,4.443,70.923,9.3009,1.5246,38.528,3.0938,35.1429,1.0726,15.2929
2015-11-13,1.0,10.3356,1.5077,1.9558,4.0847,1.4322,1.0786,6.8607,27.032,7.4606,116.0343,0.70705,8.3429,7.6155,312.23,14764.07,4.1836,71.2,,132.04,1257.07,,10.7308,18.062,4.7125,9.332,1.6483,50.722,4.2429,4.4452,71.7143,9.3388,1.5305,38.643,3.096,35.3706,1.0764,15.4459
2015-11-16,1.0,10.341,1.511,1.9558,4.1144,1.4293,1.0791,6.833,27.031,7.461,115.5965,0.7058,8.3109,7.6075,311.9,14776.33,4.1736,70.7613,,132.01,1257.58,,10.7065,17.9456,4.7036,9.305,1.6554,50.644,4.2408,4.4387,70.785,9.3206,1.5253,38.565,3.0922,35.2115,1.0723,15.43
2015-11-17,1.0,10.2773,1.496,1.9558,4.0684,1.42,1.0806,6.8045,27.031,7.4613,115.2419,0.7017,8.27,7.6065,311.64,14646.25,4.1655,70.4322,,131.49,1247.07,,10.694,17.888,4.6861,9.237,1.6447,50.339,4.2475,4.4375,69.871,9.3243,1.5175,38.365,3.0593,34.9559,1.067,15.1915
2015-11-18,1.0,10.277,1.5028,1.9558,4.0563,1.4223,1.0838,6.8054,27.029,7.4608,115.2188,0.7009,8.2669,7.6215,310.94,14746.47,4.1638,70.6304,,131.65,1247.9,,10.6815,17.8707,4.6594,9.2335,1.6505,50.341,4.254,4.4467,69.3696,9.3019,1.5185,38.392,3.055,34.9623,1.0666,15.1537
2015-11-19,1.0,10.3055,1.4925,1.9558,4.0154,1.4203,1.0893,6.8244,27.025,7.4603,115.1053,0.6998,8.2829,7.631,310.26,14714.18,4.1597,70.78,,131.6,1241.54,,10.691,17.8206,4.6314,9.2556,1.6404,50.259,4.25,4.4438,69.4086,9.3089,1.5129,38.324,3.0433,34.8591,1.0687,15.1806
2015-11-20,1.0,10.318,1.4825,1.9558,3.966,1.4229,1.0844,6.8239,27.031,7.4602,115.2823,0.701,8.2833,7.6278,309.96,14529.52,4.1473,70.7492,,131.28,1234.46,,10.6989,17.7282,4.5803,9.2035,1.6296,50.231,4.2411,4.4438,69.3309,9.2796,1.5093,38.199,3.0165,34.7788,1.0688,14.8862
2015-11-23,1.0,10.2542,1.4793,1.9558,3.9654,1.4222,1.0848,6.7926,27.025,7.4606,114.9259,0.7025,8.2391,7.628,311.13,14542.92,4.1278,70.5699,,130.92,1232.02,,10.6695,17.632,4.5667,9.1755,1.6322,50.129,4.2403,4.449,69.6382,9.2496,1.508,38.133,3.0267,34.7064,1.0631,14.9056
2015-11-24,1.0,10.2661,1.4763,1.9558,3.955,1.4229,1.0832,6.8048,27.033,7.4605,114.9698,0.7062,8.2547,7.6335,311.89,14618.17,4.13,70.6582,,130.52,1229.46,,10.6892,17.6141,4.5192,9.209,1.6368,50.145,4.2607,4.4467,70.4467,9.2622,1.5074,38.141,3.0675,34.7295,1.0651,14.9808
2015-11-25,1.0,10.2347,1.4601,1.9558,3.989,1.4108,1.082,6.7611,27.025,7.4606,114.6793,0.70175,8.2047,7.6335,312.11,14490.93,4.1098,70.1855,,129.94,1211.88,,10.6525,17.5204,4.4619,9.181,1.616,49.834,4.2603,4.4414,69.7339,9.2717,1.4888,37.809,3.0472,34.43,1.0586,14.9158
2015-11-26,1.0,10.2576,1.4685,1.9558,3.9935,1.4119,1.0868,6.7805,27.032,7.4602,114.8407,0.7028,8.2247,7.6295,312.27,14609.48,4.1199,70.6402,,130.06,1219.31,,10.6679,17.5522,4.4952,9.193,1.6144,50.013,4.2724,4.4424,69.9537,9.2756,1.4944,37.949,3.087,34.5207,1.0612,15.0956
2015-11-27,1.0,10.2475,1.4689,1.9558,3.9359,1.4121,1.09,6.765,27.024,7.4605,114.4357,0.7029,8.2001,7.623,312.08,14628.6,4.113,70.6449,,129.75,1221.76,,10.6595,17.5099,4.515,9.1885,1.6189,49.921,4.2631,4.4467,69.9945,9.242,1.4927,37.972,3.0865,34.5798,1.058,15.149
2015-11-30,1.0,10.2672,1.4671,1.9558,4.0709,1.4143,1.0903,6.7689,27.03,7.4604,114.6984,0.7048,8.1989,7.633,311.58,14645.43,4.0972,70.5275,,130.22,1224.21,,10.6547,17.5569,4.5067,9.1935,1.612,49.921,4.2721,4.4503,69.9854,9.207,1.494,37.926,3.0789,34.5703,1.0579,15.2894
2015-12-01,1.0,10.289,1.454,1.9558,4.1255,1.4118,1.0908,6.7808,27.023,7.4602,114.801,0.7036,8.218,7.6365,310.5,14641.99,4.1114,70.5123,,130.57,1229.0,,10.6661,17.508,4.488,9.2015,1.5935,50.009,4.2679,4.4588,70.714,9.2118,1.4947,37.953,3.0625,34.6259,1.06,15.3361
2015-12-02,1.0,10.2741,1.4489,1.9558,4.0884,1.4204,1.088,6.7903,27.024,7.4592,114.9709,0.7059,8.2247,7.641,311.23,14646.1,4.1137,70.6171,,130.7,1234.96,,10.6611,17.5353,4.4905,9.1405,1.5945,50.034,4.2728,4.4573,71.0589,9.2132,1.496,38.004,3.0605,34.7082,1.0612,15.2134
2015-12-03,1.0,10.3285,1.455,1.9558,4.0476,1.4213,1.084,6.8273,27.036,7.4584,115.3284,0.7122,8.2701,7.6358,310.93,14733.44,4.1291,71.1343,,131.58,1240.24,,10.6975,17.6658,4.5088,9.174,1.6038,50.269,4.2859,4.4585,72.2652,9.225,1.501,38.263,3.0768,35.0194,1.0671,15.2736
2015-12-04,1.0,10.5583,1.4899,1.9558,4.118,1.454,1.0882,6.9802,27.035,7.4603,116.9263,0.7201,8.4492,7.636,313.1,15094.88,4.1816,72.802,,134.08,1268.29,,10.7805,18.2499,4.6052,9.2495,1.6319,51.327,4.3131,4.4711,73.6109,9.2724,1.5216,39.081,3.1747,35.7258,1.0902,15.7275
2015-12-07,1.0,10.5059,1.4849,1.9558,4.0425,1.455,1.083,6.9266,27.022,7.4607,116.1563,0.7177,8.3771,7.638,311.85,14965.26,4.1678,72.1325,,133.4,1264.0,,10.752,18.1229,4.5744,9.3265,1.6238,50.88,4.3133,4.4803,74.6306,9.2188,1.5191,38.761,3.1349,35.5229,1.0809,15.6593
2015-12-08,1.0,10.5554,1.5099,1.9558,4.1297,1.4793,1.082,6.9795,27.022,7.4607,116.6141,0.7271,8.4286,7.6368,314.53,15299.16,4.2278,72.6871,,133.64,1287.02,,10.765,18.5495,4.6675,9.5675,1.643,51.339,4.3357,4.4854,75.92,9.2236,1.5363,39.116,3.1788,35.8672,1.0875,15.9518
2015-12-09,1.0,10.6119,1.5182,1.9558,4.1247,1.4847,1.083,7.0325,27.021,7.4609,117.0584,0.7251,8.4796,7.63,314.7,15361.85,4.2494,73.1296,,134.04,1293.16,,10.793,18.5713,4.6806,9.537,1.6517,51.641,4.3404,4.4954,75.9443,9.2587,1.5383,39.333,3.1939,35.9609,1.0941,15.9487
2015-12-10,1.0,10.6426,1.5,1.9558,4.1177,1.4817,1.0806,7.0416,27.021,7.4609,116.9611,0.7235,8.4813,7.629,316.61,15262.1,4.231,73.0416,,132.97,1287.37,,10.7931,18.6731,4.6599,9.437,1.6191,51.688,4.3389,4.503,75.3885,9.2761,1.5338,39.422,3.194,35.8395,1.0943,16.7143
2015-12-11,1.0,10.6703,1.518,1.9558,4.219,1.4962,1.0819,7.0716,27.023,7.4609,116.9711,0.7224,8.4868,7.639,316.66,15441.3,4.2287,73.3719,,133.02,1300.93,,10.7974,18.9987,4.7424,9.5385,1.6258,51.96,4.3456,4.5248,76.328,9.3007,1.5436,39.519,3.2416,35.9883,1.095,17.3954
2015-12-14,1.0,10.7224,1.5231,1.9558,4.2883,1.5106,1.0771,7.0929,27.024,7.461,117.3368,0.726,8.5125,7.633,317.12,15526.48,4.2379,73.7454,,132.54,1304.72,,10.8124,19.1214,4.8,9.5695,1.627,52.127,4.3658,4.5191,77.9268,9.363,1.549,39.674,3.2837,36.1034,1.0983,16.8045
2015-12-15,1.0,10.7433,1.52,1.9558,4.2609,1.5069,1.0831,7.1017,27.022,7.4614,117.2092,0.7252,8.5173,7.639,316.5,15423.14,4.241,73.5161,,132.97,1292.34,,10.821,18.9649,4.7295,9.4945,1.6186,52.057,4.3537,4.496,77.492,9.2883,1.5457,39.427,3.2573,35.9263,1.099,16.4213
2015-12-16,1.0,10.6924,1.5186,1.9558,4.3042,1.505,1.0824,7.0726,27.03,7.4617,117.0502,0.7283,8.4732,7.6425,316.41,15293.02,4.241,72.935,,133.18,1285.09,,10.7918,18.7228,4.7045,9.5555,1.6196,51.754,4.3186,4.5035,76.8689,9.2991,1.5407,39.431,3.2416,35.7679,1.0933,16.4708
2015-12-17,1.0,10.6361,1.5097,1.9558,4.2031,1.4995,1.0807,7.033,27.031,7.4612,116.3724,0.7266,8.405,7.653,315.96,15204.89,4.22,71.84,,132.82,1285.85,,10.7608,18.3649,4.678,9.511,1.6078,51.434,4.2959,4.5048,76.5023,9.3022,1.5351,39.125,3.1674,35.703,1.0841,16.26
2015-12-18,1.0,14.6828,1.5206,1.9558,4.2265,1.5123,1.0768,7.0274,27.03,7.4613,116.571,0.72666,8.4005,7.6495,314.25,15096.1,4.221,71.955,,131.6,1280.16,,10.7528,18.4429,4.644,9.5,1.616,51.253,4.2806,4.516,77.1005,9.266,1.53,39.175,3.1581,35.6657,1.0836,16.2998
2015-12-21,1.0,14.2701,1.5168,1.9558,4.3219,1.5169,1.0804,7.0457,27.028,7.461,116.6785,0.72985,8.4247,7.6505,314.15,15015.75,4.2416,72.085,,131.93,1280.05,,10.763,18.6067,4.6679,9.5585,1.6114,51.388,4.2402,4.5115,77.4488,9.293,1.5307,39.262,3.1643,35.7696,1.087,16.4115
2015-12-22,1.0,14.1184,1.5109,1.9558,4.3619,1.5242,1.0818,7.0933,27.028,7.4615,117.0423,0.7362,8.4913,7.656,313.97,14963.04,4.27,72.5474,,132.42,1283.3,,10.8042,18.7405,4.7093,9.543,1.6036,51.789,4.2377,4.5192,77.8588,9.262,1.5379,39.504,3.228,35.939,1.0952,16.5748
2015-12-23,1.0,14.1931,1.5115,1.9558,4.3311,1.5176,1.0812,7.0709,27.033,7.4617,116.9068,0.733,8.4607,7.6415,314.85,14913.86,4.2485,72.2748,,131.92,1281.86,,10.797,18.7712,4.7061,9.527,1.6117,51.597,4.2469,4.524,77.1325,9.209,1.5366,39.363,3.2018,35.8334,1.0916,16.661
2015-12-24,1.0,14.2727,1.5074,1.9558,4.3142,1.5183,1.0806,7.088,27.028,7.4628,117.1436,0.7342,8.4849,7.6425,315.91,14922.54,4.2574,72.4801,,131.83,1279.4,,10.8331,18.9109,4.6943,9.512,1.6052,51.504,4.2412,4.5285,76.95,9.19,1.5396,39.442,3.199,35.9035,1.0947,16.6252
2015-12-28,1.0,14.3953,1.5089,1.9558,4.3034,1.5207,1.0838,7.1114,27.022,7.4631,117.1434,0.73535,8.4957,7.6295,314.13,14967.37,4.257,72.4616,,132.05,1280.83,,10.8185,18.9347,4.7119,9.538,1.6019,51.566,4.2455,4.5255,78.8666,9.1863,1.5436,39.604,3.1923,35.9964,1.0962,16.7163
2015-12-29,1.0,14.2212,1.5056,1.9558,4.2187,1.5241,1.0846,7.1065,27.028,7.4629,117.1796,0.74005,8.4882,7.6383,314.26,15029.86,4.254,72.6458,,131.88,1282.17,,10.818,18.8429,4.7055,9.5115,1.5949,51.514,4.2364,4.537,79.4319,9.1567,1.5467,39.518,3.1878,36.0337,1.0952,16.7598
2015-12-30,1.0,14.1682,1.499,1.9558,4.259,1.5171,1.0814,7.091,27.029,7.4625,117.0618,0.73799,8.4685,7.637,313.15,15081.33,4.2606,72.535,,131.66,1284.79,,10.8025,18.8867,4.6887,9.616,1.5959,51.281,4.24,4.5296,79.754,9.1878,1.5449,39.334,3.1837,35.9892,1.0926,16.8847
2015-12-31,1.0,14.0953,1.4897,1.9558,4.3117,1.5116,1.0835,7.0608,27.023,7.4626,116.5988,0.73395,8.4376,7.638,315.98,15039.99,4.2481,72.0215,,131.07,1280.78,,10.7845,18.9145,4.6959,9.603,1.5923,50.999,4.2639,4.524,80.6736,9.1895,1.5417,39.248,3.1765,35.7904,1.0887,16.953
2016-01-04,1.0,14.2519,1.5153,1.9558,4.4023,1.5172,1.0891,7.1208,27.023,7.462,116.8244,0.7381,8.4464,7.6415,315.39,15194.63,4.2659,72.617,,129.78,1297.87,,10.792,18.9353,4.7363,9.6475,1.6146,51.393,4.2955,4.517,79.6738,9.1696,1.5533,39.407,3.2193,36.0709,1.0898,16.9558
2016-01-05,1.0,14.1671,1.4982,1.9558,4.3023,1.4976,1.0847,7.0074,27.022,7.4605,115.8079,0.73235,8.3297,7.6388,315.2,14879.48,4.2144,71.5539,,127.88,1277.02,,10.7268,18.5798,4.667,9.588,1.6001,50.371,4.3084,4.5268,78.862,9.2235,1.531,38.816,3.2009,35.5663,1.0746,16.7643
2016-01-06,1.0,14.6268,1.5187,1.9558,4.3331,1.5137,1.0846,7.0388,27.026,7.4603,115.7405,0.7344,8.3271,7.6405,314.81,14988.9,4.2389,71.8242,,127.19,1289.2,,10.731,18.748,4.7388,9.6225,1.6166,50.588,4.3374,4.5224,79.9893,9.233,1.5409,38.917,3.2315,35.7104,1.0742,17.0032
2016-01-07,1.0,15.0757,1.555,1.9558,4.4001,1.536,1.0875,7.1672,27.03,7.4596,116.7433,0.74545,8.4259,7.64,315.79,15139.18,4.27,72.7012,,127.74,1306.87,,10.7773,19.2176,4.7904,9.6975,1.6464,51.226,4.3512,4.5288,81.7776,9.278,1.5612,39.442,3.2791,36.2162,1.0868,17.4987
2016-01-08,1.0,15.0905,1.5495,1.9558,4.3685,1.5321,1.086,7.1577,27.022,7.4598,116.7615,0.74519,8.4312,7.6427,315.53,15111.3,4.2597,72.4206,,128.51,1304.78,,10.774,19.3231,4.7615,9.681,1.645,51.204,4.3523,4.5275,80.4134,9.264,1.5606,39.387,3.2491,36.1172,1.0861,17.387
2016-01-11,1.0,15.1016,1.5516,1.9558,4.3786,1.5336,1.0863,7.1554,27.021,7.4603,116.6867,0.74705,8.4471,7.6455,317.32,15076.42,4.2827,72.7413,,128.33,1309.12,,10.7849,19.4182,4.7655,9.677,1.6577,51.326,4.3646,4.5305,81.9975,9.272,1.5607,39.491,3.2872,36.2989,1.0888,18.0474
2016-01-12,1.0,14.8564,1.546,1.9558,4.3704,1.537,1.0855,7.1276,27.021,7.4612,116.3841,0.7508,8.4094,7.6672,317.75,14965.6,4.2711,72.4603,,127.79,1308.87,,10.763,19.2772,4.783,9.6388,1.6547,51.296,4.3568,4.5333,82.6895,9.2483,1.557,39.368,3.2842,36.1904,1.0836,17.9737
2016-01-13,1.0,14.6184,1.5413,1.9558,4.3214,1.5381,1.0926,7.1121,27.021,7.4614,116.3838,0.7502,8.3922,7.667,315.43,14947.98,4.2635,72.3212,,127.74,1301.18,,10.754,19.2779,4.7382,9.5588,1.6519,51.283,4.3458,4.53,82.3098,9.246,1.5492,39.203,3.2626,36.05,1.0816,17.8353
2016-01-14,1.0,14.75,1.5695,1.9558,4.373,1.5647,1.095,7.1809,27.021,7.4624,116.8092,0.75703,8.4775,7.666,315.97,15155.06,4.2986,73.4516,,128.26,1320.77,,10.786,19.5529,4.7855,9.6071,1.6903,52.076,4.373,4.5348,83.2007,9.285,1.567,39.552,3.3025,36.4881,1.0893,18.0475
2016-01-15,1.0,14.468,1.5895,1.9558,4.4139,1.5849,1.0951,7.1888,27.021,7.4631,117.1591,0.7615,8.5057,7.6655,314.35,15268.11,4.3125,73.986,,127.8,1328.97,,10.796,19.7876,4.8281,9.6085,1.7103,52.281,4.4129,4.5375,84.6924,9.3474,1.5735,39.705,3.3208,36.7182,1.0914,18.2254
2016-01-18,1.0,14.58,1.581,1.9558,4.3929,1.58,1.0946,7.1658,27.037,7.4633,116.8507,0.76263,8.4939,7.6635,315.42,15163.45,4.309,73.7266,,127.78,1317.44,,10.78,19.8703,4.7887,9.6878,1.6862,52.036,4.4606,4.5365,86.192,9.3411,1.5674,39.516,3.3102,36.5787,1.0892,18.2882
2016-01-19,1.0,14.6973,1.5673,1.9558,4.3758,1.575,1.0922,7.1496,27.023,7.4628,116.7998,0.76473,8.4841,7.6555,314.56,15009.55,4.3025,73.484,,128.12,1306.89,,10.7685,19.6912,4.753,9.6209,1.6763,51.74,4.4384,4.5305,85.2445,9.3231,1.5592,39.428,3.303,36.4169,1.0868,18.1115
2016-01-20,1.0,14.6731,1.5916,1.9558,4.4559,1.5965,1.0932,7.1768,27.042,7.4638,117.0444,0.77,8.5366,7.667,314.76,15228.2,4.336,74.1627,,127.28,1326.46,,10.7898,20.0427,4.7936,9.665,1.7134,52.219,4.4702,4.5326,88.2005,9.3431,1.5697,39.582,3.3307,36.8717,1.0907,18.2896
2016-01-21,1.0,14.6729,1.5755,1.9558,4.523,1.575,1.0949,7.1666,27.064,7.463,116.8174,0.77182,8.5181,7.671,314.42,15149.99,4.3277,74.0684,,127.43,1321.64,,10.7825,20.212,4.7818,9.7033,1.694,52.166,4.4943,4.5316,91.766,9.3527,1.567,39.503,3.3098,36.759,1.0893,18.1453
2016-01-22,1.0,14.6719,1.538,1.9558,4.455,1.5316,1.095,7.1104,27.026,7.4621,116.4621,0.75459,8.4204,7.669,312.2,14952.6,4.2945,73.0945,,127.77,1292.83,,10.744,20.016,4.6308,9.4685,1.6606,51.58,4.4587,4.5273,85.893,9.2738,1.5421,38.921,3.2572,36.2012,1.0808,17.8143
2016-01-25,1.0,14.7914,1.5496,1.9558,4.4276,1.5351,1.0981,7.1156,27.021,7.4624,116.3535,0.7589,8.4304,7.6695,312.7,14985.15,4.3031,73.2973,,128.07,1293.53,,10.754,19.997,4.6208,9.4585,1.6728,51.89,4.469,4.5256,86.041,9.2758,1.5469,38.869,3.266,36.2302,1.0815,17.858
2016-01-26,1.0,14.97,1.555,1.9558,4.4465,1.5411,1.1008,7.1314,27.021,7.4622,116.4129,0.76095,8.4498,7.6658,312.73,15004.76,4.3084,73.5797,,128.22,1303.82,,10.7554,20.1259,4.6335,9.4858,1.6777,52.051,4.4942,4.5348,86.7725,9.2644,1.5498,38.865,3.2699,36.3369,1.0837,17.8881
2016-01-27,1.0,15.1052,1.5461,1.9558,4.3963,1.5331,1.1068,7.1621,27.025,7.4625,116.8511,0.75965,8.4861,7.6685,313.85,15090.93,4.3252,74.0928,,128.91,1308.94,,10.7795,20.004,4.6203,9.4508,1.6739,52.162,4.471,4.5388,85.2106,9.2591,1.5542,38.963,3.256,36.5474,1.0888,17.7803
2016-01-28,1.0,15.126,1.5419,1.9558,4.4753,1.5357,1.1053,7.1705,27.021,7.4626,116.8816,0.76228,8.4955,7.6593,313.37,15116.22,4.313,74.3857,,129.62,1316.36,,10.7825,19.9966,4.5772,9.4465,1.6874,52.116,4.4534,4.54,83.5018,9.3046,1.5556,39.067,3.2485,36.633,1.0903,17.7785
2016-01-29,1.0,15.1733,1.5388,1.9558,4.4294,1.5363,1.1144,7.181,27.026,7.4628,116.9423,0.7641,8.5101,7.66,312.03,14967.64,4.3084,74.1039,,132.25,1318.6,,10.787,20.0054,4.5296,9.4845,1.6788,52.082,4.4398,4.5352,82.8472,9.3483,1.555,38.973,3.2365,36.4985,1.092,17.4927
2016-02-01,1.0,15.132,1.5377,1.9558,4.3511,1.5253,1.1096,7.1605,27.021,7.4625,116.8648,0.761,8.4688,7.6605,311.86,14846.05,4.3,73.91,,131.99,1310.43,,10.775,19.8811,4.5345,9.416,1.682,51.932,4.3952,4.5246,82.9655,9.2835,1.55,38.76,3.2269,36.3547,1.0884,17.5019
2016-02-02,1.0,15.4422,1.5475,1.9558,4.3565,1.5292,1.1147,7.1847,27.026,7.4628,116.9881,0.7586,8.4996,7.6675,311.65,14945.11,4.3161,74.2325,,131.84,1322.58,,10.7885,20.0265,4.602,9.5223,1.6839,52.256,4.4055,4.514,86.3711,9.3437,1.5586,39.035,3.2237,36.5388,1.0919,17.5788
2016-02-03,1.0,15.4757,1.5484,1.9558,4.328,1.5234,1.1115,7.1916,27.025,7.4623,117.0916,0.7533,8.5266,7.6665,310.55,15038.7,4.332,74.39,,130.58,1329.87,,10.798,20.1098,4.6121,9.5138,1.656,52.37,4.3982,4.5093,85.991,9.358,1.5631,39.199,3.2138,36.7106,1.0933,17.695
2016-02-04,1.0,15.8068,1.5546,1.9558,4.3486,1.5366,1.1169,7.3691,27.021,7.4629,118.7626,0.76595,8.7277,7.661,310.49,15269.96,4.379,75.86,,131.49,1336.75,,10.897,20.3101,4.6125,9.5375,1.6678,53.366,4.4152,4.5087,86.079,9.4036,1.572,39.952,3.25,37.2147,1.1206,17.767
2016-02-05,1.0,15.9001,1.5583,1.9558,4.3454,1.5404,1.1101,7.3624,27.037,7.4629,118.856,0.76975,8.7231,7.654,309.95,15177.38,4.3415,75.7857,,130.71,1333.89,,10.901,20.3988,4.6528,9.5665,1.6655,53.271,4.4134,4.5028,86.005,9.4325,1.5636,39.778,3.2498,37.0514,1.1202,17.7584
2016-02-08,1.0,15.8699,1.5726,1.9558,4.3245,1.5487,1.1051,7.2995,27.062,7.4631,117.9298,0.7724,8.6481,7.6455,310.69,15178.82,4.3215,75.5245,,129.11,1343.41,,10.864,20.7145,4.6462,9.5885,1.6802,53.084,4.4352,4.4798,85.8419,9.4307,1.564,39.459,3.2721,37.0952,1.1101,17.9885
2016-02-09,1.0,16.0438,1.6083,1.9558,4.3741,1.5623,1.0997,7.3924,27.058,7.4635,118.9887,0.77945,8.7585,7.642,311.55,15307.42,4.3655,76.4549,,129.07,1356.24,,10.9155,21.1922,4.688,9.6705,1.7085,53.641,4.453,4.4943,88.3952,9.5142,1.5767,39.829,3.3154,37.4461,1.1236,18.196
2016-02-10,1.0,16.0581,1.5848,1.9558,4.3758,1.5601,1.096,7.4007,27.031,7.4638,119.0201,0.77328,8.7686,7.635,311.62,15136.73,4.3589,76.3844,,129.42,1340.37,,10.9245,21.0652,4.6398,9.6195,1.6916,53.388,4.4289,4.483,88.56,9.5162,1.5674,39.793,3.2945,37.2387,1.1257,17.8379
2016-02-11,1.0,16.4128,1.6018,1.9558,4.4836,1.5842,1.1027,7.4592,27.069,7.4638,119.6601,0.7874,8.8406,7.6391,311.98,15286.39,4.4151,77.655,,127.3,1362.83,,10.958,21.6064,4.7033,9.7085,1.6973,53.953,4.4485,4.4783,90.8866,9.5188,1.5774,39.995,3.3217,37.4186,1.1347,17.9877
2016-02-12,1.0,16.4321,1.5901,1.9558,4.5087,1.5698,1.0989,7.4114,27.063,7.4642,119.1346,0.77735,8.7816,7.632,310.13,15211.54,4.3761,76.9418,,127.07,1359.98,,10.929,21.6852,4.6955,9.6773,1.6965,53.561,4.4109,4.4741,89.5851,9.455,1.5756,40.139,3.303,37.2256,1.1275,17.9194
2016-02-15,1.0,16.519,1.5624,1.9558,4.4567,1.5454,1.1009,7.2606,27.037,7.4638,118.5097,0.772,8.7036,7.62,309.24,14947.9,4.3482,76.1045,,127.6,1352.15,,10.894,21.091,4.6224,9.6313,1.6772,53.0,4.3945,4.4689,86.3193,9.4862,1.5643,39.818,3.2908,37.0192,1.118,17.6114
2016-02-16,1.0,16.51,1.5605,1.9558,4.4833,1.543,1.1018,7.2741,27.029,7.4644,118.4459,0.7758,8.695,7.617,310.75,14997.87,4.3662,76.3985,,127.02,1358.7,,10.8894,21.0457,4.6685,9.6049,1.6931,53.05,4.4062,4.4613,86.4489,9.4742,1.5656,39.79,3.3023,37.008,1.1166,17.5669
2016-02-17,1.0,16.4835,1.5629,1.9558,4.4866,1.5387,1.1034,7.2685,27.044,7.4645,118.2648,0.77835,8.6764,7.6173,309.95,15019.19,4.3471,76.28,,127.1,1368.24,,10.879,20.8655,4.6939,9.5955,1.6902,53.039,4.3979,4.455,85.1875,9.4723,1.5703,39.678,3.2961,37.1486,1.1136,17.432
2016-02-18,1.0,16.5429,1.5496,1.9558,4.4527,1.5168,1.1028,7.2242,27.03,7.4635,117.8896,0.77143,8.6222,7.6175,309.49,14951.15,4.3306,75.9461,,126.17,1362.2,,10.858,20.211,4.6237,9.5235,1.6728,52.695,4.3817,4.4615,83.4772,9.4014,1.5564,39.422,3.2884,36.8643,1.1084,17.0657
2016-02-19,1.0,16.655,1.5605,1.9558,4.4854,1.5274,1.1017,7.2378,27.023,7.4625,117.9875,0.77715,8.6268,7.618,309.11,14988.04,4.341,75.9715,,125.4,1368.69,,10.8645,20.2927,4.6836,9.5358,1.6761,52.843,4.3777,4.467,85.1924,9.3838,1.5617,39.668,3.2903,36.9786,1.1096,17.138
2016-02-22,1.0,16.6068,1.5322,1.9558,4.3755,1.5128,1.1008,7.1909,27.022,7.462,117.523,0.78243,8.5679,7.63,307.84,14824.67,4.3086,75.5948,,124.85,1351.19,,10.8335,19.935,4.6171,9.493,1.6521,52.517,4.3646,4.4767,83.4916,9.3572,1.5469,39.418,3.2512,36.6201,1.1026,16.8486
2016-02-23,1.0,16.7979,1.5202,1.9558,4.357,1.5116,1.0921,7.1814,27.028,7.4618,117.3791,0.77985,8.548,7.626,307.63,14736.51,4.2965,75.4059,,123.12,1353.46,,10.8285,19.8974,4.6346,9.459,1.6452,52.397,4.3668,4.4648,82.799,9.351,1.5484,39.321,3.2298,36.6105,1.1002,16.6401
2016-02-24,1.0,16.8317,1.5319,1.9558,4.3793,1.5197,1.0914,7.1794,27.047,7.4621,117.7156,0.78935,8.5333,7.626,310.55,14766.34,4.3112,75.2885,,122.86,1359.58,,10.8175,20.0815,4.6603,9.5858,1.662,52.346,4.368,4.4775,84.6894,9.3636,1.5478,39.213,3.2336,36.631,1.0981,17.0655
2016-02-25,1.0,16.9231,1.5292,1.9558,4.3527,1.5025,1.0935,7.2026,27.052,7.4617,118.3245,0.7892,8.5676,7.622,310.86,14787.76,4.3015,75.9485,,124.01,1366.74,,10.8372,20.0011,4.65,9.5413,1.6487,52.532,4.3581,4.4673,83.9575,9.3808,1.5463,39.322,3.2248,36.6307,1.1027,17.1657
2016-02-26,1.0,16.9911,1.5275,1.9558,4.3356,1.4909,1.0929,7.1954,27.064,7.46,118.3387,0.78745,8.5511,7.623,310.52,14715.02,4.293,75.601,,124.42,1360.34,,10.8276,19.9233,4.6352,9.5245,1.6347,52.276,4.3631,4.4639,83.045,9.371,1.5428,39.236,3.2347,36.5609,1.1006,17.2528
2016-02-29,1.0,16.9581,1.526,1.9558,4.3394,1.4767,1.0914,7.1351,27.057,7.4602,118.3155,0.7858,8.4651,7.6263,311.26,14559.43,4.2556,74.3825,,123.14,1347.54,,10.7824,19.8005,4.587,9.5043,1.6557,51.615,4.3543,4.4757,82.6432,9.3219,1.5325,38.827,3.2273,36.2431,1.0888,17.4563
2016-03-01,1.0,17.1995,1.5196,1.9558,4.3519,1.4699,1.086,7.123,27.056,7.4591,118.2513,0.778,8.4539,7.6263,310.15,14500.0,4.2332,73.77,,122.94,1340.06,,10.776,19.5872,4.5163,9.407,1.6475,51.341,4.3468,4.4653,80.227,9.365,1.5238,38.709,3.2089,35.9853,1.0872,17.2024
2016-03-02,1.0,17.1416,1.501,1.9558,4.2523,1.4595,1.0845,7.1125,27.046,7.458,118.2398,0.7741,8.44,7.604,309.96,14445.17,4.2191,73.3115,,124.07,1334.29,,10.769,19.4214,4.5215,9.422,1.6404,51.327,4.3297,4.4585,80.0729,9.3385,1.5226,38.615,3.1903,35.9388,1.0856,17.0097
2016-03-03,1.0,17.0601,1.4852,1.9558,4.1949,1.4644,1.084,7.1298,27.057,7.4565,118.6778,0.77435,8.4755,7.6015,308.94,14427.47,4.2402,73.3365,,124.23,1322.61,,10.786,19.5122,4.4962,9.4245,1.6257,51.211,4.3339,4.4584,80.0845,9.362,1.5158,38.677,3.192,35.8752,1.0901,17.1245
2016-03-04,1.0,16.6525,1.4859,1.9558,4.0834,1.4717,1.0898,7.148,27.058,7.4609,119.4628,0.77483,8.5192,7.594,309.31,14409.1,4.285,73.591,,124.77,1319.78,,10.814,19.5613,4.51,9.383,1.6223,51.325,4.3313,4.4663,80.1674,9.3345,1.515,38.823,3.2027,35.8966,1.097,17.1275
2016-03-07,1.0,16.7033,1.4776,1.9558,4.1228,1.4652,1.0962,7.1381,27.056,7.4605,119.2799,0.77438,8.5081,7.5783,309.63,14337.48,4.2865,73.4825,,124.45,1318.99,,10.807,19.5274,4.472,9.3583,1.6221,51.383,4.3279,4.4623,78.7226,9.3309,1.5138,38.785,3.2014,35.7994,1.0953,16.8358
2016-03-08,1.0,16.9941,1.4794,1.9558,4.169,1.4695,1.0952,7.1744,27.058,7.4614,119.7712,0.77608,8.5656,7.5776,310.19,14494.1,4.3113,74.2265,,124.6,1329.87,,10.834,19.6437,4.5327,9.4285,1.6302,51.773,4.3275,4.4651,79.0929,9.3728,1.5259,39.028,3.218,36.1351,1.1028,16.9485
2016-03-09,1.0,16.8984,1.465,1.9558,4.074,1.4705,1.0978,7.1466,27.047,7.4614,119.4858,0.77135,8.5216,7.562,309.62,14452.27,4.2779,73.684,,123.63,1329.63,,10.8135,19.5511,4.5147,9.3964,1.6192,51.417,4.3149,4.4637,78.767,9.292,1.5171,38.724,3.1902,36.0266,1.0973,16.8748
2016-03-10,1.0,16.6812,1.4522,1.9558,3.972,1.4424,1.0941,7.0787,27.037,7.4587,118.5757,0.76728,8.4299,7.567,310.01,14168.19,4.2357,72.6645,,123.87,1302.89,,10.769,19.1827,4.4438,9.2926,1.6277,50.581,4.2921,4.4585,76.437,9.2361,1.5013,38.314,3.1292,35.6891,1.0857,16.364
2016-03-11,1.0,17.0232,1.4766,1.9558,4.0401,1.4698,1.0948,7.2119,27.059,7.4598,122.3252,0.77595,8.6069,7.5745,310.28,14484.63,4.3022,74.317,,126.17,1319.89,,10.86,19.6852,4.5331,9.436,1.6578,51.565,4.3099,4.4669,77.459,9.309,1.5271,38.937,3.1888,36.2819,1.109,16.9023
2016-03-14,1.0,16.5162,1.4755,1.9558,4.0261,1.4737,1.0969,7.223,27.05,7.4585,122.3779,0.77428,8.6253,7.565,310.11,14504.47,4.3133,74.5653,,126.36,1318.77,,10.8705,19.7648,4.5746,9.414,1.6591,51.785,4.2837,4.4658,78.5889,9.281,1.5281,38.961,3.2049,36.2911,1.1119,17.1243
2016-03-15,1.0,16.4191,1.4877,1.9558,4.1191,1.4832,1.0954,7.2336,27.043,7.4577,122.3182,0.78358,8.6199,7.559,310.53,14638.88,4.3235,74.8283,,125.36,1326.8,,10.8665,19.8474,4.6023,9.48,1.6709,51.915,4.2889,4.4718,78.7265,9.2421,1.5324,39.004,3.2128,36.5152,1.1109,17.6117
2016-03-16,1.0,16.076,1.4911,1.9558,4.2224,1.4798,1.096,7.218,27.05,7.4565,121.9493,0.7873,8.5875,7.5655,311.43,14679.16,4.3171,74.3888,,125.68,1321.98,,10.8493,19.8495,4.6169,9.502,1.6809,51.752,4.3023,4.4765,78.608,9.2235,1.5315,38.8,3.2362,36.3341,1.1064,17.9375
2016-03-17,1.0,16.5141,1.4828,1.9558,4.1438,1.4701,1.0959,7.3317,27.044,7.4553,124.3781,0.78218,8.7744,7.5353,310.05,14749.54,4.3565,75.379,,126.28,1312.85,,10.943,19.8183,4.5917,9.4768,1.6555,52.385,4.2895,4.4776,77.356,9.2935,1.5314,39.351,3.2366,36.6202,1.1311,17.4138
2016-03-18,1.0,16.8277,1.4804,1.9558,4.0794,1.4627,1.0919,7.3037,27.035,7.4542,124.212,0.77855,8.7464,7.5305,310.32,14754.09,4.3387,74.7625,,125.79,1306.11,,10.931,19.4683,4.5716,9.4111,1.655,52.351,4.2625,4.4718,76.0498,9.2773,1.5277,39.296,3.2218,36.4602,1.1279,17.2024
2016-03-21,1.0,16.6512,1.4819,1.9558,4.0897,1.4703,1.0916,7.3028,27.035,7.4544,123.8421,0.78303,8.7408,7.5215,310.49,14874.81,4.3446,74.9933,,125.94,1308.05,,10.9275,19.5916,4.5728,9.4428,1.6645,52.296,4.2581,4.4688,76.7226,9.2538,1.5324,39.37,3.2325,36.4768,1.1271,17.2448
2016-03-22,1.0,16.2378,1.4751,1.9558,4.0526,1.4679,1.0887,7.2791,27.037,7.4541,123.3437,0.7879,8.6942,7.538,312.6,14772.93,4.3194,74.7605,,125.13,1302.05,,10.9035,19.568,4.4882,9.447,1.6626,51.922,4.2612,4.4703,76.233,9.2315,1.526,39.164,3.226,36.3628,1.1212,17.195
2016-03-23,1.0,16.0862,1.478,1.9558,4.06,1.4676,1.0894,7.2648,27.038,7.4542,122.873,0.78985,8.6628,7.5415,313.79,14760.87,4.2938,74.6175,,126.01,1300.58,,10.888,19.4942,4.4673,9.4863,1.6676,51.848,4.2563,4.4655,75.8478,9.2315,1.528,39.311,3.2111,36.3385,1.1171,17.1475
2016-03-24,1.0,16.1755,1.4858,1.9558,4.1316,1.4821,1.0875,7.2662,27.064,7.4546,122.6672,0.78938,8.6548,7.5358,314.24,14781.84,4.2753,74.579,,125.41,1302.21,,10.884,19.7076,4.4956,9.494,1.6645,51.766,4.2788,4.4669,77.7413,9.2688,1.5268,39.407,3.211,36.2426,1.1154,17.2854
2016-03-29,1.0,16.585,1.4901,1.9558,4.0795,1.4741,1.0915,7.2873,27.073,7.4549,122.544,0.7845,8.6835,7.5255,314.18,14957.16,4.2886,74.4743,,127.13,1306.67,,10.899,19.5809,4.4712,9.4839,1.6597,51.869,4.2498,4.4645,76.7345,9.269,1.5311,39.672,3.2109,36.4711,1.1194,17.3156
2016-03-30,1.0,16.5772,1.4766,1.9558,4.1275,1.4755,1.0913,7.3366,27.075,7.4531,123.4083,0.7858,8.781,7.5168,314.29,15004.12,4.2899,75.176,,127.37,1293.67,,10.9485,19.5281,4.4502,9.43,1.6356,52.056,4.2538,4.4623,76.7842,9.242,1.5311,39.894,3.214,36.4505,1.1324,16.9129
2016-03-31,1.0,16.6659,1.4807,1.9558,4.1174,1.4738,1.0931,7.3514,27.051,7.4512,123.4725,0.79155,8.8282,7.5255,314.12,15024.84,4.295,75.4298,,127.9,1294.88,,10.9715,19.5903,4.4078,9.4145,1.6411,52.284,4.2576,4.4718,76.3051,9.2253,1.5304,40.018,3.2118,36.5904,1.1385,16.7866
2016-04-01,1.0,16.8022,1.4884,1.9558,4.1296,1.4894,1.0946,7.3903,27.03,7.4503,123.6296,0.7989,8.8652,7.5105,313.3,15007.54,4.3182,75.8528,,128.07,1315.78,,10.9845,19.8996,4.4382,9.4401,1.6518,52.615,4.244,4.4693,77.543,9.2413,1.5389,40.115,3.2285,36.8803,1.1432,16.8758
2016-04-04,1.0,16.8293,1.4917,1.9558,4.042,1.4832,1.0919,7.3696,27.046,7.4459,123.2731,0.79738,8.8254,7.5115,312.29,14961.75,4.3079,75.2275,,126.97,1308.19,,10.9682,19.7227,4.4317,9.4359,1.6605,52.562,4.234,4.4648,77.1535,9.2493,1.5373,40.08,3.1952,36.7973,1.138,16.68
2016-04-05,1.0,16.7305,1.5085,1.9558,4.1395,1.4968,1.0892,7.3595,27.036,7.4421,123.025,0.8016,8.8164,7.511,312.62,15035.79,4.323,75.5435,,125.81,1317.17,,10.964,19.9963,4.4635,9.4995,1.678,52.593,4.2448,4.466,78.4507,9.256,1.543,40.103,3.2165,36.8739,1.1367,17.0187
2016-04-06,1.0,16.6469,1.5029,1.9558,4.2,1.4912,1.0887,7.355,27.029,7.4412,122.7207,0.80808,8.7927,7.51,312.33,15025.07,4.3296,75.578,,125.13,1318.35,,10.9525,20.1485,4.466,9.476,1.6705,52.456,4.2636,4.4685,77.8058,9.2628,1.5373,40.01,3.2343,36.8114,1.1336,17.2805
2016-04-07,1.0,16.5971,1.5092,1.9558,4.1617,1.4906,1.0884,7.3535,27.025,7.4417,122.7714,0.80728,8.8169,7.5105,312.28,14955.02,4.3087,75.7135,,123.15,1318.1,,10.9625,20.1779,4.4705,9.4546,1.6731,52.579,4.2833,4.4659,77.3719,9.2575,1.5369,40.024,3.2421,36.865,1.1364,17.317
2016-04-08,1.0,16.4479,1.5091,1.9558,4.1554,1.4861,1.0874,7.357,27.022,7.4419,122.8803,0.8073,8.8166,7.496,312.67,14936.66,4.3006,75.677,,123.36,1310.43,,10.9624,20.2108,4.4433,9.4183,1.6757,52.469,4.2953,4.4685,76.5414,9.2928,1.5335,39.884,3.2415,36.8397,1.1363,17.1222
2016-04-11,1.0,16.4756,1.506,1.9558,4.0647,1.4794,1.0877,7.3709,27.026,7.4424,123.1418,0.8006,8.8321,7.4875,312.07,14956.0,4.3075,75.7055,,123.28,1306.55,,10.972,20.1924,4.4307,9.3809,1.6669,52.552,4.2793,4.4675,76.0574,9.2815,1.5341,39.956,3.224,36.8622,1.139,16.7955
2016-04-12,1.0,16.5419,1.4882,1.9558,4.0034,1.4674,1.0874,7.3632,27.03,7.4434,123.2441,0.7984,8.8371,7.489,311.38,14917.84,4.2923,75.668,,123.44,1302.88,,10.9745,20.0248,4.4273,9.3515,1.654,52.517,4.2923,4.4708,75.6167,9.2138,1.5354,39.943,3.2274,36.8386,1.1396,16.7396
2016-04-13,1.0,16.3821,1.4768,1.9558,3.969,1.4466,1.0887,7.3172,27.036,7.4429,122.766,0.79388,8.7637,7.466,310.73,14867.17,4.2697,75.249,,123.47,1298.14,,10.939,19.8238,4.3852,9.3113,1.6337,52.065,4.2869,4.47,74.2708,9.176,1.5265,39.611,3.2259,36.5983,1.1298,16.6342
2016-04-14,1.0,16.1911,1.461,1.9558,3.9586,1.4434,1.0878,7.297,27.028,7.4415,122.4859,0.7956,8.7283,7.4822,311.25,14844.32,4.2642,74.8648,,123.09,1298.53,,10.9215,19.6655,4.3737,9.264,1.6395,51.982,4.2992,4.4728,74.2429,9.158,1.5346,39.506,3.2203,36.434,1.1252,16.3938
2016-04-15,1.0,16.1632,1.4648,1.9558,3.9387,1.4535,1.0919,7.3072,27.025,7.4414,122.8602,0.79575,8.7527,7.5005,310.54,14862.67,4.2675,75.1425,,122.91,1295.12,,10.9335,19.7927,4.4085,9.3044,1.6334,52.051,4.2967,4.4728,75.0125,9.1902,1.533,39.584,3.2212,36.5239,1.1284,16.4424
2016-04-18,1.0,15.8708,1.4685,1.9558,3.9606,1.4612,1.0916,7.3241,27.022,7.4417,123.0232,0.7978,8.7688,7.505,310.33,14890.95,4.2702,75.274,,122.32,1299.62,,10.9405,19.9043,4.4404,9.3325,1.6303,52.253,4.3059,4.4749,76.7591,9.1948,1.5328,39.605,3.2251,36.5825,1.1306,16.5061
2016-04-19,1.0,16.022,1.4547,1.9558,4.0408,1.4418,1.0922,7.3372,27.021,7.4423,123.3532,0.78975,8.7971,7.5005,310.51,14858.2,4.2746,75.4905,,124.1,1277.28,,10.9545,19.5947,4.37,9.2578,1.6127,52.29,4.3027,4.4813,74.4242,9.1773,1.5197,39.587,3.2136,36.4514,1.1343,16.2034
2016-04-20,1.0,16.1286,1.4556,1.9558,4.0362,1.4421,1.0939,7.3578,27.021,7.443,123.7388,0.791,8.8272,7.5023,309.05,14973.62,4.2766,75.327,,124.2,1285.04,,10.9665,19.706,4.395,9.2336,1.6231,52.626,4.2875,4.4827,74.6465,9.1643,1.5246,39.656,3.2011,36.61,1.1379,16.1623
2016-04-21,1.0,16.2939,1.4496,1.9558,4.0043,1.4346,1.0989,7.3525,27.024,7.4411,123.795,0.78693,8.8088,7.487,310.7,14903.44,4.2705,75.2595,,124.5,1286.36,,10.9576,19.6232,4.4105,9.2015,1.6262,52.822,4.3085,4.4815,73.8545,9.1845,1.5252,39.743,3.1962,36.6136,1.1355,16.0999
2016-04-22,1.0,16.0762,1.457,1.9558,4.0218,1.4342,1.0991,7.3159,27.046,7.4413,123.0332,0.78335,8.7368,7.49,310.1,14871.07,4.2401,74.9425,,124.86,1287.41,,10.9245,19.6823,4.3943,9.2443,1.6364,52.658,4.3506,4.4753,74.2513,9.1381,1.5211,39.432,3.1886,36.4066,1.1263,16.1846
2016-04-25,1.0,16.1278,1.4587,1.9558,4.0168,1.4286,1.0973,7.3145,27.047,7.4418,123.1698,0.7764,8.7373,7.4818,311.3,14864.34,4.2447,75.019,,124.95,1291.46,,10.925,19.8036,4.3982,9.2735,1.6399,52.808,4.3911,4.4801,74.6713,9.157,1.5215,39.499,3.2074,36.4254,1.1264,16.3141
2016-04-26,1.0,16.1573,1.46,1.9558,3.9943,1.4276,1.1,7.3345,27.027,7.4418,123.31,0.77483,8.7545,7.4785,312.2,14917.56,4.2484,75.1373,,125.45,1299.14,,10.9315,19.7889,4.4279,9.2278,1.6417,52.864,4.3799,4.4747,74.8948,9.1545,1.528,39.708,3.1951,36.4691,1.1287,16.3492
2016-04-27,1.0,16.1848,1.4885,1.9558,3.9826,1.4223,1.0998,7.3411,27.034,7.4428,123.4953,0.77475,8.7671,7.4773,312.12,14915.43,4.2542,75.1273,,125.79,1299.53,,10.939,19.6578,4.4318,9.2013,1.6504,52.973,4.3918,4.464,73.7837,9.1613,1.5251,39.707,3.1908,36.5794,1.1303,16.351
2016-04-28,1.0,16.1795,1.4906,1.9558,3.9907,1.4262,1.0974,7.3562,27.045,7.4432,123.9394,0.77838,8.8111,7.48,310.7,14977.23,4.2697,75.531,,122.84,1295.54,,10.958,19.6713,4.4251,9.246,1.6287,53.309,4.388,4.4723,73.5195,9.1763,1.5273,39.804,3.1963,36.6412,1.1358,16.3328
2016-04-29,1.0,16.3348,1.4948,1.9558,3.9738,1.4286,1.0984,7.3943,27.038,7.444,124.3725,0.78025,8.8466,7.511,312.23,15034.86,4.2666,75.6985,,122.34,1301.53,,10.978,19.557,4.4546,9.215,1.6357,53.504,4.3965,4.477,73.2286,9.1689,1.5311,39.819,3.1934,36.8059,1.1403,16.1567
2016-05-02,1.0,16.4178,1.5025,1.9558,3.9731,1.4388,1.0999,7.4418,27.048,7.4414,125.1287,0.78248,8.917,7.513,310.84,15125.45,4.3056,76.3185,,122.47,1307.85,,11.0105,19.6826,4.4875,9.233,1.6368,54.068,4.3833,4.4815,74.4081,9.1803,1.541,40.076,3.208,37.0599,1.1493,16.3027
2016-05-03,1.0,16.4043,1.5303,1.9558,4.102,1.4559,1.0977,7.5013,27.037,7.4424,125.5468,0.79103,8.9769,7.51,311.85,15276.83,4.3376,76.8128,,122.53,1323.75,,11.0355,20.146,4.5735,9.309,1.6572,54.425,4.3844,4.4879,76.9498,9.2305,1.5574,40.422,3.2718,37.3081,1.1569,16.7316
2016-05-04,1.0,16.3354,1.5379,1.9558,4.1091,1.467,1.0993,7.4789,27.031,7.4404,125.3008,0.79284,8.9295,7.511,312.58,15320.06,4.3407,76.611,,122.62,1338.14,,11.0135,20.4573,4.612,9.341,1.6669,54.352,4.3936,4.492,75.956,9.263,1.5605,40.377,3.2893,37.2037,1.1505,17.0072
2016-05-05,1.0,16.292,1.5266,1.9558,4.0282,1.4665,1.1018,7.441,27.028,7.4401,124.8862,0.7886,8.8775,7.515,312.84,15260.95,4.3221,76.0745,,122.51,1333.95,,10.989,20.2155,4.5819,9.2985,1.6577,54.171,4.4234,4.5035,75.0559,9.2575,1.5531,40.191,3.3166,37.0287,1.1439,17.0751
2016-05-06,1.0,16.268,1.5501,1.9558,4.065,1.4717,1.107,7.43,27.021,7.439,124.6423,0.7885,8.8678,7.502,313.68,15276.76,4.3191,76.141,,122.23,1339.64,,10.986,20.5185,4.5845,9.3513,1.6702,53.884,4.4198,4.5005,75.9135,9.2753,1.5526,40.189,3.3363,37.0395,1.1427,17.0959
2016-05-09,1.0,16.2048,1.5544,1.9558,3.9971,1.4743,1.1053,7.4207,27.022,7.4393,124.6396,0.78998,8.8455,7.4793,315.05,15135.96,4.3089,75.896,,123.39,1337.36,,10.9725,20.432,4.5854,9.333,1.6746,53.832,4.4142,4.4905,75.1908,9.273,1.5572,40.059,3.3446,37.0263,1.1395,17.2127
2016-05-10,1.0,16.1844,1.5486,1.9558,3.9647,1.4744,1.1079,7.413,27.023,7.4396,124.4933,0.7876,8.8299,7.5034,314.5,15138.32,4.3042,75.8435,,124.12,1334.99,,10.9646,20.623,4.6196,9.352,1.6884,53.126,4.4201,4.4885,75.6404,9.2778,1.5577,40.074,3.345,37.0207,1.1375,17.3215
2016-05-11,1.0,16.2304,1.5474,1.9558,3.9517,1.4686,1.1099,7.4212,27.022,7.4409,124.7408,0.78958,8.8542,7.5218,315.3,15155.05,4.295,75.9935,,124.09,1332.79,,10.9785,20.5313,4.6035,9.3475,1.6763,53.055,4.4244,4.4915,75.0267,9.292,1.561,40.228,3.3801,37.1262,1.1409,17.2737
2016-05-12,1.0,16.1735,1.5541,1.9558,3.9419,1.4594,1.1063,7.4242,27.023,7.4407,124.406,0.78888,8.8378,7.503,314.91,15131.14,4.2833,75.929,,124.5,1331.57,,10.972,20.3883,4.5704,9.232,1.6724,53.015,4.4193,4.4998,73.743,9.2945,1.562,40.266,3.3569,37.1007,1.1389,17.0732
2016-05-13,1.0,16.1198,1.5579,1.9558,3.9559,1.4619,1.1024,7.4001,27.021,7.4398,124.1655,0.78758,8.8097,7.502,315.17,15112.7,4.2824,75.7825,,123.56,1330.91,,10.958,20.4831,4.5731,9.2678,1.6692,52.933,4.3929,4.4975,74.0697,9.3285,1.5552,40.206,3.3639,37.0283,1.1348,17.2132
2016-05-16,1.0,16.0739,1.5526,1.9558,3.9999,1.4634,1.1059,7.3865,27.023,7.4385,124.167,0.788,8.791,7.4965,315.5,15069.75,4.318,75.694,,123.27,1335.9,,10.9475,20.6176,4.5639,9.237,1.6657,52.652,4.3718,4.4876,73.5759,9.337,1.5511,40.064,3.376,36.9773,1.1324,17.631
2016-05-17,1.0,16.0331,1.5457,1.9558,3.9451,1.4631,1.108,7.3867,27.022,7.4386,124.1198,0.7815,8.7849,7.4928,315.25,15074.64,4.323,75.6285,,123.93,1331.66,,10.9463,20.7275,4.5481,9.2558,1.6651,52.581,4.3621,4.4865,73.37,9.3513,1.5501,40.168,3.3575,36.9315,1.1318,17.6561
2016-05-18,1.0,16.0026,1.5521,1.9558,3.9891,1.4637,1.1086,7.3714,27.022,7.4373,123.8474,0.77485,8.7575,7.488,316.05,15101.45,4.3277,75.546,,123.38,1340.31,,10.931,20.7883,4.5697,9.2785,1.6666,52.624,4.3885,4.499,73.7809,9.3525,1.5539,40.165,3.3659,36.9619,1.1279,17.9156
2016-05-19,1.0,15.8197,1.5563,1.9558,4.0146,1.4679,1.1089,7.3318,27.023,7.4366,123.3868,0.76585,8.6967,7.489,316.62,15245.16,4.3208,75.5418,,123.17,1333.5,,10.8985,20.6779,4.5808,9.3593,1.6614,52.447,4.3928,4.5043,74.5356,9.3709,1.545,39.973,3.3527,36.6829,1.1197,17.7453
2016-05-20,1.0,15.8115,1.5519,1.9558,3.9797,1.4704,1.1123,7.3456,27.025,7.437,123.6668,0.77008,8.7141,7.4865,316.78,15285.95,4.3523,75.6975,,123.81,1332.02,,10.9085,20.6541,4.5785,9.3355,1.6578,52.477,4.4203,4.5058,74.9139,9.3588,1.5499,40.085,3.3476,36.7019,1.1219,17.6669
2016-05-23,1.0,15.789,1.5542,1.9558,3.9832,1.4745,1.1105,7.3507,27.033,7.4371,123.6056,0.77443,8.7104,7.489,317.05,15232.77,4.3459,75.7263,,122.7,1329.78,,10.907,20.6021,4.5816,9.3658,1.6538,52.481,4.4367,4.521,75.2277,9.344,1.5478,39.993,3.3495,36.6238,1.1215,17.5173
2016-05-24,1.0,15.6235,1.5597,1.9558,3.9639,1.4684,1.1079,7.3226,27.025,7.4365,123.2426,0.76513,8.6743,7.495,316.0,15278.26,4.3129,75.578,,122.56,1329.32,,10.8895,20.5852,4.5959,9.3355,1.6604,52.267,4.4358,4.5083,74.4262,9.306,1.5445,39.914,3.3035,36.5109,1.1168,17.4501
2016-05-25,1.0,15.6573,1.5475,1.9558,3.9681,1.4608,1.1049,7.3136,27.028,7.4369,123.1877,0.75925,8.6534,7.4968,314.29,15203.7,4.2949,75.1,,122.79,1317.16,,10.8723,20.5022,4.5711,9.2945,1.6488,52.109,4.4205,4.5091,73.2362,9.2651,1.5372,39.768,3.2884,36.3187,1.1146,17.4749
2016-05-26,1.0,15.6849,1.5481,1.9558,4.0004,1.4443,1.1075,7.3237,27.023,7.4367,123.2389,0.7597,8.673,7.4951,314.39,15192.39,4.2839,74.9155,,122.93,1317.87,,10.8885,20.5139,4.5435,9.247,1.6591,52.131,4.4108,4.507,72.742,9.287,1.5381,39.758,3.2744,36.271,1.1168,17.4165
2016-05-27,1.0,15.6335,1.5483,1.9558,4.031,1.456,1.1068,7.3281,27.028,7.4367,123.2561,0.76245,8.6735,7.4905,314.21,15157.25,4.2938,74.867,,122.46,1316.98,,10.89,20.6611,4.5554,9.282,1.6586,52.096,4.3912,4.5034,73.7516,9.2673,1.536,39.851,3.2928,36.3008,1.1168,17.4504
2016-05-30,1.0,15.4888,1.5504,1.9558,4.0148,1.4524,1.1058,7.3314,27.021,7.4369,123.0566,0.76125,8.6537,7.4848,313.81,15199.17,4.2847,74.7865,,123.85,1326.59,,10.878,20.5769,4.5865,9.3025,1.6624,52.053,4.394,4.5033,73.3946,9.283,1.5384,39.8,3.2932,36.3299,1.1139,17.5673
2016-05-31,1.0,15.5654,1.5366,1.9558,3.985,1.453,1.1044,7.3363,27.022,7.4376,123.1237,0.76185,8.664,7.4895,314.11,15180.41,4.2961,74.951,,123.83,1326.11,,10.8855,20.5185,4.594,9.32,1.6516,52.149,4.3865,4.5108,73.53,9.291,1.5367,39.775,3.2927,36.3541,1.1154,17.5863
2016-06-01,1.0,15.6246,1.537,1.9558,4.0211,1.4586,1.1055,7.3498,27.027,7.4385,123.354,0.77358,8.6818,7.5118,314.11,15273.74,4.3042,75.378,,122.07,1331.53,,10.892,20.6531,4.6409,9.3083,1.6373,52.11,4.3978,4.5178,74.7806,9.2796,1.5375,39.846,3.2938,36.416,1.1174,17.5384
2016-06-02,1.0,15.628,1.5516,1.9558,4.0235,1.4662,1.1062,7.3639,27.029,7.4383,123.4722,0.77335,8.6932,7.4975,313.02,15268.82,4.3105,75.297,,121.96,1329.35,,10.8985,20.7779,4.6495,9.336,1.6474,52.107,4.3903,4.52,75.042,9.2945,1.5399,39.829,3.2973,36.4797,1.1188,17.4454
2016-06-03,1.0,15.5135,1.5397,1.9558,3.9973,1.4594,1.105,7.3468,27.025,7.4382,123.1234,0.77285,8.6683,7.4958,312.44,15146.02,4.3239,75.011,,121.47,1322.41,,10.884,20.8803,4.6261,9.2853,1.6287,51.821,4.3861,4.5188,74.9088,9.2605,1.5351,39.719,3.2902,36.3756,1.1154,17.3778
2016-06-06,1.0,15.78,1.5417,1.9558,3.9934,1.4665,1.1051,7.452,27.023,7.4377,124.5648,0.7872,8.8154,7.5075,311.45,15162.26,4.3502,75.9995,,121.58,1323.0,,10.9564,21.0626,4.6472,9.2935,1.6378,52.398,4.3776,4.5192,74.1968,9.246,1.5424,40.028,3.3014,36.64,1.1349,17.0065
2016-06-07,1.0,15.6347,1.526,1.9558,3.9788,1.4505,1.0979,7.4579,27.021,7.4364,124.4973,0.7788,8.8145,7.5128,310.48,15032.7,4.3356,75.7405,,122.16,1311.68,,10.957,21.0712,4.605,9.2225,1.632,52.229,4.3486,4.5073,73.7121,9.2238,1.5362,39.99,3.2897,36.5335,1.1348,16.8695
2016-06-08,1.0,15.7329,1.5228,1.9558,3.8786,1.443,1.0942,7.4727,27.021,7.4364,124.6738,0.78048,8.8338,7.5285,310.09,15025.79,4.3531,75.721,,121.77,1311.38,,10.968,20.682,4.5811,9.2055,1.6226,52.223,4.3228,4.5064,72.5458,9.2283,1.5337,39.994,3.2799,36.5569,1.1378,16.7612
2016-06-09,1.0,15.77,1.525,1.9558,3.8378,1.4459,1.0916,7.4405,27.021,7.4362,124.3679,0.78438,8.8047,7.536,311.44,15073.44,4.361,75.6925,,120.72,1316.56,,10.9545,20.6766,4.5911,9.2489,1.5936,52.188,4.3321,4.5095,72.822,9.2433,1.5336,39.95,3.285,36.604,1.1343,16.816
2016-06-10,1.0,15.6199,1.5274,1.9558,3.8662,1.441,1.0885,7.4143,27.026,7.4356,124.2194,0.7848,8.7738,7.539,311.39,15029.37,4.3532,75.52,,120.79,1316.14,,10.941,20.8033,4.5985,9.2725,1.595,51.978,4.3591,4.5148,73.142,9.3233,1.5307,39.79,3.2994,36.5026,1.1304,17.0584
2016-06-13,1.0,15.5555,1.5228,1.9558,3.876,1.439,1.0888,7.4212,27.035,7.4356,123.8955,0.79515,8.747,7.5305,312.37,15011.14,4.3609,75.6125,,119.51,1322.63,,10.926,21.0672,4.6108,9.3265,1.5949,52.002,4.3884,4.5178,74.0264,9.3265,1.5272,39.669,3.2939,36.494,1.1268,17.1
2016-06-14,1.0,15.4888,1.5277,1.9558,3.9273,1.4449,1.0832,7.4015,27.048,7.4358,123.6433,0.79478,8.7113,7.5235,313.96,14992.0,4.3405,75.555,,118.98,1324.26,,10.9115,21.3172,4.6086,9.3655,1.6022,51.986,4.4332,4.5235,74.3488,9.3184,1.5229,39.595,3.2886,36.398,1.1225,17.2368
2016-06-15,1.0,15.439,1.5188,1.9558,3.8945,1.4438,1.0817,7.3905,27.073,7.4356,123.7093,0.79158,8.7162,7.5278,313.86,15010.63,4.3531,75.367,,119.29,1316.08,,10.9115,21.1993,4.6054,9.3415,1.5974,52.032,4.4119,4.5358,73.739,9.354,1.5215,39.602,3.2905,36.3384,1.123,17.1016
2016-06-16,1.0,15.3525,1.5212,1.9558,3.8943,1.453,1.0812,7.3593,27.067,7.4355,123.2406,0.79033,8.6715,7.524,315.15,14970.82,4.3228,75.201,,116.65,1315.79,,10.893,21.1845,4.5885,9.3798,1.5899,51.899,4.449,4.539,73.5915,9.3915,1.5116,39.455,3.2804,36.2041,1.1174,17.224
2016-06-17,1.0,15.6498,1.5234,1.9558,3.8942,1.4519,1.0818,7.4171,27.069,7.4362,123.8245,0.7877,8.7338,7.521,314.26,14996.53,4.3572,75.4975,,117.34,1318.22,,10.9213,21.2471,4.6153,9.431,1.5959,52.258,4.4463,4.5355,73.2867,9.3815,1.5187,39.704,3.2988,36.421,1.1254,17.1218
2016-06-20,1.0,15.7526,1.5188,1.9558,3.8286,1.452,1.0884,7.4562,27.063,7.4359,124.3362,0.77375,8.7936,7.518,312.92,15024.25,4.3632,76.328,,118.57,1312.29,,10.951,21.0894,4.5942,9.3575,1.5936,52.434,4.3925,4.5393,72.4231,9.3338,1.5225,39.877,3.2821,36.5647,1.1332,16.7941
2016-06-21,1.0,15.7208,1.5073,1.9558,3.81,1.4451,1.085,7.4466,27.064,7.4358,124.0572,0.76755,8.7778,7.5185,314.08,15005.19,4.3667,76.4493,,118.39,1304.05,,10.945,21.0037,4.5563,9.3718,1.5804,52.379,4.3991,4.5408,72.7638,9.324,1.5169,39.837,3.2791,36.3887,1.1314,16.6044
2016-06-22,1.0,15.7449,1.5033,1.9558,3.8357,1.4399,1.083,7.4227,27.071,7.4384,123.933,0.76793,8.7524,7.52,314.42,14988.34,4.3471,76.1553,,118.01,1297.62,,10.933,21.0048,4.543,9.3555,1.5732,52.434,4.3785,4.526,72.266,9.3468,1.5112,39.716,3.275,36.2752,1.1283,16.577
2016-06-23,1.0,16.0198,1.506,1.9558,3.8172,1.4517,1.0876,7.4935,27.062,7.4396,124.7003,0.76595,8.8351,7.521,314.28,14961.77,4.3552,76.651,,120.38,1304.47,,10.9755,20.8305,4.5469,9.2993,1.5763,52.879,4.3571,4.5114,72.9548,9.303,1.5252,40.101,3.2692,36.4948,1.1389,16.4651
2016-06-24,1.0,15.9301,1.491,1.9558,3.8063,1.4392,1.0808,7.3301,27.103,7.4371,122.3381,0.8075,8.5887,7.525,317.9,14837.95,4.3113,75.254,,113.23,1296.89,,10.8516,20.8811,4.5511,9.42,1.5613,51.947,4.455,4.5345,72.6282,9.461,1.4973,39.085,3.2457,35.8403,1.1066,16.7318
2016-06-27,1.0,16.4118,1.4857,1.9558,3.743,1.435,1.0736,7.3108,27.151,7.437,121.8585,0.834,8.5325,7.5195,318.35,14733.5,4.2873,74.7365,,111.8,1302.91,,10.8262,20.9644,4.5147,9.4045,1.5569,51.984,4.4619,4.516,71.7922,9.405,1.4955,38.839,3.2386,35.8271,1.0998,16.8551
2016-06-28,1.0,16.9305,1.4984,1.9558,3.7183,1.4438,1.0845,7.3606,27.108,7.4386,122.5255,0.8272,8.5925,7.515,317.67,14595.53,4.2972,75.207,,113.4,1294.19,,10.8755,20.9827,4.5077,9.3785,1.5671,52.15,4.4413,4.5247,71.6883,9.4425,1.5006,39.062,3.2201,35.907,1.1073,16.8831
2016-06-29,1.0,16.574,1.4911,1.9558,3.6216,1.4407,1.0854,7.368,27.114,7.4376,122.6513,0.8255,8.6041,7.5273,316.95,14577.25,4.2793,74.9693,,113.85,1283.15,,10.8827,20.7331,4.4594,9.3065,1.5565,52.106,4.4261,4.5253,71.0452,9.4311,1.4951,39.028,3.2157,35.8296,1.109,16.6016
2016-06-30,1.0,16.6141,1.4929,1.9558,3.5898,1.4384,1.0867,7.3755,27.131,7.4393,122.6035,0.8265,8.6135,7.5281,317.06,14601.7,4.2761,74.9603,,114.05,1278.48,,10.8792,20.6347,4.4301,9.3008,1.5616,52.241,4.4362,4.5234,71.52,9.4242,1.4957,39.007,3.206,35.739,1.1102,16.4461
2016-07-01,1.0,16.7459,1.4884,1.9558,3.5837,1.439,1.0835,7.4111,27.093,7.438,122.851,0.8383,8.6393,7.5235,316.52,14597.99,4.2795,74.9698,,114.29,1275.76,,10.8878,20.1814,4.4376,9.2975,1.5508,52.334,4.3966,4.5157,71.3087,9.39,1.4959,39.033,3.2077,35.8102,1.1135,16.2287
2016-07-04,1.0,16.7738,1.4792,1.9558,3.6131,1.4328,1.0839,7.4229,27.095,7.441,122.6821,0.83905,8.6418,7.518,316.93,14586.69,4.2916,74.9065,,114.29,1278.83,,10.8775,20.4241,4.4459,9.2538,1.5452,52.176,4.4304,4.5133,71.0115,9.391,1.4989,39.028,3.2284,35.8705,1.1138,16.1416
2016-07-05,1.0,16.7313,1.4902,1.9558,3.6655,1.4418,1.0837,7.4379,27.071,7.4399,122.8216,0.84997,8.6474,7.5025,316.33,14633.23,4.3121,75.2034,,113.5,1289.88,,10.9017,20.8069,4.4897,9.3197,1.5522,52.386,4.4457,4.5185,71.6075,9.4329,1.504,39.163,3.255,36.045,1.1146,16.442
2016-07-06,1.0,16.464,1.4812,1.9558,3.6787,1.4419,1.0821,7.4018,27.078,7.4411,122.372,0.853,8.5885,7.4904,316.6,14617.72,4.3114,74.6283,,111.48,1289.1,,10.8551,20.9024,4.4828,9.3517,1.5556,52.153,4.4562,4.5185,71.6165,9.4671,1.4969,38.952,3.2628,35.8641,1.1069,16.4815
2016-07-07,1.0,16.2854,1.4737,1.9558,3.6894,1.4328,1.082,7.4044,27.049,7.4411,122.3331,0.85085,8.5966,7.4856,315.52,14603.44,4.3006,74.7044,,111.9,1280.63,,10.8571,20.7274,4.4636,9.3782,1.5338,52.157,4.4275,4.5144,70.9286,9.4792,1.4934,38.979,3.2468,35.7939,1.108,16.2433
2016-07-08,1.0,16.2862,1.4731,1.9558,3.6942,1.4406,1.0855,7.4011,27.033,7.4412,122.3831,0.85243,8.5866,7.4842,314.08,14605.2,4.3011,74.5132,,111.17,1280.91,,10.874,20.7956,4.4535,9.393,1.5221,52.252,4.4278,4.5132,70.9558,9.4685,1.4903,39.039,3.2402,35.7777,1.107,16.2687
2016-07-11,1.0,16.2453,1.4617,1.9558,3.6651,1.4437,1.0867,7.3926,27.037,7.4372,122.3353,0.85097,8.5731,7.4765,313.07,14476.95,4.2913,74.1865,,113.23,1268.78,,10.8632,20.378,4.411,9.4061,1.525,52.309,4.421,4.4938,70.9862,9.476,1.491,38.817,3.2027,35.5944,1.1049,15.9573
2016-07-12,1.0,16.3162,1.4532,1.9558,3.6414,1.4452,1.0904,7.4148,27.034,7.4378,122.6296,0.84275,8.6051,7.4928,313.94,14555.48,4.2962,74.422,,115.29,1271.3,,10.8791,20.2867,4.3964,9.3499,1.5184,52.534,4.4171,4.4942,70.8144,9.447,1.4939,39.011,3.2028,35.6392,1.1092,15.8657
2016-07-13,1.0,16.1286,1.4517,1.9558,3.6517,1.4452,1.0909,7.4077,27.033,7.4378,122.4777,0.83398,8.5892,7.4932,313.39,14443.98,4.2832,74.2155,,115.82,1265.58,,10.8696,20.28,4.3659,9.3145,1.5154,52.182,4.4055,4.4914,70.6406,9.4368,1.4903,38.951,3.2047,35.5932,1.1072,15.8695
2016-07-14,1.0,16.2524,1.4588,1.9558,3.6041,1.4422,1.09,7.4577,27.049,7.4378,123.0744,0.83311,8.6538,7.5116,313.64,14562.12,4.2923,74.594,,117.88,1262.25,,10.9009,20.3522,4.3816,9.3247,1.5474,52.436,4.4115,4.4903,70.4687,9.4413,1.4978,39.115,3.2223,35.631,1.1157,15.8563
2016-07-15,1.0,16.3838,1.4538,1.9558,3.6232,1.4317,1.0899,7.4355,27.04,7.4375,122.8744,0.83275,8.6283,7.5023,314.95,14563.77,4.2818,74.585,,117.63,1260.06,,10.8854,20.4417,4.3932,9.3183,1.5534,51.95,4.4099,4.4802,70.3711,9.4556,1.4961,38.898,3.2125,35.4727,1.1128,15.9668
2016-07-18,1.0,16.5032,1.4557,1.9558,3.5963,1.4315,1.0869,7.4089,27.024,7.4387,122.3637,0.83372,8.5713,7.4957,315.01,14468.93,4.265,74.2758,,116.82,1257.6,,10.8623,20.4348,4.3971,9.3627,1.5555,51.65,4.3805,4.4686,69.7145,9.4679,1.49,38.647,3.268,35.3574,1.1053,15.7685
2016-07-19,1.0,16.7164,1.4727,1.9558,3.6078,1.4364,1.0877,7.3875,27.014,7.4389,122.2458,0.8395,8.5585,7.4905,314.73,14443.16,4.2582,74.0824,,117.2,1257.6,,10.8522,20.3706,4.4205,9.3489,1.5684,51.735,4.3729,4.4772,69.5272,9.4922,1.4921,38.615,3.2878,35.3363,1.1035,15.8098
2016-07-20,1.0,16.5223,1.4712,1.9558,3.5761,1.4382,1.0882,7.3501,27.022,7.4384,121.9776,0.83605,8.5405,7.4855,315.05,14433.83,4.2491,74.0123,,117.33,1257.06,,10.8434,20.3683,4.4456,9.3552,1.5658,51.917,4.3758,4.4741,69.7877,9.4684,1.4962,38.583,3.3463,35.3077,1.1013,15.7296
2016-07-21,1.0,16.5935,1.471,1.9558,3.5804,1.4376,1.0872,7.3505,27.025,7.439,121.9827,0.83595,8.5426,7.4845,314.61,14448.38,4.2463,74.0373,,117.05,1253.58,,10.8378,20.5428,4.486,9.3541,1.5789,51.975,4.3692,4.4686,70.3897,9.4736,1.4931,38.564,3.3841,35.2414,1.1015,15.7433
2016-07-22,1.0,16.5012,1.4717,1.9558,3.6138,1.4436,1.086,7.35,27.023,7.439,122.0022,0.84108,8.542,7.4863,313.34,14445.45,4.2232,73.8783,,116.86,1251.19,,10.8446,20.4913,4.4696,9.3847,1.5748,51.836,4.3554,4.4609,71.0806,9.4979,1.4934,38.463,3.356,35.2371,1.1014,15.692
2016-07-25,1.0,16.367,1.4666,1.9558,3.5758,1.4465,1.0839,7.3356,27.025,7.4393,121.5046,0.8367,8.519,7.4853,312.64,14426.5,4.2229,73.9624,,116.64,1250.46,,10.8346,20.4059,4.4692,9.4102,1.5709,51.751,4.3578,4.448,71.2651,9.507,1.4944,38.482,3.3277,35.3335,1.0982,15.6755
2016-07-26,1.0,16.4383,1.4599,1.9558,3.608,1.4553,1.087,7.3357,27.021,7.4393,121.8584,0.8371,8.5301,7.4855,313.16,14488.8,4.226,74.042,,114.67,1249.22,,10.8369,20.6734,4.4693,9.437,1.5561,51.855,4.3629,4.4657,72.892,9.5124,1.4925,38.494,3.3508,35.2817,1.0997,15.8672
2016-07-27,1.0,16.4304,1.4715,1.9558,3.6056,1.4497,1.0928,7.3311,27.035,7.4392,121.8195,0.83875,8.5253,7.486,313.56,14447.16,4.2213,73.87,,116.23,1247.17,,10.8399,20.6866,4.4893,9.4387,1.5631,51.872,4.3733,4.466,72.5463,9.537,1.4926,38.451,3.3422,35.2459,1.0991,15.7081
2016-07-28,1.0,16.6283,1.4735,1.9558,3.6306,1.4595,1.0892,7.3838,27.045,7.4398,122.4797,0.8422,8.6022,7.4855,312.15,14530.67,4.2383,74.3543,,116.14,1251.17,,10.877,20.8716,4.5018,9.4405,1.5646,52.242,4.3636,4.4585,73.6747,9.5497,1.4977,38.676,3.3491,35.4292,1.109,15.7968
2016-07-29,1.0,16.7051,1.4782,1.9558,3.6478,1.4643,1.0823,7.3908,27.031,7.4374,122.6316,0.844,8.621,7.4875,312.19,14559.7,4.2494,74.407,,114.83,1246.83,,10.8865,21.0288,4.52,9.5092,1.5615,52.431,4.363,4.4655,74.4883,9.5673,1.5015,38.712,3.3523,35.4683,1.1113,15.7301
2016-08-01,1.0,16.7497,1.4751,1.9558,3.6361,1.4587,1.0807,7.4136,27.029,7.4389,122.8448,0.8454,8.6623,7.4855,311.01,14549.55,4.2513,74.464,,114.28,1236.21,,10.904,20.9306,4.4954,9.4455,1.5545,52.474,4.351,4.454,73.8736,9.5833,1.4966,38.806,3.3424,35.1753,1.1164,15.5121
2016-08-02,1.0,16.7235,1.4717,1.9558,3.6549,1.4608,1.081,7.4233,27.032,7.439,122.922,0.8431,8.6863,7.4927,311.1,14627.57,4.2704,74.673,,113.72,1239.02,,10.9076,21.105,4.5187,9.4363,1.5497,52.626,4.3241,4.4542,74.5098,9.5537,1.4986,38.907,3.3512,35.3643,1.1193,15.6368
2016-08-03,1.0,16.6354,1.475,1.9558,3.6606,1.4672,1.0845,7.4234,27.034,7.4387,122.968,0.8391,8.6898,7.4963,311.0,14738.64,4.2811,74.9224,,113.22,1251.34,,10.9188,21.1797,4.5413,9.4236,1.5577,52.737,4.313,4.455,74.5458,9.5146,1.502,39.127,3.3742,35.5062,1.12,15.6581
2016-08-04,1.0,16.6316,1.4604,1.9558,3.5894,1.4536,1.0834,7.3961,27.027,7.4383,122.4933,0.84603,8.6384,7.4827,311.18,14649.41,4.2612,74.474,,112.66,1241.88,,10.8933,20.9694,4.5057,9.4118,1.5479,52.417,4.294,4.4605,73.7722,9.5105,1.4952,38.886,3.3664,35.2777,1.1136,15.2998
2016-08-05,1.0,16.5611,1.4567,1.9558,3.5501,1.4529,1.0852,7.411,27.022,7.4373,122.6477,0.8481,8.6521,7.4843,310.62,14617.71,4.2633,74.4919,,112.73,1237.73,,10.8875,21.0282,4.4927,9.4022,1.5473,52.3,4.2841,4.4622,72.7967,9.5043,1.4953,38.848,3.3471,35.118,1.1156,15.2536
2016-08-08,1.0,16.4054,1.452,1.9558,3.5239,1.4573,1.0883,7.3848,27.027,7.4368,122.0827,0.84955,8.5999,7.4799,311.02,14552.8,4.2435,74.1,,113.59,1229.38,,10.8589,20.6443,4.4694,9.4065,1.5548,52.004,4.2786,4.4584,71.809,9.525,1.4944,38.793,3.3082,34.8997,1.1087,15.1284
2016-08-09,1.0,16.2348,1.4463,1.9558,3.5045,1.4567,1.0899,7.3798,27.027,7.4367,122.1696,0.85399,8.595,7.4855,310.37,14547.53,4.2319,74.099,,113.27,1224.66,,10.8592,20.5015,4.4668,9.357,1.5522,51.944,4.2669,4.4598,71.7804,9.4875,1.4931,38.737,3.3015,34.7794,1.1078,15.0072
2016-08-10,1.0,16.5277,1.445,1.9558,3.4911,1.4557,1.0923,7.4169,27.025,7.4384,122.7301,0.85541,8.6748,7.4827,310.41,14627.55,4.2597,74.531,,113.09,1223.53,,10.9014,20.4917,4.4624,9.2571,1.5418,52.13,4.2684,4.4585,72.0826,9.4811,1.4968,38.859,3.303,34.6838,1.1184,14.8482
2016-08-11,1.0,16.3592,1.446,1.9558,3.5156,1.4559,1.0859,7.4031,27.02,7.4386,122.4749,0.86038,8.6506,7.4952,310.26,14610.43,4.252,74.5558,,113.05,1226.97,,10.8892,20.5527,4.4676,9.2293,1.539,52.085,4.2604,4.4601,72.3675,9.431,1.4989,38.746,3.305,34.9368,1.1153,14.908
2016-08-12,1.0,16.3688,1.4535,1.9558,3.5287,1.4478,1.0888,7.4173,27.018,7.4398,122.5276,0.8605,8.6551,7.4916,310.02,14623.67,4.2553,74.6069,,113.77,1234.19,,10.8907,20.3881,4.4915,9.1635,1.5497,51.963,4.2658,4.459,72.2194,9.4299,1.5023,38.815,3.2998,35.0863,1.1158,15.07
2016-08-15,1.0,16.3865,1.4577,1.9558,3.5463,1.4446,1.0893,7.4203,27.023,7.4405,122.6813,0.86677,8.6725,7.4925,309.49,14641.33,4.2585,74.7779,,112.97,1229.06,,10.8946,20.2774,4.4757,9.1752,1.5498,51.855,4.2695,4.4594,71.8869,9.4601,1.5025,38.701,3.3007,35.0448,1.118,14.9346
2016-08-16,1.0,16.5551,1.4602,1.9558,3.5741,1.4477,1.0849,7.4772,27.02,7.4397,123.0507,0.8706,8.7604,7.483,309.91,14774.99,4.2662,75.4101,,112.74,1232.41,,10.9369,20.2785,4.4867,9.2101,1.5488,52.142,4.2696,4.4583,72.0053,9.4532,1.5094,39.033,3.3045,35.2686,1.1295,14.9524
2016-08-17,1.0,16.5453,1.478,1.9558,3.6238,1.4529,1.0863,7.4825,27.023,7.4413,122.8315,0.8664,8.7457,7.4759,310.63,14827.94,4.277,75.3999,,113.53,1252.95,,10.9273,20.4678,4.5172,9.2812,1.5596,52.35,4.2907,4.4753,72.2019,9.4951,1.516,39.104,3.3086,35.4844,1.1276,15.1708
2016-08-18,1.0,16.7245,1.4766,1.9558,3.6484,1.4524,1.0853,7.5066,27.024,7.4417,123.1193,0.86073,8.7784,7.4826,310.42,14871.27,4.2787,75.6332,,113.6,1257.07,,10.9502,20.554,4.5281,9.2389,1.5578,52.377,4.2925,4.4687,72.5612,9.4759,1.5194,39.176,3.3205,35.6351,1.1321,15.1227
2016-08-19,1.0,16.8978,1.4877,1.9558,3.6659,1.4547,1.0852,7.5341,27.022,7.4417,123.1462,0.86537,8.7821,7.4851,310.28,14941.26,4.2676,76.085,,113.53,1269.15,,10.9538,20.7543,4.5534,9.3048,1.5606,52.529,4.2992,4.4658,72.5897,9.4936,1.5267,39.241,3.3262,35.857,1.1326,15.3019
2016-08-22,1.0,16.8689,1.4856,1.9558,3.6339,1.4602,1.0886,7.5195,27.024,7.4421,123.0507,0.8624,8.7656,7.489,310.15,14955.58,4.2725,75.992,,113.73,1270.24,,10.9473,20.6901,4.5598,9.3281,1.5605,52.641,4.3019,4.4583,72.8855,9.4825,1.5276,39.194,3.3266,35.9621,1.1306,15.3625
2016-08-23,1.0,16.8168,1.4823,1.9558,3.6146,1.4625,1.0896,7.5301,27.023,7.4423,123.2444,0.85995,8.7914,7.4862,310.49,14991.29,4.2734,76.0496,,113.48,1265.68,,10.9584,20.6848,4.5645,9.2875,1.5482,52.635,4.3126,4.4568,73.1995,9.4673,1.5297,39.232,3.3247,36.0274,1.1339,15.2793
2016-08-24,1.0,16.7142,1.4782,1.9558,3.6463,1.4581,1.0891,7.5013,27.022,7.4432,122.7558,0.8513,8.737,7.492,309.99,14969.54,4.2506,75.6268,,112.95,1264.96,,10.932,20.8945,4.5537,9.246,1.54,52.396,4.3039,4.4597,73.0561,9.4545,1.5257,39.013,3.329,35.8232,1.1268,15.938
2016-08-25,1.0,16.769,1.484,1.9558,3.6365,1.4597,1.0905,7.5146,27.026,7.4441,123.0169,0.8557,8.7553,7.4916,309.8,14973.93,4.2482,75.6974,,113.45,1260.33,,10.9345,20.8385,4.5474,9.2771,1.5453,52.347,4.3123,4.4526,73.22,9.4956,1.5277,39.032,3.3219,35.7791,1.129,15.9528
2016-08-26,1.0,16.7696,1.4771,1.9558,3.6441,1.4546,1.0933,7.5318,27.024,7.4462,123.0277,0.8545,8.7555,7.4893,308.5,14906.0,4.2444,75.647,,113.33,1258.02,,10.9408,20.7197,4.5349,9.2501,1.5418,52.29,4.3244,4.4578,73.1392,9.4903,1.5269,39.004,3.316,35.7837,1.129,15.8622
2016-08-29,1.0,16.7494,1.479,1.9558,3.671,1.4536,1.0937,7.4608,27.023,7.4451,122.2736,0.85476,8.6637,7.4852,308.76,14819.24,4.2319,75.0335,,114.24,1254.7,,10.8908,20.7643,4.5183,9.2731,1.5438,51.829,4.3314,4.4576,72.6695,9.494,1.5212,38.647,3.3048,35.4664,1.117,16.23
2016-08-30,1.0,16.8601,1.4787,1.9558,3.5991,1.4562,1.0951,7.4565,27.025,7.4448,122.2709,0.8517,8.6631,7.4846,308.97,14814.35,4.2241,74.8703,,114.27,1244.47,,10.8956,20.7542,4.5205,9.2873,1.5427,51.797,4.3436,4.4505,72.4564,9.5008,1.5196,38.608,3.2977,35.3858,1.1168,16.0537
2016-08-31,1.0,16.7025,1.4806,1.9558,3.6016,1.4583,1.0957,7.4311,27.026,7.4432,122.0179,0.84806,8.6357,7.4785,310.34,14786.64,4.2229,74.5562,,115.01,1243.66,,10.876,20.9424,4.5519,9.2765,1.5353,51.975,4.3533,4.4575,72.6624,9.5159,1.5181,38.549,3.2931,35.3452,1.1132,16.1731
2016-09-01,1.0,16.6368,1.4801,1.9558,3.6026,1.4634,1.0978,7.4452,27.025,7.4418,122.1676,0.8405,8.6463,7.4808,310.05,14804.78,4.2059,74.633,,115.59,1250.35,,10.8845,20.955,4.5675,9.305,1.5357,52.1,4.3645,4.4558,72.8322,9.549,1.5198,38.61,3.3003,35.412,1.1146,16.3512
2016-09-02,1.0,16.6988,1.481,1.9558,3.6549,1.4643,1.0959,7.4755,27.022,7.4403,122.3674,0.8426,8.6815,7.4803,310.13,14827.37,4.2135,74.762,,115.83,1248.91,,10.9043,21.0145,4.574,9.317,1.5329,52.243,4.3914,4.4525,73.5963,9.5985,1.5196,38.739,3.3125,35.4326,1.1193,16.2567
2016-09-05,1.0,16.7145,1.4696,1.9558,3.6258,1.4436,1.0925,7.4496,27.021,7.4407,122.0085,0.83643,8.6517,7.501,309.33,14658.43,4.2058,74.14,,115.24,1234.36,,10.9043,20.6487,4.5472,9.2458,1.5252,51.907,4.3541,4.4495,72.4024,9.5478,1.5135,38.711,3.2872,35.127,1.1156,16.0116
2016-09-06,1.0,16.734,1.4625,1.9558,3.6445,1.4405,1.0923,7.4525,27.021,7.4415,122.1777,0.83535,8.6543,7.4942,309.8,14637.26,4.2005,74.1975,,115.39,1233.76,,10.8906,20.6702,4.5545,9.2113,1.5205,51.988,4.3388,4.4513,72.34,9.536,1.513,38.677,3.2821,35.0381,1.1159,15.8513
2016-09-07,1.0,16.874,1.4637,1.9558,3.5944,1.4444,1.0891,7.4876,27.021,7.4441,122.7077,0.83968,8.7145,7.4865,308.65,14675.52,4.2248,74.5655,,114.23,1224.94,,10.9269,20.6223,4.5594,9.1943,1.5054,52.477,4.3186,4.4525,72.4813,9.5063,1.5125,38.914,3.2939,35.0966,1.1237,15.7627
2016-09-08,1.0,16.9937,1.4632,1.9558,3.5982,1.4546,1.0917,7.5255,27.021,7.4429,122.9192,0.8456,8.7615,7.485,308.06,14720.3,4.2351,74.983,,114.8,1230.87,,10.9379,20.7145,4.5664,9.195,1.5158,52.945,4.3103,4.4514,72.1488,9.4945,1.5201,39.22,3.3179,35.3034,1.1296,15.7057
2016-09-09,1.0,16.964,1.4836,1.9558,3.6552,1.46,1.0969,7.5276,27.022,7.4428,122.7831,0.84558,8.7393,7.4838,308.61,14796.65,4.2293,75.203,,115.85,1244.18,,10.933,21.1869,4.61,9.247,1.5299,53.337,4.3345,4.4495,72.5475,9.502,1.528,39.201,3.344,35.5542,1.1268,16.1404
2016-09-12,1.0,16.8109,1.493,1.9558,3.6931,1.4722,1.0935,7.4995,27.024,7.4434,122.6091,0.84475,8.7091,7.486,309.98,14705.5,4.2332,75.1105,,114.38,1252.33,,10.873,21.4395,4.637,9.2713,1.535,53.383,4.3494,4.4499,73.0373,9.5587,1.5277,39.145,3.3473,35.5921,1.1226,16.2563
2016-09-13,1.0,16.7637,1.4938,1.9558,3.6809,1.4744,1.0925,7.5138,27.021,7.4437,122.8111,0.84763,8.7254,7.4903,309.8,14830.3,4.2408,75.237,,114.98,1263.43,,10.873,21.38,4.6377,9.2315,1.5352,53.665,4.3478,4.446,72.82,9.538,1.5318,39.263,3.3505,35.7036,1.1247,16.0811
2016-09-14,1.0,16.8152,1.5022,1.9558,3.7097,1.4799,1.0945,7.4894,27.023,7.4442,122.6093,0.85078,8.7038,7.5,309.95,14845.9,4.247,75.071,,115.37,1263.14,,10.9083,21.4804,4.6333,9.2748,1.544,53.396,4.342,4.4475,73.1292,9.5343,1.5327,39.14,3.347,35.5887,1.1218,16.0776
2016-09-15,1.0,16.908,1.5037,1.9558,3.7439,1.4831,1.0941,7.5102,27.023,7.4463,122.7093,0.85198,8.7311,7.511,310.25,14827.15,4.2468,75.309,,114.98,1267.89,,10.9135,21.6438,4.6551,9.2648,1.5442,53.611,4.3254,4.4483,73.1961,9.55,1.5366,39.265,3.3484,35.6808,1.1254,15.9998
2016-09-16,1.0,16.9069,1.4949,1.9558,3.6993,1.4817,1.0941,7.4915,27.024,7.4471,122.4139,0.85203,8.7099,7.5115,309.14,14770.61,4.2245,75.237,,114.35,1263.64,,10.908,21.7665,4.6441,9.2625,1.5367,53.741,4.3167,4.4501,72.8966,9.557,1.5318,39.19,3.3384,35.533,1.1226,15.868
2016-09-19,1.0,16.8899,1.4792,1.9558,3.644,1.4684,1.0955,7.4469,27.021,7.4503,122.12,0.855,8.6616,7.512,307.76,14701.1,4.2151,74.7835,,113.65,1250.16,,10.8875,21.8847,4.6178,9.2505,1.5267,53.559,4.2925,4.4475,72.0211,9.5688,1.522,38.885,3.3243,35.0749,1.1165,15.6637
2016-09-20,1.0,16.927,1.4812,1.9558,3.6473,1.4792,1.0943,7.4604,27.022,7.452,122.1578,0.86213,8.6753,7.5127,309.12,14698.01,4.2231,74.962,,113.93,1252.4,,10.8935,21.965,4.631,9.2648,1.522,53.527,4.2975,4.4513,72.5141,9.5763,1.5237,38.909,3.3275,35.0138,1.1184,15.5144
2016-09-21,1.0,16.8772,1.4665,1.9558,3.6137,1.4653,1.0883,7.4384,27.022,7.4546,121.9113,0.85693,8.6472,7.508,308.55,14646.08,4.2102,74.68,,112.49,1240.6,,10.8824,22.0065,4.6125,9.2318,1.517,53.301,4.2915,4.4495,71.7138,9.5698,1.5147,38.713,3.3168,34.9599,1.115,15.2889
2016-09-22,1.0,17.0087,1.4674,1.9558,3.594,1.4623,1.0867,7.4949,27.021,7.4543,122.5322,0.85925,8.7157,7.5055,306.37,14691.06,4.2236,74.872,,113.19,1238.31,,10.9145,22.051,4.6156,9.1073,1.5341,53.806,4.2852,4.4498,71.5987,9.5833,1.5221,38.951,3.3153,35.2075,1.1238,15.1567
2016-09-23,1.0,16.9864,1.4685,1.9558,3.5931,1.4625,1.0887,7.4797,27.022,7.4552,122.3167,0.86435,8.6979,7.5005,305.51,14663.99,4.2161,74.711,,113.02,1235.78,,10.9064,22.0086,4.6028,9.1028,1.5435,53.881,4.2869,4.4475,71.2201,9.582,1.5231,38.834,3.3059,35.0994,1.1214,15.237
2016-09-26,1.0,17.0591,1.4751,1.9558,3.6522,1.4825,1.0905,7.5105,27.021,7.4539,122.822,0.8709,8.7342,7.503,306.52,14674.39,4.2339,75.06,,113.11,1246.11,,10.924,22.3599,4.6501,9.1318,1.5513,54.365,4.3045,4.4498,71.9272,9.6075,1.5316,38.967,3.3563,35.4021,1.1262,15.3985
2016-09-27,1.0,17.0864,1.4661,1.9558,3.6215,1.4873,1.088,7.4826,27.025,7.4501,122.7449,0.86413,8.7005,7.505,306.94,14511.95,4.2025,74.5795,,112.52,1232.69,,10.9205,21.925,4.6355,9.1108,1.5388,54.235,4.2887,4.4483,71.7263,9.6213,1.5255,38.81,3.3424,35.2382,1.122,15.2031
2016-09-28,1.0,17.1496,1.4637,1.9558,3.6389,1.4829,1.0891,7.4911,27.023,7.4511,122.9309,0.86208,8.7041,7.516,307.95,14533.57,4.2148,74.5915,,112.93,1231.76,,10.9105,21.8177,4.6434,9.0888,1.5459,54.189,4.2893,4.4506,71.7039,9.6165,1.527,38.839,3.3438,35.2207,1.1225,15.2492
2016-09-29,1.0,17.2298,1.4642,1.9558,3.63,1.4683,1.0876,7.482,27.022,7.4523,122.9035,0.86138,8.7021,7.5153,308.65,14559.25,4.2156,75.0305,,113.88,1235.19,,10.9165,21.7955,4.627,9.0403,1.5451,54.231,4.3065,4.453,70.8848,9.6218,1.5287,38.881,3.3661,35.2555,1.1221,15.474
2016-09-30,1.0,17.1377,1.4657,1.9558,3.621,1.469,1.0876,7.4463,27.021,7.4513,122.4901,0.86103,8.6547,7.522,309.79,14566.22,4.1996,74.3655,,113.09,1229.76,,10.901,21.7389,4.6148,8.9865,1.5369,54.015,4.3192,4.4537,70.514,9.621,1.5235,38.695,3.3576,34.9826,1.1161,15.5238
2016-10-03,1.0,17.2579,1.4638,1.9558,3.6409,1.4702,1.0918,7.4962,27.021,7.4463,123.0232,0.87318,8.7145,7.5053,308.18,14587.14,4.2228,74.766,,113.9,1237.21,,10.9141,21.615,4.6272,8.9625,1.5454,54.179,4.2933,4.4505,70.001,9.593,1.5326,38.91,3.3861,35.226,1.1236,15.2641
2016-10-04,1.0,16.9591,1.4564,1.9558,3.5816,1.4697,1.0949,7.4462,27.021,7.4418,122.3906,0.8754,8.6565,7.507,307.42,14507.07,4.2079,74.2035,,114.5,1238.16,,10.8865,21.5831,4.6067,8.9175,1.5327,53.856,4.2936,4.4583,69.7125,9.6005,1.5289,38.729,3.3883,35.0467,1.1161,15.1834
2016-10-05,1.0,16.9976,1.4722,1.9558,3.6374,1.4816,1.0959,7.4829,27.028,7.4417,122.638,0.88155,8.6958,7.508,305.85,14612.32,4.2343,74.6349,,115.65,1250.31,,10.9064,21.6129,4.6397,8.9872,1.5612,54.055,4.2941,4.4621,69.9836,9.626,1.5365,39.02,3.4235,35.2724,1.1211,15.4086
2016-10-06,1.0,16.9872,1.4762,1.9558,3.6206,1.4769,1.0942,7.4605,27.021,7.4413,122.726,0.88323,8.6764,7.512,305.07,14560.63,4.2301,74.6445,,116.0,1249.22,,10.8975,21.57,4.6563,8.9938,1.5647,54.107,4.2928,4.476,69.7269,9.632,1.5365,38.985,3.4141,35.2927,1.1185,15.4574
2016-10-07,1.0,16.9456,1.4696,1.9558,3.6087,1.4784,1.0946,7.4322,27.021,7.4405,122.3428,0.90353,8.6426,7.5035,303.86,14466.31,4.2314,74.3105,,115.44,1243.04,,10.8785,21.5602,4.6343,9.001,1.559,53.883,4.2813,4.5046,69.5692,9.6335,1.532,38.89,3.3985,35.0579,1.114,15.4629
2016-10-10,1.0,16.952,1.469,1.9558,3.5886,1.479,1.096,7.485,27.021,7.4409,122.6524,0.9007,8.6588,7.505,304.65,14482.89,4.2292,74.2325,,115.39,1240.6,,10.8865,21.1388,4.6353,9.0448,1.5647,54.027,4.2821,4.5035,69.6779,9.6618,1.5337,39.172,3.4268,35.1083,1.116,15.455
2016-10-11,1.0,16.829,1.4679,1.9558,3.5634,1.4653,1.0938,7.444,27.021,7.4412,122.1034,0.90233,8.5977,7.5095,304.43,14451.84,4.2108,73.776,,114.9,1245.11,,10.8555,20.9088,4.6354,9.0395,1.5657,53.817,4.2712,4.4885,69.1597,9.7318,1.5277,39.209,3.4139,35.064,1.1079,15.802
2016-10-12,1.0,16.7333,1.4553,1.9558,3.5256,1.4598,1.0906,7.4029,27.025,7.4399,121.7473,0.8999,8.5494,7.512,306.05,14359.41,4.2053,73.61,,114.5,1239.66,,10.8325,20.8564,4.6229,9.029,1.5621,53.557,4.2974,4.497,68.9576,9.7318,1.524,39.397,3.4039,34.8221,1.102,15.8622
2016-10-13,1.0,16.6326,1.4604,1.9558,3.5337,1.462,1.0904,7.4261,27.021,7.4395,121.9772,0.9043,8.5637,7.512,306.48,14434.94,4.2093,73.8375,,114.49,1251.86,,10.8394,20.9532,4.649,9.0768,1.5623,53.439,4.302,4.503,69.806,9.7365,1.5275,39.273,3.4196,35.0374,1.1038,15.7803
2016-10-14,1.0,16.64,1.4421,1.9558,3.4994,1.4485,1.0889,7.4,27.029,7.4398,121.5767,0.8991,8.5363,7.5073,305.31,14358.56,4.2026,73.438,,114.76,1246.06,,10.826,20.8448,4.6128,9.0248,1.5508,53.227,4.302,4.504,69.2807,9.7068,1.5263,38.804,3.3969,34.9085,1.1002,15.6303
2016-10-17,1.0,16.6383,1.4436,1.9558,3.5147,1.4433,1.0872,7.4075,27.024,7.44,121.6426,0.90485,8.5304,7.5065,306.93,14355.97,4.2054,73.4565,,114.46,1253.18,,10.8257,20.8199,4.6367,9.0315,1.5433,53.357,4.3281,4.5065,69.0709,9.7028,1.527,38.776,3.4017,34.8917,1.0994,15.6533
2016-10-18,1.0,16.7258,1.4332,1.9558,3.5073,1.4382,1.0886,7.406,27.021,7.4407,121.2935,0.89565,8.5294,7.5023,306.93,14323.88,4.2084,73.3345,,114.37,1238.27,,10.823,20.5713,4.6086,8.9565,1.528,52.934,4.3184,4.511,69.1488,9.7025,1.5242,38.541,3.4078,34.7356,1.0993,15.4413
2016-10-19,1.0,16.6936,1.4298,1.9558,3.5063,1.4361,1.0854,7.3963,27.021,7.4409,121.3289,0.89338,8.5175,7.5075,307.08,14267.21,4.2056,73.189,,113.49,1233.88,,10.8165,20.485,4.5971,8.9585,1.5232,52.692,4.318,4.502,68.6223,9.698,1.5228,38.317,3.3724,34.5619,1.0979,15.265
2016-10-20,1.0,16.6951,1.4314,1.9558,3.4629,1.446,1.0852,7.398,27.021,7.4403,121.0729,0.89568,8.5181,7.5075,307.54,14282.24,4.2182,73.3445,,113.76,1237.37,,10.8185,20.381,4.5809,8.9625,1.5185,52.727,4.3282,4.503,68.5407,9.704,1.5247,38.408,3.3606,34.65,1.098,15.2739
2016-10-21,1.0,16.5195,1.4268,1.9558,3.434,1.4401,1.0825,7.3625,27.021,7.4383,120.1107,0.8932,8.4457,7.508,308.3,14231.9,4.1993,72.825,,112.96,1238.63,,10.781,20.3075,4.5569,8.9538,1.519,52.574,4.3251,4.5043,67.9165,9.6913,1.5179,38.248,3.3527,34.5784,1.0886,15.2751
2016-10-24,1.0,16.5222,1.4282,1.9558,3.42,1.4547,1.0821,7.3775,27.021,7.4394,119.9547,0.89015,8.4478,7.5083,308.53,14178.99,4.2057,72.7975,,113.29,1234.29,,10.7827,20.2263,4.5444,8.9855,1.5215,52.562,4.3166,4.5065,67.797,9.705,1.5159,38.119,3.3501,34.4821,1.0891,15.1167
2016-10-25,1.0,16.4863,1.4229,1.9558,3.3872,1.4478,1.0848,7.3685,27.021,7.4387,119.8256,0.88998,8.4331,7.503,308.16,14140.12,4.1863,72.637,,113.65,1230.63,,10.7753,20.1024,4.5142,8.9868,1.5208,52.418,4.3042,4.4901,67.4963,9.718,1.5133,37.998,3.3407,34.3191,1.0872,15.0403
2016-10-26,1.0,16.6339,1.422,1.9558,3.4065,1.4602,1.0838,7.3954,27.021,7.4385,120.1793,0.89465,8.4732,7.501,309.09,14213.5,4.1938,73.0255,,113.97,1240.92,,10.7965,20.3468,4.547,9.0425,1.5246,52.94,4.3245,4.4965,68.1,9.7368,1.5181,38.238,3.3702,34.5094,1.0925,15.0219
2016-10-27,1.0,16.6096,1.4339,1.9558,3.4261,1.4605,1.0838,7.4082,27.022,7.4376,120.0663,0.89158,8.4741,7.501,309.23,14240.57,4.1989,73.0135,,114.39,1249.16,,10.7971,20.4611,4.5846,8.9858,1.5296,52.985,4.3292,4.5038,68.6064,9.815,1.5211,38.343,3.3845,34.6114,1.0927,15.1421
2016-10-28,1.0,16.5714,1.4424,1.9558,3.4841,1.4623,1.0855,7.4053,27.022,7.4382,120.1054,0.89905,8.4687,7.5068,309.46,14253.76,4.2121,72.9575,,115.1,1251.01,,10.7936,20.5575,4.596,9.0445,1.5296,52.995,4.3307,4.5005,68.7678,9.862,1.5229,38.282,3.4058,34.56,1.0922,15.161
2016-10-31,1.0,16.6199,1.4397,1.9558,3.4836,1.4665,1.082,7.4156,27.024,7.4393,120.2322,0.9005,8.4887,7.5093,308.44,14273.82,4.2138,73.094,,114.97,1254.89,,10.806,20.715,4.597,9.0345,1.5313,53.063,4.3278,4.506,69.2498,9.865,1.5251,38.327,3.3965,34.5681,1.0946,14.8482
2016-11-01,1.0,16.7194,1.4341,1.9558,3.5239,1.473,1.0823,7.4631,27.024,7.4389,120.8472,0.90173,8.5504,7.508,307.73,14385.42,4.2134,73.5425,,115.57,1258.44,,10.8348,20.818,4.6006,9.0213,1.5342,53.228,4.3085,4.5055,69.3698,9.88,1.5308,38.61,3.4195,34.78,1.1025,14.879
2016-11-02,1.0,16.7424,1.4479,1.9558,3.5967,1.484,1.0787,7.4983,27.022,7.4395,121.8608,0.90063,8.604,7.513,308.06,14480.74,4.2334,73.971,,114.62,1268.46,,10.863,21.495,4.6366,9.0735,1.5232,53.639,4.3255,4.5028,70.3983,9.891,1.536,38.783,3.458,34.8854,1.1095,14.8423
2016-11-03,1.0,16.7371,1.4434,1.9558,3.572,1.4814,1.0787,7.4832,27.021,7.4406,121.621,0.88658,8.581,7.514,307.88,14458.44,4.2207,73.846,,114.25,1266.04,,10.8495,21.3426,4.6331,9.0575,1.5134,53.556,4.3186,4.4988,70.5482,9.9068,1.5332,38.691,3.4431,34.8576,1.1064,14.8945
2016-11-04,1.0,16.7504,1.4438,1.9558,3.5996,1.4901,1.0774,7.4955,27.021,7.4412,121.7063,0.88808,8.6034,7.5135,306.13,14519.46,4.2197,74.0395,,114.24,1269.41,,10.8605,21.2285,4.6661,9.1098,1.5169,53.837,4.3188,4.4995,71.0672,9.963,1.5357,38.803,3.493,34.9226,1.1093,15.0121
2016-11-07,1.0,16.6909,1.4397,1.9558,3.5445,1.4813,1.0789,7.4941,27.021,7.4408,121.559,0.8904,8.58,7.514,306.05,14477.95,4.2173,73.844,,115.4,1264.69,,10.85,20.6389,4.6644,9.1035,1.5116,53.892,4.3301,4.4988,70.475,9.9833,1.5376,38.728,3.5068,34.8402,1.1062,14.8845
2016-11-08,1.0,16.6475,1.4332,1.9558,3.5364,1.4756,1.0778,7.4919,27.021,7.4418,121.3971,0.89088,8.5597,7.51,305.57,14456.3,4.2069,73.5085,,115.66,1253.75,,10.8397,20.489,4.6562,9.0753,1.506,53.684,4.3283,4.5073,70.404,9.9185,1.5347,38.589,3.4993,34.7432,1.1038,14.7318
2016-11-09,1.0,16.6598,1.4336,1.9558,3.5565,1.4798,1.0793,7.4771,27.027,7.4417,121.1891,0.8903,8.5467,7.5048,304.95,14539.12,4.1896,73.3765,,114.54,1270.65,,10.8365,21.8522,4.6688,9.1193,1.5065,53.78,4.3388,4.505,69.8562,10.0025,1.5365,38.516,3.5215,34.7533,1.1022,14.8301
2016-11-10,1.0,16.2717,1.4336,1.9558,3.5815,1.4689,1.0762,7.4065,27.022,7.4414,120.4132,0.87785,8.4495,7.5045,307.3,14473.88,4.1841,72.7085,,116.4,1264.88,,10.787,22.0369,4.6883,9.0733,1.5132,53.358,4.3588,4.5023,69.6283,9.909,1.5348,38.307,3.528,34.597,1.0895,15.1054
2016-11-11,1.0,16.398,1.4338,1.9558,3.7208,1.4711,1.0732,7.4198,27.054,7.4423,120.4434,0.86133,8.4593,7.513,309.25,14616.81,4.1782,73.3295,,115.96,1270.2,,10.7875,22.7062,4.7342,9.1148,1.5163,53.473,4.4081,4.516,71.4075,9.861,1.5359,38.491,3.5471,34.644,1.0904,15.5073
2016-11-14,1.0,16.6397,1.4276,1.9558,3.7153,1.459,1.0739,7.3759,27.026,7.4425,119.6387,0.85985,8.3607,7.5105,310.13,14395.38,4.1499,73.08,,116.27,1263.99,,10.741,22.5024,4.687,9.135,1.5193,52.993,4.406,4.5183,71.6148,9.8095,1.5259,38.226,3.5478,34.4703,1.0777,15.5062
2016-11-15,1.0,16.8472,1.424,1.9558,3.7006,1.456,1.0758,7.3816,27.03,7.4434,119.1957,0.86638,8.3504,7.5158,309.97,14391.32,4.1358,72.9385,,116.55,1255.15,,10.7331,22.0328,4.6604,9.0848,1.5144,52.888,4.4245,4.514,70.2005,9.851,1.5202,38.103,3.5307,34.2979,1.0765,15.268
2016-11-16,1.0,16.572,1.4333,1.9558,3.6791,1.4425,1.0738,7.362,27.036,7.4422,118.8301,0.8611,8.302,7.5195,310.59,14416.66,4.1269,72.847,,117.25,1258.36,,10.7085,21.9071,4.6554,9.072,1.5179,52.83,4.4433,4.5198,69.6846,9.8328,1.5174,38.003,3.5541,34.1479,1.0702,15.3397
2016-11-17,1.0,16.6087,1.4359,1.9558,3.655,1.4389,1.0737,7.3621,27.05,7.4419,119.0873,0.86055,8.3133,7.5228,309.36,14331.31,4.135,72.735,,117.12,1261.17,,10.715,21.7504,4.6962,9.0878,1.5143,53.13,4.4448,4.5187,69.2184,9.8368,1.518,37.981,3.5712,34.1443,1.0717,15.2932
2016-11-18,1.0,16.4765,1.4376,1.9558,3.6049,1.4365,1.0711,7.3156,27.035,7.4399,117.8995,0.86218,8.245,7.532,309.49,14272.09,4.1163,72.217,,116.95,1250.14,,10.6857,21.6968,4.681,9.1038,1.5073,52.687,4.4429,4.515,68.7941,9.8243,1.5107,37.744,3.5798,33.9294,1.0629,15.279
2016-11-21,1.0,16.4695,1.4424,1.9558,3.5667,1.4308,1.0727,7.3293,27.032,7.4409,117.9299,0.85725,8.2457,7.5368,309.13,14235.97,4.1138,72.449,,117.59,1251.35,,10.69,21.7761,4.6989,9.0843,1.5081,52.884,4.4307,4.5105,68.169,9.8145,1.5125,37.708,3.5757,33.8938,1.0631,15.1173
2016-11-22,1.0,16.3502,1.4352,1.9558,3.5497,1.423,1.073,7.31,27.044,7.4399,117.5912,0.85423,8.2341,7.53,308.89,14254.41,4.1041,72.509,,117.74,1246.9,,10.6742,21.5845,4.6938,9.0563,1.5033,52.878,4.4205,4.5117,67.96,9.7973,1.5126,37.653,3.5717,33.7748,1.0617,14.9242
2016-11-23,1.0,16.4331,1.4294,1.9558,3.586,1.426,1.0731,7.3157,27.027,7.4398,117.5025,0.85393,8.2232,7.528,310.04,14351.42,4.1055,72.8745,,118.04,1248.2,,10.6687,21.834,4.7122,9.068,1.5039,52.899,4.4154,4.5165,68.1458,9.7863,1.5136,37.743,3.5944,33.8464,1.0602,14.9912
2016-11-24,1.0,16.3982,1.4274,1.9558,3.5909,1.4232,1.0727,7.2988,27.034,7.4373,116.8633,0.848,8.1819,7.5303,310.46,14292.54,4.0886,72.5245,,119.43,1246.47,,10.6495,21.885,4.7043,9.0858,1.5096,52.723,4.4239,4.51,68.0798,9.7658,1.5107,37.635,3.6136,33.6519,1.0548,15.0085
2016-11-25,1.0,16.46,1.423,1.9558,3.6394,1.429,1.0736,7.3295,27.039,7.438,117.2898,0.85182,8.2153,7.5318,309.33,14317.74,4.1047,72.5925,,119.73,1247.03,,10.666,21.8727,4.7203,9.069,1.504,52.801,4.419,4.514,68.4111,9.784,1.5132,37.76,3.6523,33.7615,1.0592,14.9718
2016-11-28,1.0,16.459,1.4194,1.9558,3.5909,1.4242,1.0751,7.315,27.044,7.4389,117.242,0.85303,8.2117,7.5368,310.65,14325.56,4.0829,72.761,,119.25,1243.58,,10.6735,21.757,4.7249,9.0848,1.4991,52.785,4.4194,4.515,68.8075,9.7798,1.5114,37.662,3.6282,33.6249,1.0588,14.7014
2016-11-29,1.0,16.4298,1.421,1.9558,3.6009,1.4232,1.0752,7.2972,27.045,7.4391,117.1774,0.84815,8.2024,7.5368,311.48,14354.28,4.068,72.6565,,119.48,1241.38,,10.6595,21.8756,4.7232,9.0765,1.4912,52.664,4.4299,4.5172,69.0453,9.7668,1.5113,37.756,3.6267,33.7063,1.0576,14.7958
2016-11-30,1.0,16.7395,1.4291,1.9558,3.6118,1.4233,1.0803,7.3205,27.06,7.4403,117.7986,0.8525,8.2489,7.5378,311.51,14413.08,4.085,72.859,,120.48,1247.37,,10.682,21.8775,4.7496,9.019,1.4911,52.913,4.4483,4.504,68.4209,9.7538,1.5179,37.919,3.6372,33.8794,1.0635,14.8895
2016-12-01,1.0,16.8438,1.4378,1.9558,3.6597,1.424,1.0764,7.3176,27.061,7.4401,117.7312,0.84098,8.2422,7.545,313.96,14394.27,4.0736,72.637,,121.39,1241.64,,10.6889,21.9342,4.7434,8.9628,1.5008,52.833,4.4676,4.5042,67.77,9.7935,1.5175,37.901,3.7032,33.9225,1.0627,14.9575
2016-12-02,1.0,16.8569,1.4333,1.9558,3.6909,1.4157,1.0751,7.331,27.058,7.4398,117.6106,0.84303,8.2534,7.5445,313.93,14388.31,4.0772,72.638,,121.2,1247.36,,10.6999,22.1158,4.7384,8.986,1.499,52.858,4.4892,4.5095,68.257,9.7983,1.514,37.907,3.7747,33.9538,1.0642,14.9853
2016-12-05,1.0,17.0697,1.4391,1.9558,3.7044,1.424,1.0797,7.3662,27.057,7.4396,118.0281,0.84168,8.2997,7.5356,313.97,14375.46,4.0954,72.9495,,122.32,1254.48,,10.7095,22.0853,4.7608,8.984,1.5105,53.188,4.5005,4.501,68.1175,9.8015,1.523,38.147,3.7794,34.3133,1.0702,14.8125
2016-12-06,1.0,17.0402,1.4395,1.9558,3.6837,1.4242,1.0833,7.3861,27.045,7.4384,118.1808,0.8421,8.325,7.54,313.49,14364.78,4.0884,72.7775,,122.28,1255.21,,10.7215,21.871,4.7611,8.9803,1.5059,53.191,4.478,4.4975,68.4247,9.803,1.5228,38.213,3.7202,34.2834,1.0734,14.6122
2016-12-07,1.0,17.1197,1.4408,1.9558,3.6457,1.4242,1.0834,7.3836,27.036,7.4378,118.3816,0.85095,8.3229,7.5378,312.98,14297.73,4.0809,72.583,,122.42,1247.57,,10.731,21.8094,4.7555,8.9908,1.5022,53.259,4.428,4.498,68.3924,9.7735,1.5218,38.231,3.6683,34.1369,1.073,14.5531
2016-12-08,1.0,17.2165,1.4406,1.9558,3.6599,1.4222,1.0853,7.4041,27.038,7.439,118.3578,0.84995,8.3475,7.5355,314.29,14298.93,4.0768,72.5055,,122.61,1250.03,,10.7335,21.8915,4.759,9.0145,1.4973,53.465,4.454,4.502,68.19,9.7228,1.5272,38.334,3.6676,34.1366,1.0762,14.7162
2016-12-09,1.0,16.8891,1.4141,1.9558,3.5815,1.3914,1.0756,7.2931,27.027,7.4369,117.1858,0.83935,8.1934,7.5327,314.45,14072.51,4.04,71.341,,121.48,1237.0,,10.6515,21.5825,4.6708,8.9805,1.4745,52.615,4.4454,4.4994,66.6988,9.691,1.5079,37.664,3.6707,33.5866,1.0559,14.545
2016-12-12,1.0,16.9377,1.4174,1.9558,3.5953,1.3918,1.0772,7.3225,27.027,7.4371,117.4195,0.839,8.2211,7.5335,314.02,14121.82,4.0497,71.4485,,122.69,1237.73,,10.6953,21.4472,4.675,8.9498,1.4793,52.72,4.453,4.5073,64.8661,9.7445,1.5145,37.764,3.7269,33.7223,1.0596,14.5441
2016-12-13,1.0,17.0237,1.4155,1.9558,3.5325,1.3921,1.0742,7.3233,27.022,7.437,117.3561,0.83488,8.2303,7.526,314.31,14124.95,4.042,71.659,,122.27,1237.88,,10.6826,21.4788,4.7167,8.9495,1.4724,52.844,4.4442,4.5045,64.5831,9.718,1.5138,37.772,3.6953,33.7096,1.061,14.522
2016-12-14,1.0,17.0038,1.4177,1.9558,3.5242,1.3961,1.0747,7.3499,27.023,7.4359,117.8116,0.83963,8.2561,7.5405,314.89,14143.75,4.055,71.8245,,122.39,1241.1,,10.7081,21.5666,4.7303,9.0223,1.4741,52.918,4.4402,4.5153,65.1386,9.7553,1.5157,37.882,3.7125,33.8128,1.0644,14.5508
2016-12-15,1.0,16.6808,1.4109,1.9558,3.5298,1.3902,1.0733,7.2262,27.021,7.435,115.995,0.83598,8.0851,7.5413,313.17,13987.51,4.0062,70.6425,,123.03,1235.83,,10.593,21.52,4.6596,8.9993,1.4752,52.027,4.445,4.5223,64.3953,9.7688,1.5008,37.29,3.684,33.2864,1.0419,14.6283
2016-12-16,1.0,16.7285,1.4239,1.9558,3.5081,1.396,1.0751,7.2635,27.021,7.434,116.2515,0.8389,8.1032,7.536,312.45,13977.82,4.0425,70.7765,,123.38,1239.53,,10.6026,21.2528,4.6715,9.0623,1.4892,52.193,4.42,4.5165,64.3017,9.789,1.5065,37.413,3.6601,33.3522,1.0439,14.5876
2016-12-19,1.0,16.5918,1.4351,1.9558,3.5191,1.3947,1.0709,7.2467,27.021,7.4343,115.8996,0.8414,8.0946,7.535,311.79,13963.3,4.0309,70.7225,,122.19,1238.96,,10.5965,21.2881,4.667,9.0485,1.5023,52.165,4.411,4.5179,64.5075,9.78,1.5103,37.399,3.6532,33.3572,1.0422,14.669
2016-12-20,1.0,16.4166,1.432,1.9558,3.4801,1.3896,1.0687,7.2104,27.021,7.4343,115.3938,0.83978,8.0494,7.532,310.98,13959.27,4.0024,70.5475,,122.43,1238.45,,10.5997,21.115,4.6426,9.0343,1.5029,51.849,4.4095,4.5213,63.8664,9.7265,1.5002,37.341,3.6471,33.2483,1.0364,14.5806
2016-12-21,1.0,16.5433,1.4342,1.9558,3.4729,1.3932,1.0689,7.2369,27.021,7.4342,115.895,0.8424,8.0887,7.5303,310.28,14000.6,3.9925,70.738,,122.31,1243.87,,10.6054,21.3048,4.6681,9.026,1.5052,52.002,4.4082,4.5194,63.6682,9.6385,1.5036,37.51,3.6607,33.3634,1.0421,14.5366
2016-12-22,1.0,16.5015,1.447,1.9558,3.4761,1.4066,1.0706,7.256,27.021,7.4342,115.9253,0.84645,8.1083,7.535,310.22,14070.92,3.9906,71.0005,,122.86,1257.21,,10.6045,21.6087,4.6768,9.0975,1.5111,52.238,4.4096,4.5266,63.7526,9.6008,1.5136,37.622,3.6682,33.5635,1.0444,14.6811
2016-12-23,1.0,16.4263,1.4566,1.9558,3.4146,1.4117,1.0711,7.2555,27.023,7.4342,115.8843,0.85278,8.1069,7.538,309.68,14034.13,3.995,70.8275,,122.6,1257.59,,10.608,21.615,4.6735,9.0928,1.5195,52.002,4.4098,4.5318,64.0085,9.646,1.5114,37.564,3.6674,33.599,1.0446,14.6353
2016-12-27,1.0,16.1955,1.4532,1.9558,3.4256,1.4136,1.0754,7.2619,27.021,7.4352,116.0478,0.853,8.1043,7.5565,309.13,14046.52,4.0261,71.043,,122.61,1260.98,,10.633,21.5344,4.6785,9.1078,1.5168,51.959,4.409,4.5313,63.4525,9.6588,1.513,37.612,3.6777,33.7453,1.0445,14.5792
2016-12-28,1.0,16.1736,1.4492,1.9558,3.4026,1.4119,1.0714,7.2384,27.042,7.4351,115.3528,0.85128,8.0694,7.5545,309.03,13981.54,4.0075,70.9685,,122.39,1261.97,,10.589,21.57,4.6633,9.0777,1.505,51.845,4.4028,4.5415,62.9938,9.5783,1.5107,37.475,3.6882,33.6681,1.0401,14.4535
2016-12-29,1.0,16.4373,1.4505,1.9558,3.4123,1.4154,1.0714,7.2706,27.021,7.4338,115.7611,0.853,8.1076,7.5593,310.09,14072.35,4.0226,71.095,,122.04,1264.25,,10.611,21.6329,4.6876,9.0758,1.504,51.912,4.4141,4.5375,63.2555,9.5585,1.5156,37.568,3.6926,33.7794,1.0453,14.2922
2016-12-30,1.0,16.7918,1.4596,1.9558,3.4305,1.4188,1.0739,7.3202,27.021,7.4344,116.2567,0.85618,8.1751,7.5597,309.83,14173.43,4.0477,71.5935,,123.4,1269.36,,10.6586,21.7719,4.7287,9.0863,1.5158,52.268,4.4103,4.539,64.3,9.5525,1.5234,37.726,3.7072,34.1766,1.0541,14.457
2017-01-02,1.0,16.6059,1.4574,1.9558,3.4265,1.407,1.0711,7.269,27.021,7.4349,115.7057,0.8514,8.118,7.5548,309.45,14157.05,4.0322,71.308,,122.92,1263.85,,10.613,21.7063,4.6946,9.0543,1.5103,51.777,4.4123,4.539,64.1073,9.5438,1.5181,37.486,3.7084,33.9089,1.0465,14.367
2017-01-03,1.0,16.5589,1.4387,1.9558,3.3916,1.3962,1.0702,7.2285,27.02,7.4341,115.0552,0.84565,8.0554,7.5655,308.94,13998.46,4.0155,71.001,,122.75,1253.43,,10.58,21.4935,4.6655,9.0013,1.5016,51.765,4.3934,4.5228,62.9125,9.5348,1.5061,37.287,3.7261,33.6113,1.0385,14.284
2017-01-04,1.0,16.6888,1.4373,1.9558,3.3784,1.3894,1.0707,7.2382,27.021,7.4343,115.5994,0.84945,8.0948,7.5738,308.35,13969.26,4.0252,71.039,,122.64,1251.9,,10.6015,22.0709,4.694,8.9905,1.5024,51.811,4.3778,4.5086,63.4078,9.5238,1.5047,37.375,3.7387,33.5466,1.0437,14.2409
2017-01-05,1.0,16.8541,1.4401,1.9558,3.3742,1.3966,1.0704,7.2311,27.021,7.4341,116.02,0.8544,8.1431,7.577,308.28,14029.62,4.0476,71.3394,,122.38,1250.78,,10.628,22.3446,4.7097,9.0215,1.5087,51.993,4.368,4.5065,62.4526,9.5341,1.5076,37.599,3.802,33.5817,1.0501,14.3244
2017-01-06,1.0,16.8524,1.4433,1.9558,3.3905,1.4039,1.0725,7.3253,27.021,7.4343,116.4975,0.85648,8.2121,7.578,307.24,14152.2,4.0618,71.9945,,122.83,1261.36,,10.665,22.529,4.7359,8.9868,1.5073,52.257,4.3552,4.5013,62.7475,9.5515,1.5169,37.76,3.8305,33.7694,1.0589,14.4179
2017-01-09,1.0,16.6258,1.4357,1.9558,3.378,1.3954,1.0721,7.2958,27.021,7.4339,116.0667,0.8666,8.1562,7.5701,308.21,14033.73,4.048,71.6875,,122.66,1266.33,,10.6494,22.394,4.708,9.0193,1.5067,52.188,4.3777,4.5016,62.8383,9.5533,1.5135,37.574,3.921,33.6934,1.0516,14.4127
2017-01-10,1.0,16.7725,1.44,1.9558,3.3743,1.3992,1.0737,7.3176,27.021,7.4339,116.5113,0.8694,8.1947,7.5645,308.7,14043.54,4.0624,72.0855,,122.84,1269.08,,10.654,22.6397,4.7282,9.075,1.5165,52.384,4.3721,4.4958,63.5057,9.5595,1.5193,37.64,3.9912,33.8028,1.0567,14.4773
2017-01-11,1.0,16.6315,1.4241,1.9558,3.3786,1.3919,1.0721,7.2826,27.021,7.4338,116.0232,0.86725,8.1452,7.5562,309.45,13999.45,4.0482,71.8315,,122.14,1260.59,,10.6276,22.9635,4.6964,9.0633,1.5027,52.18,4.3703,4.496,63.3625,9.5695,1.5112,37.375,4.0747,33.5487,1.0503,14.4742
2017-01-12,1.0,16.9049,1.4205,1.9558,3.3718,1.3944,1.0742,7.3621,27.021,7.4342,117.1478,0.86843,8.2816,7.5365,307.15,14150.74,4.0804,72.5955,,121.69,1255.4,,10.699,23.07,4.7607,9.0625,1.498,52.939,4.3765,4.4913,63.3302,9.509,1.5191,37.74,4.0319,33.6196,1.0679,14.3476
2017-01-13,1.0,16.8604,1.4225,1.9558,3.4097,1.401,1.0728,7.3564,27.021,7.435,116.9874,0.87548,8.2672,7.527,307.5,14212.71,4.0671,72.6685,,121.91,1251.45,,10.6914,23.086,4.7569,9.058,1.4952,52.962,4.3739,4.4922,63.2685,9.4875,1.5206,37.74,4.0387,33.6035,1.0661,14.4082
2017-01-16,1.0,16.7968,1.4172,1.9558,3.413,1.3927,1.0709,7.3107,27.021,7.4361,116.5568,0.87808,8.2159,7.5318,307.38,14160.47,4.0549,72.167,,120.91,1253.65,,10.6807,22.878,4.7313,9.0558,1.4916,52.926,4.3729,4.5023,63.1692,9.483,1.5144,37.524,4.0056,33.5459,1.0594,14.4212
2017-01-17,1.0,16.9475,1.4162,1.9558,3.4305,1.3953,1.0712,7.3235,27.021,7.4364,116.9649,0.8679,8.286,7.5325,307.79,14240.74,4.0812,72.6335,,121.1,1248.81,,10.7005,23.055,4.7677,9.036,1.4877,53.234,4.3693,4.501,63.2426,9.5033,1.5168,37.731,4.056,33.5836,1.0684,14.3969
2017-01-18,1.0,16.9824,1.4128,1.9558,3.4367,1.3986,1.0706,7.2931,27.021,7.4361,116.9633,0.86833,8.2716,7.5275,307.92,14228.44,4.0669,72.6365,,121.05,1249.39,,10.6935,23.1335,4.75,9.033,1.4838,53.222,4.3673,4.4928,63.248,9.5328,1.5176,37.655,4.0371,33.6503,1.0664,14.4632
2017-01-19,1.0,17.0528,1.4113,1.9558,3.4223,1.4169,1.0729,7.3241,27.021,7.436,117.049,0.86555,8.2762,7.521,308.4,14266.32,4.0669,72.6875,,122.23,1255.9,,10.6945,23.4441,4.7462,9.0193,1.4857,53.405,4.3728,4.4928,63.5802,9.5478,1.5216,37.759,4.0747,33.7151,1.0668,14.5056
2017-01-20,1.0,16.873,1.4115,1.9558,3.3977,1.4217,1.0727,7.3125,27.021,7.4359,116.7968,0.86595,8.2487,7.5165,309.09,14257.51,4.05,72.4825,,122.47,1250.66,,10.6805,23.37,4.7285,8.999,1.4891,53.216,4.3699,4.494,63.6075,9.5073,1.5198,37.68,4.0665,33.6163,1.0632,14.485
2017-01-23,1.0,17.0369,1.4157,1.9558,3.3873,1.4266,1.0727,7.3436,27.027,7.4362,117.2829,0.86148,8.3124,7.5058,309.82,14319.05,4.0714,73.033,,121.72,1251.67,,10.7441,22.9436,4.7553,8.994,1.4893,53.514,4.3719,4.4978,63.7875,9.5113,1.5229,37.824,4.0574,33.6762,1.0715,14.5258
2017-01-24,1.0,17.1431,1.4198,1.9558,3.4,1.4267,1.0738,7.3721,27.021,7.4361,117.5278,0.8635,8.3377,7.5045,310.27,14318.83,4.0711,73.189,,121.85,1252.27,,10.7268,22.8856,4.7667,8.9578,1.4852,53.51,4.3725,4.5015,63.6559,9.4985,1.5246,37.844,4.0465,33.7079,1.0748,14.3643
2017-01-25,1.0,17.1082,1.4213,1.9558,3.4057,1.407,1.0732,7.3935,27.022,7.4366,117.4457,0.85323,8.3343,7.4978,309.72,14319.89,4.0662,73.1385,,121.79,1251.45,,10.725,23.0674,4.7608,8.9453,1.4789,53.326,4.3641,4.4986,63.6282,9.4833,1.5238,37.848,4.1082,33.6331,1.0743,14.2587
2017-01-26,1.0,17.0558,1.4205,1.9558,3.4093,1.4048,1.0693,7.3634,27.021,7.4367,117.1682,0.85143,8.3006,7.48,310.98,14315.67,4.0527,72.957,,122.4,1248.14,,10.7075,22.476,4.739,8.9215,1.4793,53.373,4.3435,4.4943,64.7269,9.466,1.5228,37.776,4.1361,33.5585,1.07,14.3102
2017-01-27,1.0,16.9988,1.4169,1.9558,3.3834,1.4012,1.0689,7.3654,27.021,7.4369,117.0654,0.8517,8.2873,7.4818,311.63,14276.89,4.0453,72.703,,123.01,1253.96,,10.7,22.5452,4.7333,8.919,1.4726,53.221,4.34,4.5058,64.1625,9.4528,1.525,37.683,4.1416,33.6682,1.0681,14.4471
2017-01-30,1.0,16.8858,1.4109,1.9558,3.3318,1.3983,1.0669,7.3103,27.022,7.4375,116.7217,0.84935,8.2476,7.4773,310.8,14173.38,4.0228,72.2315,,121.76,1252.27,,10.6791,22.085,4.7094,8.8758,1.4668,52.899,4.331,4.5008,63.7792,9.439,1.5177,37.492,4.0561,33.5425,1.063,14.451
2017-01-31,1.0,17.1139,1.4198,1.9558,3.3535,1.4056,1.0668,7.397,27.021,7.4373,117.543,0.86105,8.3436,7.479,310.64,14363.56,4.0575,72.8005,,121.94,1244.76,,10.7595,22.2855,4.7608,8.888,1.4709,53.489,4.3239,4.503,64.4302,9.4505,1.5201,37.793,4.0632,33.5933,1.0755,14.444
2017-02-01,1.0,17.1545,1.4225,1.9558,3.3918,1.4097,1.068,7.427,27.021,7.437,118.0262,0.85418,8.372,7.4645,309.78,14424.0,4.0662,72.754,,122.25,1247.86,,10.7702,22.3405,4.7782,8.883,1.4817,53.713,4.3186,4.5478,64.8674,9.4253,1.524,37.894,4.0581,33.6216,1.079,14.4837
2017-02-02,1.0,17.082,1.406,1.9558,3.3659,1.405,1.069,7.4377,27.022,7.4378,117.8342,0.86068,8.3863,7.4495,308.85,14431.38,4.0651,72.664,,121.4,1234.22,,10.7796,22.2623,4.7815,8.8575,1.4763,53.705,4.3071,4.5328,64.3505,9.4183,1.5232,37.893,4.0387,33.6011,1.0808,14.4742
2017-02-03,1.0,16.8365,1.4057,1.9558,3.3641,1.4023,1.0695,7.3776,27.021,7.4376,117.4394,0.86013,8.3343,7.4331,309.46,14333.86,4.0323,72.3095,,121.49,1232.25,,10.7235,22.0157,4.7561,8.8568,1.4781,53.461,4.2972,4.5158,63.6106,9.442,1.5186,37.653,4.0118,33.3338,1.0741,14.4212
2017-02-06,1.0,16.7268,1.4006,1.9558,3.3408,1.3987,1.067,7.35,27.021,7.4372,117.2305,0.8595,8.3105,7.449,309.16,14241.6,4.0146,71.945,,120.28,1217.2,,10.7125,21.8217,4.7422,8.846,1.4672,53.18,4.2767,4.5085,63.0404,9.4605,1.5106,37.513,3.9404,33.0465,1.0712,14.2426
2017-02-07,1.0,16.8398,1.4014,1.9558,3.3378,1.4072,1.0658,7.3487,27.021,7.4353,117.014,0.8633,8.2823,7.448,309.71,14228.17,4.0085,71.973,,119.94,1224.51,,10.7219,22.0334,4.7354,8.8838,1.4631,53.108,4.3035,4.4899,63.4442,9.481,1.5142,37.416,3.9785,33.1678,1.0675,14.3443
2017-02-08,1.0,16.7334,1.396,1.9558,3.333,1.402,1.0637,7.3295,27.021,7.4342,117.062,0.85315,8.2745,7.4573,309.32,14211.11,4.0021,71.6095,,119.39,1220.64,,10.694,21.9102,4.7342,8.8835,1.46,53.233,4.3118,4.489,63.1825,9.4523,1.5112,37.359,3.9709,33.1159,1.0665,14.3162
2017-02-09,1.0,16.7757,1.3965,1.9558,3.3329,1.4016,1.0672,7.3413,27.021,7.4347,117.1538,0.8509,8.2952,7.4695,308.75,14172.25,4.0077,71.36,,120.04,1223.18,,10.7045,21.8579,4.7462,8.886,1.4803,53.369,4.3096,4.4945,62.873,9.4835,1.5125,37.433,3.9486,33.1451,1.0692,14.338
2017-02-10,1.0,16.6344,1.3905,1.9558,3.307,1.3965,1.0669,7.312,27.021,7.4344,116.6979,0.8529,8.2473,7.4595,308.45,14134.44,3.984,71.1435,,120.65,1222.56,,10.6795,21.5519,4.7241,8.9065,1.4798,53.096,4.2953,4.5002,62.2757,9.4873,1.5112,37.302,3.9173,32.9781,1.0629,14.1866
2017-02-13,1.0,16.5281,1.3867,1.9558,3.3159,1.3917,1.0673,7.3062,27.021,7.4359,116.6947,0.8489,8.2471,7.4485,308.02,14158.89,3.9885,71.188,,120.9,1223.31,,10.6815,21.6261,4.7283,8.9018,1.4808,53.059,4.3137,4.5022,61.67,9.478,1.5113,37.276,3.9177,32.9042,1.0629,14.1809
2017-02-14,1.0,16.4497,1.3813,1.9558,3.2881,1.3842,1.0659,7.2902,27.021,7.4359,116.7432,0.85098,8.2422,7.4537,308.13,14138.08,3.9783,70.9755,,120.43,1207.63,,10.7064,21.4981,4.7263,8.879,1.478,52.952,4.3012,4.5051,60.9409,9.4653,1.5044,37.154,3.878,32.6556,1.0623,13.914
2017-02-15,1.0,16.318,1.3761,1.9558,3.2505,1.3809,1.0652,7.2521,27.021,7.4345,116.231,0.84998,8.1923,7.4568,308.42,14060.98,3.9537,70.6005,,120.85,1205.35,,10.6495,21.4777,4.6959,8.8523,1.4705,52.719,4.3015,4.5143,60.9795,9.4508,1.5012,36.974,3.8662,32.4867,1.0555,13.7701
2017-02-16,1.0,16.3721,1.3808,1.9558,3.2402,1.3865,1.0647,7.3028,27.021,7.4341,116.866,0.8511,8.2675,7.4495,308.24,14188.46,3.9583,71.365,,120.95,1213.74,,10.688,21.5975,4.7439,8.869,1.4745,53.176,4.3176,4.5223,60.9025,9.4748,1.5104,37.282,3.9036,32.7481,1.0652,13.7837
2017-02-17,1.0,16.4441,1.3892,1.9558,3.2928,1.3929,1.0637,7.3134,27.021,7.4334,116.8396,0.8572,8.2659,7.441,308.32,14199.11,3.947,71.4615,,120.08,1224.76,,10.6895,21.805,4.7424,8.8645,1.4809,53.309,4.3305,4.5223,61.9668,9.4478,1.5086,37.27,3.9117,32.9026,1.065,13.9357
2017-02-20,1.0,16.6512,1.3835,1.9558,3.2884,1.3918,1.065,7.3011,27.021,7.4333,116.805,0.85145,8.2392,7.4485,308.26,14181.65,3.9362,71.0625,,120.11,1218.35,,10.6841,21.7273,4.7335,8.8568,1.4772,53.462,4.3246,4.5218,61.6215,9.4785,1.5057,37.177,3.8481,32.6983,1.0616,13.9176
2017-02-21,1.0,16.5431,1.3762,1.9558,3.2623,1.384,1.0639,7.2545,27.021,7.4333,116.311,0.8486,8.1783,7.452,306.9,14090.6,3.9011,70.53,,119.77,1208.7,,10.6445,21.5277,4.6973,8.8138,1.4757,52.99,4.3064,4.5151,60.839,9.469,1.4989,36.916,3.8213,32.4476,1.0537,13.8666
2017-02-22,1.0,16.395,1.3689,1.9558,3.2422,1.3844,1.0642,7.2311,27.021,7.4332,116.114,0.8445,8.1585,7.448,307.53,14041.37,3.8981,70.423,,118.79,1201.28,,10.6327,21.0585,4.6821,8.8153,1.4672,52.868,4.2987,4.5208,60.7803,9.47,1.4905,36.806,3.7871,32.3626,1.0513,13.7773
2017-02-23,1.0,16.4674,1.3691,1.9558,3.2412,1.3868,1.0663,7.2693,27.021,7.4335,116.4717,0.84628,8.2037,7.432,308.21,14091.1,3.9105,70.5465,,119.3,1200.29,,10.6568,21.015,4.7039,8.807,1.4637,53.048,4.308,4.52,61.1931,9.4975,1.4926,36.99,3.7757,32.4612,1.0573,13.618
2017-02-24,1.0,16.497,1.3816,1.9558,3.277,1.3907,1.0649,7.2873,27.021,7.4344,116.7229,0.84503,8.2341,7.4275,308.59,14128.33,3.9241,70.6645,,119.04,1198.21,,10.6715,20.8929,4.7109,8.8365,1.4711,53.255,4.3107,4.517,61.6435,9.5188,1.4892,37.006,3.7991,32.525,1.0609,13.7016
2017-02-27,1.0,16.3834,1.3796,1.9558,3.2916,1.3889,1.0664,7.2756,27.021,7.4331,116.5601,0.8528,8.2164,7.428,307.69,14147.3,3.889,70.612,,118.87,1200.05,,10.663,20.9539,4.699,8.8383,1.4701,53.193,4.3148,4.5129,61.1026,9.5548,1.4878,36.901,3.81,32.5275,1.0587,13.7155
2017-02-28,1.0,16.3989,1.3807,1.9558,3.281,1.3984,1.0648,7.278,27.021,7.4332,116.5538,0.85305,8.2252,7.4365,308.25,14132.16,3.8782,70.629,,118.83,1194.24,,10.6665,21.08,4.7051,8.8693,1.4707,53.258,4.3148,4.5202,61.755,9.5675,1.4831,36.952,3.8391,32.4582,1.0597,13.791
2017-03-01,1.0,16.2998,1.3752,1.9558,3.2768,1.4044,1.0647,7.2472,27.021,7.4333,116.3465,0.8555,8.1773,7.4205,307.95,14074.19,3.8274,70.396,,119.84,1204.93,,10.6507,21.11,4.685,8.8618,1.4793,53.015,4.2958,4.5207,61.419,9.5268,1.4842,36.871,3.8438,32.4485,1.0533,13.7793
2017-03-02,1.0,16.2073,1.384,1.9558,3.2687,1.4069,1.0651,7.2399,27.021,7.4336,116.0933,0.8556,8.1622,7.4193,308.33,14045.13,3.881,70.2,,120.24,1204.29,,10.6324,20.9495,4.6777,8.883,1.4823,52.997,4.2941,4.522,61.6805,9.5195,1.484,36.804,3.8972,32.4556,1.0514,13.7799
2017-03-03,1.0,16.3176,1.3956,1.9558,3.308,1.4161,1.0675,7.2872,27.021,7.4337,116.3793,0.86355,8.2031,7.4163,309.68,14138.61,3.9133,70.592,,120.83,1218.65,,10.6555,20.7635,4.7062,8.9303,1.5011,53.197,4.3007,4.5328,62.0628,9.5375,1.4933,37.041,3.9388,32.7188,1.0565,13.822
2017-03-06,1.0,16.3593,1.3937,1.9558,3.2896,1.4183,1.0694,7.305,27.021,7.4337,116.6659,0.863,8.2235,7.409,309.55,14138.32,3.895,70.5955,,120.55,1222.76,,10.664,20.6859,4.7113,8.9673,1.5079,53.251,4.3091,4.529,61.5602,9.5335,1.4936,37.104,3.9328,32.7542,1.0592,13.7644
2017-03-07,1.0,16.3769,1.392,1.9558,3.2974,1.4191,1.073,7.2976,27.021,7.434,116.5351,0.8671,8.212,7.409,309.52,14115.79,3.8885,70.47,,120.61,1215.71,,10.6605,20.6124,4.7038,8.9443,1.5153,53.237,4.3075,4.5384,61.356,9.5218,1.492,37.111,3.8894,32.7158,1.0576,13.7038
2017-03-08,1.0,16.4436,1.3968,1.9558,3.3151,1.4193,1.0702,7.2953,27.021,7.4335,116.3854,0.86753,8.1982,7.4213,310.7,14144.8,3.8879,70.496,,120.65,1216.36,,10.6505,20.713,4.7082,8.9513,1.5219,53.198,4.313,4.5503,61.7573,9.5223,1.4947,37.236,3.9434,32.6587,1.0556,13.7908
2017-03-09,1.0,16.5123,1.4044,1.9558,3.3436,1.4272,1.0709,7.2912,27.021,7.4337,116.3455,0.86653,8.1949,7.4312,311.14,14135.85,3.8938,70.3995,,120.95,1222.35,,10.6746,20.877,4.7002,9.0458,1.5277,53.117,4.3171,4.5499,62.6102,9.5525,1.4986,37.287,3.9603,32.7567,1.0551,13.9979
2017-03-10,1.0,16.487,1.4095,1.9558,3.3694,1.4322,1.0743,7.3336,27.021,7.4331,116.8705,0.8725,8.2367,7.419,312.27,14185.77,3.9086,70.6725,,122.42,1226.28,,10.6725,20.9681,4.7231,9.1405,1.5348,53.281,4.3259,4.549,62.6964,9.5778,1.5041,37.556,3.9801,32.9713,1.0606,14.0681
2017-03-13,1.0,16.4951,1.4078,1.9558,3.3609,1.435,1.0749,7.3717,27.021,7.434,117.1215,0.87258,8.2804,7.4333,312.43,14241.5,3.9009,70.5475,,122.35,1222.96,,10.695,20.9398,4.745,9.1298,1.5385,53.681,4.3376,4.556,62.955,9.5645,1.5073,37.672,3.9952,33.0281,1.0663,14.0101
2017-03-14,1.0,16.5365,1.4073,1.9558,3.3591,1.4338,1.0726,7.3511,27.021,7.4338,117.1393,0.87563,8.2598,7.426,311.32,14213.91,3.8947,69.917,,122.13,1222.47,,10.7094,20.8468,4.7303,9.151,1.5389,53.481,4.3221,4.5435,63.1241,9.4968,1.5039,37.554,3.9776,32.9231,1.0631,13.9904
2017-03-15,1.0,16.5172,1.3992,1.9558,3.3553,1.4291,1.0715,7.3438,27.021,7.4339,116.8538,0.87073,8.2527,7.4298,310.83,14191.33,3.885,69.7475,,121.77,1217.28,,10.6795,20.801,4.7258,9.1353,1.5277,53.39,4.3206,4.5423,62.7435,9.5603,1.5001,37.453,3.9497,32.8607,1.0622,13.8649
2017-03-16,1.0,16.6414,1.3945,1.9558,3.3244,1.4277,1.0695,7.4004,27.021,7.4343,117.4914,0.8681,8.3275,7.422,310.04,14283.81,3.8918,70.1205,,121.55,1209.16,,10.7179,20.477,4.7618,9.1588,1.5351,53.709,4.2974,4.5508,62.1796,9.4838,1.5035,37.536,3.903,32.755,1.0726,13.627
2017-03-17,1.0,16.6531,1.394,1.9558,3.3342,1.4296,1.0698,7.4141,27.021,7.4343,117.4467,0.86868,8.3352,7.4133,308.55,14328.53,3.8979,70.251,,121.49,1213.19,,10.7212,20.571,4.7624,9.1023,1.5318,53.867,4.2982,4.5633,61.9515,9.461,1.5055,37.418,3.8896,32.8038,1.0737,13.7004
2017-03-20,1.0,16.7274,1.3922,1.9558,3.3416,1.4359,1.072,7.4268,27.021,7.4346,117.8729,0.86793,8.3497,7.4055,308.64,14314.68,3.9044,70.2805,,121.19,1199.56,,10.7416,20.5514,4.7594,9.1278,1.5271,53.826,4.282,4.5605,61.8563,9.5078,1.503,37.336,3.9067,32.7392,1.0752,13.6292
2017-03-21,1.0,16.8889,1.3969,1.9558,3.3175,1.4349,1.075,7.4418,27.021,7.4353,117.9797,0.86753,8.3886,7.4078,308.29,14387.18,3.9046,70.493,,121.58,1208.01,,10.7648,20.5078,4.7804,9.1253,1.5309,54.075,4.2628,4.5646,61.811,9.4923,1.5088,37.434,3.8972,32.8459,1.0802,13.5822
2017-03-22,1.0,16.8827,1.4086,1.9558,3.3484,1.4458,1.0714,7.4433,27.021,7.4372,118.3512,0.8679,8.3949,7.4088,309.16,14404.65,3.9501,70.6995,,120.07,1210.08,,10.7759,20.69,4.7848,9.1463,1.5353,54.272,4.2816,4.559,62.6509,9.5105,1.5108,37.425,3.9156,32.902,1.0807,13.6114
2017-03-23,1.0,16.8639,1.4132,1.9558,3.3608,1.4387,1.07,7.4268,27.021,7.4356,117.9649,0.86273,8.378,7.4178,309.22,14363.72,3.9322,70.6095,,119.36,1207.38,,10.767,20.5962,4.7771,9.1478,1.5303,54.309,4.2685,4.5555,62.2001,9.5095,1.5086,37.32,3.9038,32.8454,1.0786,13.4933
2017-03-24,1.0,16.8531,1.4182,1.9558,3.3845,1.4448,1.0718,7.4406,27.021,7.4378,117.88,0.866,8.3933,7.4198,309.81,14399.28,3.9347,70.652,,120.09,1210.37,,10.7749,20.4282,4.78,9.1793,1.5401,54.254,4.2695,4.5527,61.6859,9.5373,1.5126,37.353,3.9176,32.832,1.0805,13.4816
2017-03-27,1.0,16.9868,1.4261,1.9558,3.398,1.4536,1.0713,7.4895,27.021,7.4404,118.9186,0.86403,8.4584,7.4395,310.21,14486.06,3.9363,70.817,,119.93,1207.95,,10.8101,20.4918,4.8055,9.2188,1.5416,54.516,4.2641,4.5491,61.8655,9.5503,1.5149,37.404,3.9203,32.8123,1.0889,13.761
2017-03-28,1.0,16.9395,1.4281,1.9558,3.3947,1.4546,1.0693,7.4767,27.021,7.4406,118.4947,0.86455,8.4346,7.4325,309.19,14441.86,3.925,70.6435,,119.84,1209.11,,10.7982,20.4927,4.7951,9.238,1.5454,54.487,4.247,4.5529,61.8842,9.5318,1.5137,37.371,3.9353,32.813,1.0859,14.0518
2017-03-29,1.0,16.7513,1.406,1.9558,3.3666,1.438,1.0712,7.4063,27.021,7.4412,118.1835,0.86385,8.3503,7.436,309.62,14305.2,3.8972,69.759,,119.17,1195.89,,10.7373,20.3522,4.7495,9.1908,1.5321,54.033,4.2389,4.5563,61.2237,9.5505,1.5006,37.011,3.9246,32.4748,1.0748,14.1215
2017-03-30,1.0,16.5511,1.3988,1.9558,3.3555,1.432,1.0698,7.3973,27.022,7.4386,117.7237,0.8618,8.345,7.448,309.35,14297.39,3.8914,69.691,,119.39,1199.08,,10.7331,20.1228,4.7463,9.1695,1.5304,53.865,4.2233,4.5448,60.3375,9.5623,1.4977,36.951,3.9119,32.5438,1.0737,13.8165
2017-03-31,1.0,16.4871,1.3982,1.9558,3.38,1.4265,1.0696,7.3642,27.03,7.4379,117.446,0.85553,8.3074,7.4465,307.62,14237.94,3.8853,69.3965,,119.55,1194.54,,10.7148,20.0175,4.7313,9.1683,1.5309,53.658,4.2265,4.5525,60.313,9.5322,1.494,36.724,3.8894,32.4904,1.0691,14.2404
2017-04-03,1.0,16.3972,1.4012,1.9558,3.3314,1.4229,1.0682,7.3423,27.044,7.4374,117.23,0.8526,8.2858,7.4305,308.68,14203.12,3.869,69.2805,,118.64,1191.09,,10.703,19.9794,4.7202,9.1468,1.5226,53.456,4.2279,4.5495,60.0802,9.5145,1.4899,36.658,3.8831,32.3857,1.0661,14.4506
2017-04-04,1.0,16.3908,1.4109,1.9558,3.3395,1.432,1.0673,7.3371,27.054,7.4375,117.3094,0.85623,8.2765,7.437,309.38,14195.65,3.8826,69.425,,117.55,1198.13,,10.7147,20.1312,4.72,9.179,1.526,53.482,4.2571,4.5442,60.1167,9.61,1.4903,36.687,3.8921,32.4673,1.0651,14.6579
2017-04-05,1.0,16.4388,1.4085,1.9558,3.2974,1.4291,1.0708,7.3638,27.058,7.4354,117.4941,0.8551,8.2957,7.4578,309.91,14227.37,3.9026,69.293,,118.49,1202.72,,10.7298,20.0177,4.7314,9.1665,1.5319,53.532,4.2315,4.5397,59.6596,9.5748,1.4948,36.86,3.9404,32.486,1.0678,14.6327
2017-04-06,1.0,16.4203,1.4103,1.9558,3.3232,1.4322,1.0702,7.3577,26.736,7.435,117.5788,0.8559,8.2869,7.46,309.76,14207.11,3.8895,68.815,,118.23,1206.44,,10.7233,20.0393,4.732,9.1688,1.5271,53.489,4.2271,4.5236,60.0558,9.5895,1.494,36.904,3.955,32.5383,1.0666,14.7229
2017-04-07,1.0,16.3803,1.4123,1.9558,3.3349,1.4256,1.0695,7.3318,26.563,7.4363,117.3369,0.85573,8.2596,7.449,310.36,14161.42,3.8784,68.3775,,117.64,1206.35,,10.7077,19.9474,4.7144,9.1583,1.5249,53.019,4.2249,4.5178,60.4918,9.5963,1.4902,36.79,3.9726,32.4997,1.063,14.684
2017-04-10,1.0,16.2304,1.412,1.9558,3.3175,1.4155,1.0682,7.3022,26.528,7.4363,117.0081,0.85335,8.2189,7.435,311.35,14047.58,3.8735,68.2915,,117.72,1208.18,,10.6689,19.7586,4.6919,9.1443,1.5239,52.492,4.2296,4.5118,60.5034,9.6098,1.488,36.653,3.9494,32.3756,1.0578,14.6918
2017-04-11,1.0,16.1469,1.4137,1.9558,3.3241,1.4139,1.0696,7.3256,26.658,7.4372,117.1419,0.8533,8.2499,7.424,311.4,14099.64,3.8817,68.455,,117.36,1214.5,,10.7039,19.8434,4.7066,9.1245,1.5285,52.631,4.2414,4.5104,60.4528,9.5915,1.4904,36.726,3.9392,32.5098,1.0616,14.6891
2017-04-12,1.0,16.1753,1.4163,1.9558,3.333,1.4114,1.0678,7.309,26.697,7.4369,116.9095,0.8484,8.2416,7.4385,311.97,14087.68,3.8762,68.5895,,116.22,1209.26,,10.6908,19.9384,4.6954,9.1035,1.532,52.446,4.2485,4.5205,60.5067,9.5553,1.4869,36.555,3.8965,32.391,1.0605,14.5185
2017-04-13,1.0,16.1502,1.4027,1.9558,3.3277,1.4069,1.0686,7.3227,26.704,7.4376,117.0254,0.84763,8.2652,7.4255,312.55,14091.66,3.8841,68.4915,,116.01,1202.93,,10.706,19.7661,4.6905,9.1033,1.5178,52.584,4.245,4.5189,59.935,9.582,1.4845,36.503,3.8991,32.226,1.063,14.3805
2017-04-18,1.0,16.2356,1.4155,1.9558,3.3194,1.4273,1.0686,7.3524,26.759,7.4381,117.6081,0.84375,8.304,7.437,312.58,14203.32,3.9152,69.008,,116.26,1221.05,,10.7162,19.8272,4.7113,9.1093,1.5186,53.064,4.2363,4.518,59.886,9.5908,1.4937,36.693,3.9423,32.4872,1.0682,14.3001
2017-04-19,1.0,16.3921,1.4255,1.9558,3.3368,1.4415,1.069,7.3852,26.794,7.4387,117.6323,0.8343,8.3397,7.4468,313.05,14293.2,3.9313,69.243,,116.91,1222.42,,10.7336,20.019,4.719,9.1528,1.5283,53.339,4.2358,4.5341,60.2656,9.6195,1.4987,36.883,3.9292,32.6169,1.0725,14.261
2017-04-20,1.0,16.5312,1.4278,1.9558,3.377,1.4494,1.0701,7.3965,26.907,7.4381,117.8913,0.8392,8.355,7.455,313.5,14316.1,3.9382,69.4375,,117.16,1220.93,,10.7417,20.198,4.7257,9.212,1.5301,53.422,4.2588,4.5405,60.4465,9.6203,1.5009,36.931,3.9067,32.6396,1.0745,14.1282
2017-04-21,1.0,16.4648,1.4219,1.9558,3.3683,1.4413,1.068,7.3666,26.933,7.4369,117.5706,0.8372,8.319,7.4575,314.18,14249.74,3.9366,69.1185,,116.72,1215.07,,10.7178,20.1459,4.7061,9.2478,1.5277,53.306,4.2727,4.5437,60.2565,9.639,1.4948,36.79,3.9001,32.4702,1.0698,14.0587
2017-04-24,1.0,16.7873,1.433,1.9558,3.3903,1.457,1.0806,7.4691,26.793,7.439,118.5174,0.8483,8.4376,7.4623,311.47,14405.06,3.962,69.913,,119.67,1224.22,,10.7764,20.1642,4.772,9.245,1.5442,53.995,4.242,4.5285,60.6905,9.5825,1.511,37.274,3.8969,32.7593,1.0848,14.0639
2017-04-25,1.0,16.7667,1.4454,1.9558,3.4329,1.479,1.0826,7.4976,26.771,7.4396,118.8837,0.84928,8.4756,7.4645,311.7,14460.53,3.969,70.013,,120.34,1228.28,,10.8124,20.5205,4.755,9.3158,1.5636,54.078,4.2273,4.5255,61.0111,9.601,1.517,37.487,3.9127,32.7881,1.0891,14.2071
2017-04-26,1.0,16.797,1.4559,1.9558,3.4521,1.4792,1.0835,7.5061,26.947,7.4395,118.8862,0.84903,8.4757,7.4725,311.93,14482.59,3.9612,69.849,,121.35,1231.89,,10.8115,20.6261,4.7357,9.3485,1.5806,54.278,4.2241,4.5338,61.7554,9.5605,1.5206,37.548,3.8991,32.788,1.0893,14.4178
2017-04-27,1.0,16.8465,1.4576,1.9558,3.4387,1.4783,1.082,7.5024,26.937,7.4387,118.7922,0.8442,8.4672,7.488,312.03,14486.96,3.965,69.766,,121.27,1234.33,,10.789,20.6615,4.7311,9.3367,1.5832,54.564,4.2216,4.5288,62.078,9.6244,1.5205,37.67,3.8797,32.8205,1.0881,14.5361
2017-04-28,1.0,16.8377,1.4629,1.9558,3.4718,1.4914,1.0831,7.5367,26.922,7.4383,119.1479,0.84473,8.5004,7.464,312.38,14568.6,3.9588,70.2615,,121.76,1243.69,,10.8279,20.75,4.7447,9.3243,1.5897,54.763,4.2224,4.5348,62.1061,9.6318,1.5258,37.785,3.8756,33.0112,1.093,14.4899
2017-05-02,1.0,16.7927,1.4518,1.9558,3.4585,1.4928,1.0852,7.5263,26.893,7.437,119.3636,0.8452,8.4937,7.457,312.2,14529.5,3.9397,70.1025,,122.55,1233.65,,10.8212,20.4568,4.724,9.378,1.5782,54.577,4.2088,4.5495,62.23,9.629,1.5222,37.657,3.8621,32.7891,1.0915,14.4886
2017-05-03,1.0,16.6897,1.4615,1.9558,3.4424,1.499,1.0812,7.5267,26.871,7.4372,119.237,0.8444,8.4967,7.4493,312.15,14528.28,3.9495,70.054,,122.47,1235.52,,10.8222,20.5365,4.7159,9.3878,1.5768,54.583,4.1913,4.5485,62.5464,9.6273,1.5229,37.654,3.8603,32.8086,1.0919,14.573
2017-05-04,1.0,16.6959,1.4773,1.9558,3.4822,1.501,1.0843,7.535,26.767,7.4365,119.1742,0.84765,8.504,7.449,312.05,14562.96,3.9546,70.136,,123.31,1241.17,,10.8262,20.7386,4.7287,9.4803,1.5925,54.584,4.2107,4.546,63.3428,9.6438,1.5293,37.84,3.891,32.9445,1.0927,14.7991
2017-05-05,1.0,16.8197,1.4832,1.9558,3.4917,1.5094,1.0839,7.5655,26.781,7.4369,119.4826,0.8471,8.5312,7.433,311.47,14611.01,3.9501,70.565,,123.29,1251.13,,10.8398,20.8874,4.7543,9.5023,1.5911,54.782,4.2173,4.547,64.16,9.6865,1.5402,38.046,3.9054,33.1684,1.0961,14.8898
2017-05-08,1.0,16.809,1.4791,1.9558,3.4896,1.4986,1.0878,7.5513,26.712,7.4387,119.4313,0.84465,8.5152,7.418,311.24,14557.93,3.943,70.3455,,123.1,1239.29,,10.8282,20.8324,4.7425,9.4465,1.5802,54.567,4.2011,4.5488,63.6825,9.659,1.5368,37.922,3.8985,33.0131,1.0938,14.8494
2017-05-09,1.0,16.8486,1.4809,1.9558,3.473,1.4921,1.0938,7.5201,26.672,7.4395,119.0009,0.843,8.4755,7.4238,311.73,14535.48,3.9234,70.3975,,124.04,1238.96,,10.7926,20.8766,4.733,9.4138,1.5788,54.409,4.2223,4.55,63.4665,9.6698,1.5362,37.852,3.9148,32.9726,1.0888,14.8785
2017-05-10,1.0,16.884,1.474,1.9558,3.444,1.4905,1.0949,7.5116,26.642,7.4409,119.2823,0.83985,8.4728,7.4215,310.59,14535.63,3.9183,70.239,,123.84,1234.98,,10.8066,20.7574,4.7304,9.4435,1.5671,54.314,4.218,4.5495,62.9593,9.699,1.5348,37.826,3.9057,32.896,1.0882,14.6798
2017-05-11,1.0,16.8384,1.4737,1.9558,3.4363,1.4906,1.0952,7.4957,26.598,7.4401,118.9957,0.84485,8.4594,7.432,310.57,14490.5,3.922,69.906,,123.69,1225.56,,10.8001,20.605,4.7225,9.333,1.5862,54.176,4.2242,4.549,62.065,9.6478,1.5292,37.74,3.8921,32.7766,1.086,14.5157
2017-05-12,1.0,16.798,1.4731,1.9558,3.4227,1.4941,1.0963,7.5047,26.576,7.4402,119.0668,0.84588,8.4761,7.4225,310.24,14497.16,3.9203,69.9395,,123.82,1226.52,,10.8064,20.5521,4.7243,9.3665,1.5892,54.087,4.217,4.545,62.3148,9.6673,1.5314,37.778,3.9038,32.8529,1.0876,14.6336
2017-05-15,1.0,16.9353,1.4741,1.9558,3.4065,1.4931,1.0944,7.5629,26.471,7.4395,119.5179,0.84928,8.544,7.4332,309.17,14591.66,3.9466,70.2725,,124.45,1225.57,,10.8421,20.502,4.7489,9.3325,1.5875,54.463,4.2089,4.5503,61.7094,9.6733,1.5342,37.903,3.902,32.9924,1.0972,14.4818
2017-05-16,1.0,17.1732,1.492,1.9558,3.4316,1.5058,1.0958,7.6185,26.42,7.4394,120.2146,0.85868,8.6143,7.4303,309.54,14709.02,3.9874,70.8505,,125.67,1234.76,,10.8642,20.6886,4.7791,9.3918,1.609,54.898,4.1984,4.5478,62.3,9.7215,1.5457,38.187,3.933,33.2934,1.1059,14.5287
2017-05-17,1.0,17.3147,1.5014,1.9558,3.4446,1.5136,1.0923,7.6552,26.435,7.4403,120.9063,0.85745,8.6573,7.4313,309.42,14798.95,4.004,71.261,,124.82,1244.79,,10.8947,20.7537,4.8059,9.3708,1.613,55.247,4.1867,4.5584,63.0276,9.7573,1.55,38.37,3.9472,33.5182,1.1117,14.5533
2017-05-18,1.0,17.369,1.4957,1.9558,3.4888,1.5183,1.0874,7.6698,26.632,7.4414,120.8338,0.85363,8.6615,7.454,310.69,14986.31,4.0115,72.3908,,123.05,1260.82,,10.904,21.275,4.8273,9.4113,1.6057,55.648,4.2232,4.5683,64.5335,9.7655,1.5491,38.389,4.0461,33.7932,1.1129,15.0561
2017-05-19,1.0,17.8998,1.5031,1.9558,3.7227,1.5169,1.0921,7.7015,26.503,7.4411,121.0898,0.85908,8.6999,7.439,309.6,14881.48,4.0087,72.202,,124.35,1251.53,,10.9231,20.9378,4.831,9.3923,1.6227,55.564,4.2005,4.5602,63.781,9.7893,1.5509,38.422,4.0275,33.5495,1.1179,14.8274
2017-05-22,1.0,18.0079,1.5049,1.9558,3.7029,1.5174,1.0911,7.7457,26.488,7.4432,121.5149,0.86353,8.7533,7.4415,308.65,14926.0,4.0269,72.557,,125.18,1256.08,,10.9505,20.9641,4.8395,9.3723,1.612,55.863,4.1927,4.5609,63.7417,9.7895,1.5581,38.642,4.0027,33.7654,1.1243,14.8198
2017-05-23,1.0,18.1403,1.4939,1.9558,3.6718,1.5104,1.0912,7.7277,26.483,7.444,121.5288,0.86463,8.7337,7.4323,308.48,14916.24,4.0229,72.7795,,124.62,1260.51,,10.9343,20.8753,4.8152,9.376,1.5929,55.832,4.198,4.5543,63.3563,9.7403,1.5569,38.557,3.9971,33.8211,1.1215,14.808
2017-05-24,1.0,18.0095,1.497,1.9558,3.6442,1.5109,1.0929,7.7119,26.463,7.4415,121.2493,0.8634,8.7182,7.428,308.11,14896.2,4.0179,72.4575,,125.15,1256.7,,10.9268,20.794,4.8052,9.3843,1.5908,55.944,4.1867,4.5511,63.1545,9.7418,1.5539,38.454,3.9924,33.7674,1.1193,14.4977
2017-05-25,1.0,18.0405,1.5022,1.9558,3.666,1.5063,1.0904,7.7018,26.413,7.4409,121.6872,0.86528,8.7372,7.4305,307.93,14911.26,4.0111,72.445,,125.33,1255.74,,10.9358,20.6324,4.7979,9.333,1.5944,55.924,4.1793,4.55,63.1321,9.7275,1.5525,38.363,3.9967,33.7532,1.1214,14.4605
2017-05-26,1.0,18.0054,1.5038,1.9558,3.6609,1.5077,1.0888,7.6782,26.434,7.4415,121.3302,0.8719,8.7249,7.424,307.4,14891.55,4.0008,72.2175,,124.38,1251.82,,10.929,20.6839,4.779,9.4018,1.5856,55.729,4.183,4.5568,63.7967,9.7275,1.5479,38.122,3.9963,33.7028,1.1196,14.4108
2017-05-29,1.0,17.9098,1.5045,1.9558,3.6538,1.5053,1.09,7.6714,26.435,7.4405,121.3821,0.87093,8.7202,7.4135,307.84,14896.82,3.9968,72.205,,124.57,1254.24,,10.9258,20.7083,4.7775,9.4065,1.5792,55.713,4.1797,4.5638,63.3437,9.7248,1.5489,38.168,4.0022,33.7725,1.1188,14.4857
2017-05-30,1.0,17.8545,1.4992,1.9558,3.6509,1.5048,1.0903,7.6597,26.467,7.4396,121.3865,0.86793,8.707,7.4195,308.63,14886.35,3.9683,72.2415,,123.97,1255.99,,10.9298,20.735,4.7829,9.4398,1.5799,55.634,4.176,4.566,63.2618,9.7688,1.5484,38.133,3.9738,33.7041,1.1173,14.6891
2017-05-31,1.0,18.1163,1.5054,1.9558,3.6485,1.5108,1.0896,7.6449,26.422,7.4398,121.5813,0.87365,8.7421,7.4135,307.2,14932.91,3.9757,72.334,,124.4,1255.01,,10.94,21.0559,4.8037,9.4388,1.5789,55.847,4.1712,4.5655,63.7056,9.7558,1.5518,38.23,3.9684,33.7955,1.1221,14.7374
2017-06-01,1.0,18.057,1.5182,1.9558,3.6135,1.5155,1.0883,7.6389,26.397,7.4394,121.6861,0.8723,8.7419,7.413,307.55,14932.49,3.984,72.3235,,124.53,1258.4,,10.94,20.9199,4.8107,9.4895,1.587,55.776,4.183,4.5685,63.5329,9.776,1.5525,38.313,3.9715,33.7924,1.1219,14.6408
2017-06-02,1.0,18.005,1.5173,1.9558,3.6308,1.5169,1.0893,7.6507,26.36,7.4392,121.4285,0.87268,8.7413,7.4113,308.45,14930.95,3.9938,72.2855,,125.02,1259.95,,10.9431,20.8982,4.8014,9.4918,1.5811,55.553,4.1925,4.5653,63.4621,9.7433,1.5552,38.306,3.9601,33.8033,1.1217,14.4367
2017-06-05,1.0,18.0417,1.504,1.9558,3.666,1.5174,1.0856,7.6553,26.327,7.4398,121.7513,0.8713,8.7651,7.4008,307.22,14945.42,3.9923,72.402,,124.3,1258.29,,10.9554,20.6918,4.796,9.489,1.5769,55.585,4.1838,4.5698,63.715,9.7448,1.5541,38.28,3.9562,33.8295,1.1249,14.3317
2017-06-06,1.0,18.046,1.504,1.9558,3.7117,1.517,1.0851,7.6491,26.336,7.4384,121.8242,0.8723,8.7751,7.4065,307.66,14967.28,3.9922,72.5835,,123.12,1261.08,,10.955,20.6935,4.8032,9.5158,1.5694,55.745,4.1992,4.566,63.8407,9.7503,1.5553,38.221,3.9736,33.9225,1.1258,14.4651
2017-06-07,1.0,17.964,1.4845,1.9558,3.6694,1.5085,1.0843,7.6253,26.316,7.4387,121.5507,0.86908,8.7422,7.4058,308.66,14919.73,3.9772,72.178,,122.78,1261.41,,10.9429,20.4388,4.779,9.5023,1.5599,55.573,4.1913,4.5703,63.5152,9.7953,1.5499,38.166,3.9747,33.8066,1.1217,14.4307
2017-06-08,1.0,17.9574,1.4894,1.9558,3.6852,1.5175,1.0856,7.6332,26.268,7.4383,121.7205,0.86755,8.7551,7.4228,308.01,14932.32,3.9704,72.1365,,123.77,1261.42,,10.9432,20.47,4.7931,9.5233,1.5575,55.624,4.2065,4.5665,64.0135,9.7885,1.5525,38.22,3.9865,33.8246,1.1229,14.4476
2017-06-09,1.0,17.8095,1.4837,1.9558,3.6476,1.5098,1.0863,7.5962,26.223,7.4378,121.1708,0.87638,8.7136,7.415,307.32,14862.96,3.9387,71.8,,123.44,1256.54,,10.9414,20.3526,4.7666,9.5218,1.552,55.332,4.1903,4.5628,63.6657,9.7615,1.5469,38.077,3.9444,33.6627,1.1176,14.4002
2017-06-12,1.0,17.8425,1.4875,1.9558,3.684,1.5078,1.0857,7.6284,26.198,7.4367,121.4482,0.88545,8.751,7.4115,307.18,14921.69,3.9644,72.308,,123.3,1270.17,,10.9432,20.3762,4.7858,9.4985,1.5583,55.624,4.1899,4.562,63.9585,9.7803,1.5531,38.219,3.9459,33.9484,1.1221,14.3757
2017-06-13,1.0,17.8552,1.488,1.9558,3.7045,1.4892,1.085,7.6245,26.147,7.4365,121.633,0.88075,8.7489,7.4085,306.97,14904.08,3.9549,72.193,,123.43,1265.98,,10.9397,20.3188,4.7812,9.454,1.5528,55.51,4.1936,4.5662,63.8205,9.7443,1.5501,38.048,3.9519,33.9012,1.1217,14.3297
2017-06-14,1.0,17.7736,1.4778,1.9558,3.7027,1.4796,1.0874,7.6147,26.163,7.4363,121.4844,0.8796,8.7392,7.3995,306.39,14880.38,3.9541,72.035,,123.58,1260.45,,10.9355,20.2078,4.7702,9.414,1.5453,55.465,4.1967,4.5664,63.945,9.7448,1.5457,38.023,3.9362,33.8538,1.1203,14.2697
2017-06-15,1.0,17.7584,1.4722,1.9558,3.6559,1.4826,1.0874,7.5985,26.213,7.436,121.2782,0.8764,8.7118,7.405,307.79,14871.15,3.9332,72.142,,122.95,1263.07,,10.9375,20.1825,4.7651,9.4718,1.5505,55.657,4.2122,4.5893,64.3175,9.7278,1.5444,37.953,3.9266,33.9012,1.1166,14.3723
2017-06-16,1.0,17.8315,1.4683,1.9558,3.6681,1.4766,1.0885,7.6089,26.233,7.4361,121.0855,0.87453,8.7108,7.3995,307.91,14849.32,3.939,71.9515,,124.33,1265.35,,10.9242,20.0887,4.7756,9.4615,1.5441,55.614,4.2184,4.5835,64.23,9.737,1.5457,37.923,3.9225,33.8366,1.1167,14.3831
2017-06-19,1.0,17.9464,1.4705,1.9558,3.6957,1.4827,1.087,7.6342,26.172,7.4371,121.4302,0.87518,8.735,7.4148,307.09,14872.95,3.9448,72.1465,,124.26,1269.76,,10.9356,20.1198,4.7904,9.4518,1.5411,56.012,4.2125,4.5901,65.1757,9.7443,1.5483,38.009,3.9297,33.9812,1.1199,14.5349
2017-06-20,1.0,18.0041,1.4674,1.9558,3.6845,1.4812,1.0854,7.6159,26.293,7.4378,121.0331,0.88143,8.7015,7.4175,309.13,14830.34,3.9482,71.9705,,124.25,1271.75,,10.9446,20.2098,4.785,9.493,1.5414,55.902,4.2306,4.5988,66.2746,9.7575,1.5482,37.919,3.945,33.9381,1.1156,14.6166
2017-06-21,1.0,17.9952,1.4738,1.9558,3.7028,1.4803,1.0857,7.6091,26.266,7.4403,121.0959,0.8781,8.6954,7.4165,309.13,14833.9,3.947,71.9005,,124.21,1273.11,,10.9412,20.2564,4.7793,9.5158,1.5402,56.053,4.2368,4.59,66.2425,9.7808,1.5487,37.9,3.9311,33.936,1.1147,14.5255
2017-06-22,1.0,18.1105,1.4812,1.9558,3.7164,1.4853,1.0867,7.6323,26.27,7.4388,121.307,0.88168,8.7127,7.4215,309.22,14885.48,3.9584,72.1515,,124.27,1275.96,,10.92,20.2844,4.8021,9.4855,1.5395,56.234,4.2402,4.5823,66.7825,9.7683,1.5529,37.975,3.9277,34.0018,1.1169,14.5204
2017-06-23,1.0,18.0427,1.4764,1.9558,3.7293,1.4783,1.0851,7.6413,26.297,7.4372,121.297,0.87805,8.7147,7.403,309.13,14865.68,3.9572,72.1025,,124.36,1271.16,,10.9211,20.162,4.791,9.4613,1.5345,56.117,4.232,4.5715,66.6677,9.77,1.5496,37.927,3.9235,33.8994,1.1173,14.4531
2017-06-26,1.0,18.0983,1.4771,1.9558,3.7259,1.4812,1.0881,7.6541,26.243,7.4364,121.4598,0.8783,8.7254,7.4126,309.48,14882.47,3.9501,72.098,,124.93,1271.44,,10.9198,20.0412,4.797,9.4788,1.5371,56.151,4.2108,4.5749,66.039,9.7618,1.5533,38.008,3.9244,33.9395,1.1187,14.4089
2017-06-27,1.0,18.3905,1.4819,1.9558,3.7216,1.4895,1.0883,7.6853,26.27,7.4357,121.9329,0.8837,8.7972,7.407,309.4,15007.64,3.9663,72.7545,,126.16,1283.79,,10.9198,20.1288,4.836,9.52,1.5431,56.653,4.2151,4.5635,66.553,9.7678,1.5626,38.289,3.9525,34.2263,1.1278,14.5572
2017-06-28,1.0,18.6442,1.4986,1.9558,3.7632,1.4888,1.0913,7.7348,26.326,7.4366,122.6578,0.88525,8.8759,7.4128,309.54,15160.03,4.004,73.4345,,127.53,1300.61,,10.9961,20.4344,4.8922,9.602,1.5648,57.518,4.2375,4.551,67.9014,9.778,1.5752,38.675,4.0079,34.6428,1.1375,14.808
2017-06-29,1.0,18.7299,1.4868,1.9558,3.7476,1.4867,1.0935,7.7412,26.3,7.4367,123.0334,0.8799,8.9107,7.4125,310.06,15216.95,3.9894,73.713,,128.59,1304.08,,11.012,20.47,4.9002,9.57,1.5651,57.706,4.2489,4.5744,67.3005,9.7215,1.5751,38.787,4.0143,34.7226,1.1413,14.8261
2017-06-30,1.0,18.8184,1.4851,1.9558,3.76,1.4785,1.093,7.7385,26.197,7.4366,123.0372,0.87933,8.9068,7.4103,308.97,15209.34,3.9888,73.7445,,127.75,1304.56,,11.016,20.5839,4.8986,9.5713,1.5554,57.575,4.2259,4.5523,67.5449,9.6398,1.571,38.744,4.0134,34.6628,1.1412,14.92
2017-07-03,1.0,18.8976,1.4848,1.9558,3.7737,1.4755,1.0943,7.7253,26.14,7.4366,122.5771,0.87705,8.8778,7.4215,309.25,15223.09,3.9768,73.737,,128.46,1305.91,,11.001,20.7257,4.8942,9.5065,1.5584,57.553,4.2355,4.5634,67.4684,9.6358,1.5709,38.632,4.0322,34.6414,1.1369,14.9926
2017-07-04,1.0,19.1298,1.4922,1.9558,3.7503,1.473,1.0954,7.722,26.132,7.4367,122.6499,0.87805,8.8646,7.4165,308.3,15174.42,3.9917,73.497,,128.57,1307.61,,10.9889,20.6761,4.879,9.485,1.5594,57.343,4.2426,4.5884,67.34,9.6735,1.5701,38.617,4.0377,34.6401,1.1353,15.0182
2017-07-05,1.0,19.1347,1.4916,1.9558,3.7545,1.4682,1.095,7.706,26.109,7.4369,122.4905,0.87735,8.8442,7.4143,308.16,15159.27,3.9872,73.4075,,128.64,1307.79,,10.9801,20.7053,4.8697,9.4965,1.5575,57.419,4.2463,4.5881,67.82,9.6243,1.5672,38.57,4.0611,34.6162,1.1329,15.1267
2017-07-06,1.0,19.5139,1.5008,1.9558,3.7639,1.4728,1.0975,7.7443,26.147,7.4369,122.9381,0.88013,8.8918,7.4055,309.37,15242.24,4.0258,73.7325,,129.01,1317.44,,11.0025,20.925,4.8938,9.5298,1.5697,57.733,4.2478,4.5933,68.4881,9.631,1.5749,38.8,4.1367,34.8527,1.1385,15.347
2017-07-07,1.0,19.4997,1.5006,1.9558,3.7587,1.4806,1.0983,7.759,26.079,7.4371,123.3586,0.88488,8.914,7.4153,308.38,15300.6,4.0273,73.6955,,129.8,1318.1,,11.0154,20.7488,4.9054,9.5613,1.5669,57.786,4.2322,4.5862,68.9193,9.6155,1.5761,38.892,4.1465,34.8873,1.1412,15.2646
2017-07-10,1.0,19.318,1.4999,1.9558,3.7292,1.4703,1.1007,7.7484,26.096,7.4366,123.3853,0.88443,8.8973,7.4043,307.99,15257.44,4.0397,73.4405,,129.98,1309.36,,11.0015,20.4881,4.89,9.5165,1.5663,57.93,4.234,4.5698,68.8648,9.6175,1.5783,38.852,4.1122,34.8101,1.1387,15.213
2017-07-11,1.0,19.3754,1.4988,1.9558,3.7258,1.4718,1.104,7.7577,26.124,7.4365,124.4304,0.88318,8.9084,7.411,308.13,15272.44,4.077,73.665,,130.36,1312.25,,11.0078,20.546,4.9013,9.512,1.5788,57.813,4.246,4.5685,69.33,9.639,1.5783,38.891,4.1431,34.8503,1.1405,15.4595
2017-07-12,1.0,19.4622,1.4966,1.9558,3.6997,1.4808,1.1027,7.7716,26.11,7.4369,125.0334,0.88925,8.9429,7.409,307.33,15307.31,4.068,73.8865,,130.02,1311.87,,11.0149,20.4629,4.921,9.4688,1.5827,57.949,4.2444,4.5675,69.3499,9.635,1.5815,38.967,4.1182,34.9031,1.1449,15.3359
2017-07-13,1.0,19.3621,1.477,1.9558,3.6733,1.4564,1.1011,7.7443,26.12,7.4367,124.8531,0.88215,8.9167,7.405,307.27,15238.84,4.043,73.5825,,129.17,1298.7,,11.0119,20.3212,4.9093,9.4518,1.5578,57.72,4.2332,4.5635,68.475,9.543,1.5722,38.761,4.0763,34.6563,1.1417,15.0961
2017-07-14,1.0,19.3404,1.471,1.9558,3.6599,1.4524,1.1051,7.7419,26.075,7.4365,124.7188,0.87983,8.9132,7.408,306.51,15225.9,4.0598,73.495,,129.1,1295.1,,11.0175,20.1393,4.8999,9.3843,1.5625,57.772,4.2172,4.5627,67.9547,9.5333,1.5684,38.645,4.0663,34.6525,1.1415,15.0313
2017-07-17,1.0,19.3421,1.4637,1.9558,3.6437,1.4502,1.1012,7.7591,26.09,7.4365,125.1867,0.87755,8.946,7.4111,306.05,15259.36,4.0675,73.7525,,128.86,1292.35,,11.0288,20.12,4.9143,9.3558,1.5624,58.087,4.208,4.5598,67.926,9.54,1.5672,38.581,4.0511,34.8168,1.1462,14.8359
2017-07-18,1.0,19.5482,1.4565,1.9558,3.6623,1.4548,1.1025,7.8001,26.08,7.4371,125.8119,0.8878,9.0176,7.4138,306.2,15368.15,4.1244,74.337,,129.46,1298.89,,11.0597,20.2288,4.9513,9.3065,1.5713,58.597,4.2029,4.56,68.1676,9.5658,1.5793,38.831,4.075,35.0475,1.1555,14.9464
2017-07-19,1.0,19.7087,1.4532,1.9558,3.6432,1.454,1.0994,7.7889,26.035,7.4369,125.782,0.88485,9.0059,7.4143,306.42,15359.65,4.1279,74.1515,,129.03,1294.27,,11.0664,20.175,4.9436,9.3018,1.564,58.633,4.2127,4.567,68.0915,9.5598,1.5773,38.751,4.0576,35.0376,1.1533,14.8896
2017-07-20,1.0,19.6899,1.451,1.9558,3.6166,1.4487,1.1039,7.776,26.04,7.4367,125.2991,0.88718,8.97,7.4103,305.77,15314.67,4.1033,74.01,,128.92,1291.52,,11.0324,20.2035,4.9288,9.3,1.5631,58.428,4.21,4.5655,67.854,9.5678,1.5738,38.653,4.0652,34.9577,1.1485,14.902
2017-07-21,1.0,20.0283,1.4699,1.9558,3.6225,1.4664,1.1051,7.8798,26.017,7.4368,126.7206,0.8961,9.0902,7.411,305.37,15498.41,4.1483,74.9045,,129.72,1302.31,,11.0946,20.3761,4.9869,9.3315,1.565,59.026,4.2364,4.5703,68.6175,9.6193,1.5872,38.942,4.1138,35.4055,1.1642,15.0579
2017-07-24,1.0,20.2733,1.4661,1.9558,3.6543,1.4584,1.102,7.8622,26.024,7.4361,126.7192,0.8935,9.0931,7.4098,305.15,15516.3,4.1811,75.0105,,129.09,1299.12,,11.0966,20.5982,4.9848,9.3525,1.5657,59.001,4.2408,4.5638,69.8567,9.5883,1.5859,38.893,4.1378,35.3179,1.1648,15.0916
2017-07-25,1.0,20.3768,1.4693,1.9558,3.6755,1.4608,1.1063,7.8949,26.013,7.4361,127.1849,0.89395,9.131,7.4128,305.49,15574.07,4.1677,75.292,,130.28,1305.86,,11.1093,20.7211,5.0074,9.3035,1.5712,59.189,4.2571,4.5635,69.9831,9.5545,1.59,39.093,4.1647,35.4421,1.1694,15.2161
2017-07-26,1.0,20.3397,1.4717,1.9558,3.6806,1.4576,1.1152,7.8646,26.047,7.4368,126.5843,0.89275,9.0959,7.4128,305.57,15507.48,4.1569,74.9375,,130.26,1303.91,,11.0975,20.6644,4.9889,9.2893,1.5678,58.948,4.2613,4.5632,69.705,9.5705,1.585,38.996,4.1406,35.3257,1.1644,15.1998
2017-07-27,1.0,20.4674,1.4617,1.9558,3.6836,1.4603,1.1232,7.8811,26.045,7.4362,126.9361,0.88978,9.133,7.4148,304.75,15576.4,4.1604,75.023,,130.32,1303.38,,11.1183,20.6146,5.0033,9.2978,1.5553,59.104,4.2541,4.565,69.6779,9.582,1.589,38.953,4.1303,35.3221,1.1694,15.16
2017-07-28,1.0,20.4964,1.4732,1.9558,3.7015,1.4712,1.1357,7.9087,26.048,7.4364,127.1795,0.89568,9.1613,7.412,304.93,15639.45,4.1765,75.2555,,130.37,1317.62,,11.1308,20.8089,5.0229,9.3195,1.5694,59.207,4.2493,4.558,69.8319,9.5355,1.5947,39.146,4.1462,35.5089,1.1729,15.2811
2017-07-31,1.0,20.8726,1.4713,1.9558,3.6764,1.4625,1.1359,7.8896,26.079,7.4364,127.031,0.8942,9.1598,7.411,304.62,15625.05,4.1771,75.2708,,129.7,1315.97,,11.1244,20.862,5.0209,9.305,1.5672,59.197,4.2493,4.559,70.4643,9.5423,1.5918,39.051,4.1314,35.4372,1.1727,15.3716
2017-08-01,1.0,20.8423,1.4813,1.9558,3.688,1.4737,1.1414,7.9371,26.132,7.4369,128.1249,0.8944,9.2284,7.409,303.6,15738.31,4.2141,75.7145,,130.53,1325.5,,11.1546,21.0023,5.062,9.3343,1.5813,59.508,4.2563,4.5596,71.175,9.5563,1.6042,39.322,4.1602,35.7109,1.1812,15.6922
2017-08-02,1.0,20.7877,1.4847,1.9558,3.6995,1.4841,1.1459,7.9559,26.128,7.4384,128.27,0.89425,9.2461,7.4063,303.86,15752.68,4.2334,75.3272,,130.98,1329.43,,11.1609,21.1874,5.0693,9.3505,1.5927,59.521,4.254,4.5593,71.8059,9.5918,1.6064,39.355,4.1786,35.773,1.1829,15.7101
2017-08-03,1.0,20.8321,1.4943,1.9558,3.7017,1.4951,1.1501,7.9726,25.965,7.4381,128.5934,0.90318,9.2724,7.4063,303.74,15804.04,4.2501,75.521,,130.91,1336.54,,11.1765,21.1435,5.078,9.3768,1.5986,59.625,4.2526,4.5655,71.6789,9.6093,1.613,39.429,4.1992,35.8329,1.186,15.7628
2017-08-04,1.0,20.9583,1.4888,1.9558,3.6911,1.492,1.1494,7.9757,26.068,7.4388,129.0532,0.9028,9.2782,7.407,304.36,15791.56,4.2939,75.5035,,130.67,1334.12,,11.155,21.1344,5.0777,9.3618,1.5928,59.588,4.241,4.5635,71.4691,9.6053,1.6097,39.455,4.1903,35.7354,1.1868,15.8267
2017-08-07,1.0,20.8394,1.4909,1.9558,3.6878,1.4959,1.148,7.9281,26.116,7.4384,128.8232,0.90435,9.2289,7.4035,303.8,15714.78,4.2727,75.3005,,130.78,1332.55,,11.155,21.1536,5.0532,9.38,1.6033,59.526,4.2518,4.564,70.8515,9.6175,1.6083,39.302,4.1662,35.6653,1.1797,15.7661
2017-08-08,1.0,20.9037,1.4882,1.9558,3.6918,1.4959,1.1478,7.9163,26.15,7.4386,128.9969,0.90678,9.2424,7.4005,304.49,15727.98,4.2566,75.1865,,130.31,1329.82,,11.1611,21.1534,5.0629,9.3225,1.6036,59.632,4.2554,4.5638,70.8912,9.598,1.6072,39.276,4.1686,35.6393,1.1814,15.5533
2017-08-09,1.0,20.7791,1.4879,1.9558,3.6793,1.4875,1.1293,7.8316,26.16,7.4392,128.4926,0.90338,9.1692,7.4028,304.6,15640.36,4.2207,74.914,,128.74,1335.79,,11.1179,21.065,5.0314,9.3398,1.6011,59.437,4.267,4.5691,70.3937,9.621,1.5988,39.006,4.1518,35.4434,1.1731,15.8151
2017-08-10,1.0,20.7715,1.4888,1.9558,3.7024,1.4923,1.1341,7.8068,26.157,7.4381,128.6948,0.90303,9.168,7.4008,305.37,15670.45,4.2182,75.208,,128.76,1341.21,,11.1316,21.0547,5.0348,9.3355,1.6142,59.567,4.2717,4.5743,70.2875,9.568,1.6,39.021,4.1462,35.5758,1.1732,15.674
2017-08-11,1.0,20.827,1.4962,1.9558,3.7378,1.4956,1.132,7.8414,26.155,7.437,128.9044,0.90645,9.1992,7.3982,305.41,15722.96,4.2171,75.496,,128.41,1346.47,,11.1431,21.1711,5.0531,9.3975,1.6149,60.033,4.2888,4.5778,70.6275,9.6083,1.6052,39.107,4.1765,35.7194,1.1765,15.8741
2017-08-14,1.0,20.8895,1.4986,1.9558,3.7517,1.4975,1.1422,7.8713,26.118,7.4366,129.0638,0.90935,9.2266,7.3945,304.4,15754.7,4.2274,75.639,,129.28,1344.45,,11.15,20.9475,5.065,9.3478,1.6167,60.358,4.2816,4.5716,70.396,9.5665,1.6063,39.237,4.1568,35.7352,1.1797,15.6561
2017-08-15,1.0,20.1151,1.498,1.9558,3.754,1.496,1.1417,7.8488,26.142,7.4371,128.9946,0.91145,9.1874,7.3933,304.15,15694.68,4.2155,75.3025,,129.67,1336.43,,11.133,20.9441,5.0452,9.3538,1.6121,60.359,4.2791,4.5725,70.4414,9.4835,1.6042,39.09,4.1457,35.6016,1.1744,15.6499
2017-08-16,1.0,19.989,1.4903,1.9558,3.7129,1.4908,1.1406,7.8393,26.044,7.4367,128.5923,0.90993,9.1597,7.3935,304.05,15656.22,4.2479,75.1665,,129.79,1334.97,,11.1243,20.8174,5.0335,9.3115,1.6151,60.146,4.2749,4.5821,69.6423,9.482,1.6022,38.971,4.1319,35.5355,1.171,15.4975
2017-08-17,1.0,20.1235,1.4756,1.9558,3.6986,1.4767,1.1311,7.811,26.012,7.4354,128.8496,0.90895,9.1517,7.4042,304.05,15620.17,4.2425,75.0595,,128.81,1331.95,,11.114,20.7198,5.0244,9.3243,1.6013,60.048,4.2575,4.5848,69.473,9.5088,1.5978,38.893,4.1197,35.4673,1.1697,15.4425
2017-08-18,1.0,20.366,1.483,1.9558,3.7185,1.4859,1.1287,7.8332,26.108,7.4363,129.2278,0.91188,9.1831,7.402,303.56,15689.33,4.2535,75.3065,,128.02,1339.99,,11.1348,20.9958,5.0412,9.3183,1.6035,60.531,4.2807,4.59,69.7304,9.537,1.6014,38.989,4.1376,35.6239,1.174,15.5257
2017-08-21,1.0,20.3936,1.4831,1.9558,3.7042,1.4815,1.1362,7.8462,26.086,7.4373,129.2386,0.91318,9.2015,7.4053,303.43,15703.29,4.2598,75.4385,,128.17,1339.54,,11.1376,20.8321,5.0449,9.2903,1.6072,60.474,4.2738,4.5849,69.4996,9.5173,1.6024,39.111,4.1243,35.6829,1.1761,15.5304
2017-08-22,1.0,20.3933,1.4887,1.9558,3.7102,1.4806,1.1364,7.843,26.083,7.4377,129.5853,0.91713,9.2129,7.4045,303.7,15706.05,4.2595,75.4515,,128.73,1335.14,,11.1459,20.7907,5.0392,9.3023,1.6165,60.33,4.2818,4.5868,69.484,9.539,1.6032,39.127,4.117,35.6544,1.1771,15.5407
2017-08-23,1.0,20.3031,1.4936,1.9558,3.7314,1.4848,1.1392,7.8584,26.124,7.4373,129.6474,0.92133,9.2343,7.4068,303.35,15751.67,4.2695,75.6075,,128.71,1335.19,,11.1176,21.009,5.0488,9.313,1.6334,60.445,4.2848,4.5853,69.7924,9.5455,1.6071,39.361,4.1338,35.738,1.1799,15.6514
2017-08-24,1.0,20.324,1.4951,1.9558,3.7113,1.4784,1.1375,7.8646,26.098,7.4379,129.6178,0.92,9.2386,7.414,304.17,15749.2,4.2493,75.5965,,129.06,1331.39,,11.1194,20.8501,5.0524,9.2585,1.6354,60.305,4.2754,4.583,69.8033,9.5118,1.607,39.361,4.1081,35.7155,1.1806,15.5936
2017-08-25,1.0,20.3245,1.4919,1.9558,3.7045,1.4769,1.139,7.8596,26.084,7.4391,129.6169,0.92083,9.2372,7.414,304.68,15758.37,4.2453,75.5975,,129.59,1327.05,,11.1463,20.8445,5.0456,9.2278,1.6363,60.327,4.2598,4.5983,69.8312,9.5053,1.6055,39.332,4.108,35.5953,1.1808,15.5488
2017-08-28,1.0,20.539,1.5008,1.9558,3.7568,1.4866,1.1389,7.8979,26.102,7.4393,130.4089,0.92328,9.3292,7.4145,304.01,15903.18,4.2719,76.2065,,130.34,1335.56,,11.1554,21.0584,5.0889,9.262,1.6458,60.841,4.2581,4.5977,69.659,9.5155,1.6156,39.591,4.1063,35.8835,1.1925,15.5562
2017-08-29,1.0,20.7587,1.5111,1.9558,3.8106,1.5037,1.1386,7.9467,26.142,7.4393,132.5373,0.92965,9.4268,7.4155,305.32,16085.28,4.3135,77.134,,130.86,1353.8,,11.2106,21.5204,5.1409,9.2915,1.6535,61.485,4.2676,4.5968,70.7954,9.5363,1.6283,39.963,4.147,36.2633,1.2048,15.6323
2017-08-30,1.0,20.7041,1.5016,1.9558,3.7768,1.4961,1.1422,7.8559,26.045,7.4391,131.983,0.92246,9.3259,7.4135,305.68,15903.69,4.2705,76.2925,,131.25,1338.36,,11.1577,21.2869,5.0887,9.2845,1.6477,61.04,4.2598,4.5915,69.8224,9.5095,1.6167,39.597,4.1235,35.9238,1.1916,15.5563
2017-08-31,1.0,20.5696,1.5016,1.9558,3.741,1.497,1.1446,7.8059,26.101,7.4384,131.6381,0.91973,9.2526,7.4148,306.63,15782.1,4.2552,75.5995,,130.81,1331.22,,11.1266,21.0843,5.0506,9.279,1.6571,60.587,4.2582,4.5924,69.1235,9.4818,1.6094,39.247,4.1063,35.6702,1.1825,15.4568
2017-09-01,1.0,20.6657,1.5021,1.9558,3.7423,1.483,1.1441,7.8185,26.077,7.4378,132.3203,0.92075,9.3272,7.4215,305.09,15875.38,4.2599,76.3275,,131.29,1335.36,,11.1385,21.2608,5.0904,9.2555,1.6638,60.9,4.2406,4.5963,68.8223,9.4778,1.6146,39.539,4.0981,35.8477,1.192,15.4185
2017-09-04,1.0,20.4885,1.496,1.9558,3.7379,1.4774,1.1399,7.7728,26.062,7.4371,132.2971,0.91855,9.315,7.415,306.02,15869.55,4.2644,76.2395,,130.6,1345.07,,11.1548,21.2598,5.084,9.2933,1.6588,60.953,4.2406,4.5962,68.8889,9.4733,1.615,39.465,4.0826,35.7799,1.1905,15.4097
2017-09-05,1.0,20.4984,1.4902,1.9558,3.707,1.4732,1.1407,7.7865,26.077,7.4381,132.0258,0.9174,9.3043,7.4173,306.39,15854.13,4.2425,76.2475,,129.99,1343.64,,11.1505,21.2185,5.0668,9.2788,1.6531,60.804,4.2361,4.5965,68.9138,9.469,1.6115,39.451,4.0954,35.7366,1.189,15.3896
2017-09-06,1.0,20.5702,1.4961,1.9558,3.7145,1.4787,1.1399,7.785,26.112,7.4393,132.3641,0.91428,9.3362,7.4277,306.17,15902.83,4.248,76.4925,,129.92,1353.94,,11.1645,21.2936,5.057,9.2765,1.6528,60.908,4.2415,4.5986,68.4889,9.501,1.6133,39.563,4.1045,35.8974,1.1931,15.3965
2017-09-07,1.0,20.641,1.4926,1.9558,3.7098,1.4587,1.1412,7.7698,26.113,7.4392,132.8035,0.91403,9.3553,7.4324,305.69,15922.83,4.2236,76.6325,,130.34,1350.87,,11.1906,21.2308,5.0392,9.2938,1.6616,60.774,4.2433,4.598,68.267,9.5263,1.6091,39.582,4.0893,35.9603,1.1971,15.3363
2017-09-08,1.0,20.7372,1.4881,1.9558,3.7256,1.4577,1.1405,7.7926,26.099,7.4402,133.3824,0.91268,9.416,7.4315,306.46,15874.85,4.2406,76.9245,,129.5,1363.52,,11.2218,21.3382,5.0586,9.3093,1.6502,61.276,4.2534,4.6008,68.965,9.5388,1.6124,39.919,4.1191,36.1647,1.206,15.5124
2017-09-11,1.0,20.6816,1.4915,1.9558,3.7057,1.4541,1.1404,7.8329,26.077,7.4397,132.9106,0.90775,9.3731,7.4282,306.28,15791.05,4.2255,76.674,,130.38,1357.76,,11.1849,21.2143,5.0357,9.371,1.6502,60.99,4.244,4.5987,68.6188,9.5705,1.6129,39.746,4.0779,36.0093,1.1997,15.5137
2017-09-12,1.0,20.4442,1.4847,1.9558,3.7117,1.4477,1.1444,7.8024,26.105,7.44,132.7921,0.89878,9.3235,7.4513,307.11,15751.56,4.2197,76.4385,,130.93,1346.05,,11.1656,21.1297,5.012,9.3593,1.6343,60.765,4.2549,4.6018,68.3844,9.5355,1.6074,39.522,4.0948,35.8438,1.1933,15.48
2017-09-13,1.0,20.4392,1.4909,1.9558,3.7521,1.4542,1.1496,7.8249,26.101,7.4404,133.1305,0.90243,9.3586,7.468,308.02,15815.27,4.2339,76.6655,,131.79,1349.96,,11.1744,21.2826,5.0198,9.3983,1.6451,61.057,4.2798,4.6013,69.0768,9.5475,1.6118,39.639,4.1232,36.0197,1.1979,15.7095
2017-09-14,1.0,20.2818,1.4877,1.9558,3.7295,1.4501,1.1496,7.7918,26.103,7.4399,132.3385,0.89123,9.2843,7.4835,308.28,15767.83,4.2094,76.2095,,131.55,1345.47,,11.1607,21.1227,4.9905,9.395,1.6474,60.99,4.2843,4.6017,68.648,9.5345,1.6053,39.363,4.1134,35.7989,1.1885,15.6609
2017-09-15,1.0,20.3269,1.4911,1.9558,3.7357,1.452,1.148,7.8299,26.081,7.4409,132.8476,0.88043,9.3506,7.4805,308.91,15859.01,4.209,76.6625,,132.92,1353.03,,11.1715,21.1361,5.0119,9.3348,1.6407,61.305,4.2761,4.5999,68.8226,9.5058,1.607,39.574,4.114,35.9659,1.1963,15.7613
2017-09-18,1.0,20.2817,1.4947,1.9558,3.7204,1.4581,1.1464,7.852,26.091,7.4416,133.0086,0.88253,9.339,7.4845,309.87,15837.07,4.2084,76.6315,,133.09,1346.87,,11.17,21.127,5.0006,9.341,1.6401,61.118,4.2884,4.5993,68.9576,9.5145,1.6083,39.536,4.134,35.9779,1.1948,15.7893
2017-09-19,1.0,20.4725,1.4969,1.9558,3.7429,1.4714,1.1535,7.8832,26.103,7.4414,133.3285,0.88622,9.3432,7.4745,308.85,15886.84,4.2103,77.0174,,133.44,1351.57,,11.1705,21.2495,5.02,9.342,1.6398,61.038,4.2785,4.6004,69.5066,9.5261,1.6151,39.603,4.1764,36.068,1.1972,15.9446
2017-09-20,1.0,20.5614,1.4891,1.9558,3.7579,1.4701,1.1532,7.8948,26.091,7.4412,133.5785,0.8868,9.3668,7.4828,308.34,15945.9,4.2067,77.1965,,133.63,1353.44,,11.1885,21.3147,5.0339,9.344,1.6277,61.117,4.2774,4.5993,69.438,9.5335,1.6128,39.707,4.1642,36.2059,1.2007,15.9058
2017-09-21,1.0,20.4677,1.5002,1.9558,3.7353,1.4712,1.1585,7.848,26.083,7.4407,133.6599,0.8824,9.291,7.4828,310.61,15889.6,4.1933,77.1495,,133.86,1349.47,,11.1519,21.225,4.9977,9.3025,1.6268,60.739,4.2805,4.5988,69.022,9.5135,1.61,39.441,4.1776,35.9632,1.1905,15.8889
2017-09-22,1.0,20.6507,1.5011,1.9558,3.7459,1.4675,1.1588,7.8805,26.046,7.4407,134.1797,0.88155,9.3414,7.4843,309.73,15908.13,4.1755,77.501,,134.01,1352.78,,11.175,21.2905,5.0117,9.3193,1.6336,60.532,4.2672,4.5967,68.8885,9.5358,1.6093,39.579,4.1804,36.0867,1.1961,15.8359
2017-09-25,1.0,20.5311,1.4917,1.9558,3.7128,1.463,1.1562,7.8599,26.033,7.4402,134.0533,0.87938,9.2738,7.4902,310.25,15803.37,4.1666,77.2635,,133.19,1343.33,,11.1413,21.1283,4.9817,9.2725,1.6302,60.154,4.2681,4.5988,68.0714,9.5325,1.6031,39.292,4.1803,35.8877,1.1867,15.7539
2017-09-26,1.0,20.6243,1.4944,1.9558,3.7299,1.4605,1.1452,7.8189,26.056,7.4404,133.3526,0.87775,9.2083,7.493,310.77,15785.15,4.1579,77.1935,,131.99,1341.55,,11.1066,21.1825,4.9662,9.2843,1.6369,60.018,4.2824,4.6013,67.987,9.5473,1.5968,39.139,4.1739,35.671,1.1787,15.7329
2017-09-27,1.0,20.6242,1.4954,1.9558,3.7357,1.4554,1.1451,7.7984,26.045,7.4414,133.1914,0.87565,9.1714,7.4994,311.15,15779.9,4.1659,77.153,,132.6,1341.1,,11.0827,21.2435,4.9565,9.3355,1.6305,59.89,4.3027,4.5986,68.267,9.5885,1.5964,39.109,4.1902,35.624,1.1741,15.9062
2017-09-28,1.0,20.6763,1.5054,1.9558,3.7484,1.4684,1.146,7.8436,26.041,7.4402,133.2636,0.87635,9.1977,7.4975,311.06,15892.06,4.1477,77.115,,132.56,1350.15,,11.1165,21.3956,4.9839,9.3575,1.6363,59.998,4.3122,4.6003,68.3855,9.58,1.601,39.327,4.1994,35.7765,1.1778,15.9189
2017-09-29,1.0,20.693,1.5075,1.9558,3.7635,1.4687,1.1457,7.8534,25.981,7.4423,133.5443,0.88178,9.2214,7.495,310.67,15888.51,4.1591,77.069,,132.82,1351.83,,11.12,21.4614,4.9827,9.4125,1.6354,60.05,4.3042,4.5993,68.2519,9.649,1.6031,39.338,4.2013,35.8279,1.1806,15.944
2017-10-02,1.0,20.3324,1.5036,1.9558,3.7274,1.4693,1.1399,7.8138,25.995,7.4418,133.0354,0.88418,9.1739,7.497,311.44,15933.08,4.1621,76.6965,,132.5,1345.92,,11.1,21.5128,4.9718,9.377,1.6336,60.028,4.3132,4.5878,68.0395,9.6055,1.6003,39.272,4.2067,35.7494,1.1744,16.0141
2017-10-03,1.0,20.449,1.5039,1.9558,3.7093,1.4692,1.1449,7.8073,25.932,7.4424,133.189,0.88793,9.1809,7.4975,312.05,15916.5,4.1519,76.987,,132.77,1344.94,,11.1108,21.4688,4.9766,9.3885,1.6374,60.117,4.3102,4.591,68.1636,9.5675,1.6016,39.279,4.2117,35.7683,1.1753,16.1203
2017-10-04,1.0,20.5194,1.4986,1.9558,3.6929,1.4678,1.1456,7.8163,25.886,7.4427,133.4108,0.88768,9.2007,7.5051,311.2,15857.61,4.1378,76.641,,132.47,1342.67,,11.1143,21.387,4.983,9.3533,1.6403,60.071,4.2971,4.5808,67.8176,9.5425,1.6023,39.274,4.2016,35.8307,1.1787,15.9832
2017-10-05,1.0,20.3735,1.5015,1.9558,3.6772,1.4655,1.1472,7.8108,25.837,7.4424,133.0387,0.89153,9.1701,7.5055,311.42,15803.15,4.1229,76.4965,,132.05,1337.65,,11.0998,21.4107,4.9651,9.35,1.6413,59.949,4.3,4.575,67.5273,9.5195,1.5998,39.16,4.1905,35.6298,1.1742,16.002
2017-10-06,1.0,20.3643,1.506,1.9558,3.7,1.4721,1.1473,7.7891,25.816,7.4427,132.9354,0.89535,9.1387,7.5055,311.36,15819.67,4.1176,76.544,,132.23,1337.12,,11.085,21.655,4.9608,9.372,1.6512,59.977,4.3039,4.5766,67.7275,9.5418,1.5997,39.172,4.2345,35.5885,1.1707,16.0695
2017-10-09,1.0,20.4803,1.5142,1.9558,3.7168,1.4731,1.1497,7.7788,25.893,7.443,133.4351,0.89195,9.1685,7.5025,312.32,15897.04,4.1206,76.7625,,132.36,1343.11,,11.1009,21.884,4.9709,9.3788,1.6588,60.189,4.3077,4.5754,68.5379,9.5348,1.6013,39.214,4.3636,35.7032,1.1746,16.199
2017-10-10,1.0,20.5917,1.5155,1.9558,3.7378,1.4745,1.1522,7.7609,25.9,7.4428,133.9246,0.8941,9.2067,7.5035,310.65,15912.97,4.1268,76.972,,132.55,1336.25,,11.1192,21.909,4.9783,9.3745,1.6688,60.728,4.2931,4.5753,68.2832,9.5265,1.6001,39.237,4.3385,35.7461,1.1797,16.1484
2017-10-11,1.0,20.5901,1.5186,1.9558,3.7515,1.4798,1.1524,7.7989,25.879,7.443,134.1608,0.8971,9.2344,7.5115,309.93,15997.95,4.1364,77.066,,132.72,1339.1,,11.1306,22.2167,4.9911,9.379,1.6723,60.863,4.2851,4.5865,68.4492,9.5313,1.6044,39.258,4.3337,35.7831,1.183,16.0525
2017-10-12,1.0,20.6338,1.5175,1.9558,3.7654,1.4785,1.1552,7.8111,25.891,7.4438,134.6352,0.90235,9.2573,7.509,309.18,16016.27,4.1387,77.0996,,133.12,1341.86,,11.1609,22.2105,5.0036,9.3601,1.6675,61.101,4.273,4.5919,68.404,9.5883,1.6055,39.256,4.3428,35.8087,1.1856,16.0091
2017-10-13,1.0,20.5677,1.508,1.9558,3.7517,1.4761,1.1533,7.7831,25.813,7.444,134.2392,0.8898,9.221,7.5085,308.64,15938.78,4.1328,76.7125,,132.49,1333.88,,11.1239,22.3881,4.9832,9.339,1.6541,60.731,4.2555,4.5865,68.1201,9.605,1.6013,39.115,4.3225,35.6161,1.181,15.8047
2017-10-16,1.0,20.4599,1.4996,1.9558,3.7304,1.48,1.1514,7.7782,25.77,7.4439,134.4047,0.88753,9.217,7.5038,307.53,15913.39,4.1272,76.4155,,131.99,1330.09,,11.1185,22.4931,4.9773,9.3133,1.642,60.499,4.2378,4.5838,67.478,9.5885,1.5956,39.021,4.2975,35.5709,1.1803,15.7169
2017-10-17,1.0,20.3836,1.4994,1.9558,3.7358,1.4741,1.1504,7.7846,25.733,7.4439,134.263,0.89148,9.1811,7.508,307.35,15880.12,4.1274,76.4695,,131.94,1328.14,,11.1061,22.4334,4.9664,9.326,1.6375,60.368,4.2298,4.58,67.4711,9.5813,1.5952,38.946,4.3051,35.5035,1.1759,15.7977
2017-10-18,1.0,20.3669,1.5009,1.9558,3.7199,1.472,1.1551,7.7867,25.705,7.4438,134.3223,0.89283,9.1737,7.5075,308.27,15879.95,4.1283,76.4305,,132.62,1329.28,,11.1,22.1311,4.9622,9.3575,1.6488,60.479,4.2277,4.588,67.4559,9.5945,1.5962,38.96,4.3225,35.4961,1.1749,15.8999
2017-10-19,1.0,20.5172,1.5033,1.9558,3.7561,1.4743,1.1541,7.831,25.725,7.444,135.1656,0.89815,9.2334,7.5088,308.51,15993.65,4.1362,76.954,,133.18,1339.16,,11.1322,22.2721,4.9981,9.419,1.6861,60.863,4.2392,4.5958,68.1785,9.6445,1.6056,39.2,4.3324,35.7857,1.1834,16.0282
2017-10-20,1.0,20.6165,1.5055,1.9558,3.7519,1.4765,1.1597,7.8217,25.69,7.4438,134.9308,0.89623,9.2216,7.5065,308.13,15966.12,4.1217,76.8288,,133.75,1336.07,,11.1245,22.3278,4.9931,9.4145,1.6885,60.865,4.2363,4.5971,67.8679,9.6445,1.6054,39.188,4.3289,35.7356,1.1818,16.1719
2017-10-23,1.0,20.4523,1.5018,1.9558,3.7493,1.4835,1.1581,7.7957,25.641,7.4437,134.6212,0.8909,9.1607,7.507,308.06,15888.92,4.1,76.3365,,133.59,1326.4,,11.0929,22.2922,4.9718,9.3883,1.6838,60.458,4.2266,4.6,67.4375,9.644,1.5996,38.965,4.3386,35.5253,1.174,16.0711
2017-10-24,1.0,20.4818,1.5117,1.9558,3.8022,1.4875,1.1613,7.8022,25.583,7.4433,134.6526,0.89303,9.1803,7.513,308.53,15937.33,4.1184,76.579,,133.95,1327.81,,11.1044,22.4841,4.9849,9.3883,1.7008,60.801,4.2403,4.6013,67.609,9.6475,1.6023,39.035,4.3751,35.6115,1.1761,16.1396
2017-10-25,1.0,20.6267,1.5282,1.9558,3.8134,1.4963,1.169,7.8317,25.589,7.4429,134.9447,0.88883,9.1971,7.5148,310.16,15994.6,4.1328,76.514,,134.41,1325.38,,11.1143,22.6028,4.9915,9.4383,1.7123,61.039,4.2355,4.5975,67.864,9.6858,1.6047,39.103,4.397,35.6461,1.1785,16.297
2017-10-26,1.0,20.5507,1.5248,1.9558,3.803,1.5041,1.1678,7.8003,25.589,7.4432,134.654,0.8901,9.1701,7.5155,310.32,15981.73,4.1343,76.23,,133.75,1320.41,,11.1015,22.3684,4.9762,9.4865,1.7118,60.939,4.235,4.5983,67.7597,9.7218,1.601,38.973,4.4338,35.5169,1.1753,16.739
2017-10-27,1.0,20.4886,1.5196,1.9558,3.8292,1.4961,1.1632,7.7225,25.673,7.4407,133.7515,0.88633,9.0561,7.5123,311.23,15818.76,4.1116,75.502,,132.52,1309.39,,11.0485,22.3514,4.9228,9.5348,1.6975,60.174,4.2462,4.601,67.8368,9.739,1.5899,38.645,4.4361,35.1179,1.1605,16.4855
2017-10-30,1.0,20.4516,1.5148,1.9558,3.779,1.4918,1.1603,7.7165,25.645,7.441,133.7436,0.8798,9.0581,7.522,311.01,15762.75,4.0974,75.356,,131.83,1306.01,,11.0557,22.1764,4.9206,9.484,1.6944,60.079,4.2432,4.599,67.1203,9.709,1.5836,38.598,4.3851,35.0482,1.1612,16.3361
2017-10-31,1.0,20.5318,1.521,1.9558,3.8059,1.5004,1.1622,7.7177,25.669,7.4412,134.0812,0.87853,9.0769,7.5225,311.64,15786.95,4.0992,75.356,,132.0,1301.5,,11.0602,22.2962,4.9252,9.5238,1.7005,60.045,4.244,4.6005,67.8738,9.7415,1.586,38.65,4.4164,35.1072,1.1638,16.4342
2017-11-01,1.0,20.5358,1.5136,1.9558,3.815,1.4986,1.164,7.6767,25.557,7.4415,133.7395,0.87385,9.0593,7.52,311.75,15773.74,4.0845,75.013,,132.6,1291.51,,11.0477,22.2765,4.9136,9.461,1.6866,60.007,4.2338,4.6033,67.51,9.7535,1.5808,38.505,4.4394,35.0194,1.1612,16.3914
2017-11-02,1.0,20.5068,1.5117,1.9558,3.8047,1.496,1.1647,7.7011,25.535,7.4418,134.0745,0.8869,9.0851,7.5302,310.9,15753.36,4.0845,75.229,,132.9,1294.94,,11.0623,22.2318,4.9264,9.4838,1.6867,59.936,4.2376,4.5992,68.0327,9.7615,1.5843,38.568,4.4519,35.1451,1.1645,16.2879
2017-11-03,1.0,20.3998,1.5184,1.9558,3.8012,1.483,1.1635,7.72,25.652,7.4421,134.2012,0.88923,9.0953,7.5335,310.29,15729.04,4.0839,75.214,,132.82,1298.74,,11.0665,22.142,4.9332,9.4843,1.6797,59.624,4.2383,4.5978,68.2952,9.7912,1.5854,38.608,4.4927,35.1811,1.1657,16.4676
2017-11-06,1.0,20.439,1.512,1.9558,3.8174,1.4787,1.1593,7.6889,25.612,7.4419,133.6516,0.8839,9.0436,7.5375,311.15,15665.04,4.0721,74.9555,,132.29,1288.85,,11.0529,22.1399,4.909,9.438,1.6797,59.22,4.2408,4.5895,68.3327,9.7683,1.5816,38.438,4.4815,34.9929,1.159,16.4598
2017-11-07,1.0,20.3942,1.5112,1.9558,3.7822,1.4761,1.1557,7.675,25.591,7.4423,133.4634,0.88038,9.0221,7.5416,310.99,15640.75,4.0634,75.147,,132.03,1285.17,,11.03,22.0712,4.8828,9.4543,1.6717,59.426,4.2396,4.5945,68.0443,9.7443,1.5772,38.305,4.4673,34.8731,1.1562,16.3857
2017-11-08,1.0,20.4581,1.5094,1.9558,3.7662,1.4753,1.1581,7.6838,25.56,7.4434,133.6565,0.88405,9.0363,7.539,311.85,15667.36,4.0704,75.3205,,131.54,1290.33,,11.0493,22.1015,4.896,9.473,1.6724,59.388,4.2341,4.628,68.7166,9.7288,1.5786,38.374,4.505,34.9528,1.159,16.4417
2017-11-09,1.0,20.3699,1.5144,1.9558,3.7762,1.4779,1.1589,7.7193,25.528,7.4422,133.9862,0.88633,9.0701,7.5385,312.08,15729.57,4.0877,75.56,,131.75,1299.91,,11.0564,22.2416,4.879,9.4535,1.6715,59.597,4.2346,4.64,69.0726,9.7355,1.5819,38.495,4.4962,35.1098,1.163,16.5306
2017-11-10,1.0,20.4411,1.5197,1.9558,3.8084,1.4766,1.1591,7.7412,25.543,7.442,134.0962,0.8837,9.093,7.5435,312.0,15785.34,4.123,75.94,,132.08,1304.46,,11.0686,22.2242,4.8848,9.456,1.678,59.713,4.2308,4.6533,69.0375,9.743,1.5854,38.61,4.5097,35.1808,1.1654,16.7585
2017-11-13,1.0,20.4388,1.5256,1.9558,3.8362,1.4809,1.1591,7.741,25.567,7.4416,134.16,0.89018,9.0906,7.55,312.04,15810.86,4.1297,76.291,,132.07,1305.01,,11.0633,22.3482,4.8856,9.4913,1.6877,59.724,4.2349,4.6562,69.3309,9.7705,1.5867,38.535,4.5318,35.1861,1.1656,16.9688
2017-11-14,1.0,20.5479,1.5361,1.9558,3.8488,1.4933,1.1643,7.795,25.566,7.4414,134.8334,0.89585,9.1645,7.552,311.97,15918.59,4.161,76.815,,133.29,1309.46,,11.1,22.4266,4.9259,9.5923,1.7092,60.07,4.2381,4.6493,70.1633,9.8905,1.5978,38.829,4.5477,35.4344,1.1745,16.8932
2017-11-15,1.0,20.8029,1.5582,1.9558,3.849,1.5103,1.1675,7.8404,25.669,7.4426,135.6017,0.8991,9.2435,7.5553,312.11,16025.44,4.1847,77.215,,133.45,1306.21,,11.1322,22.6887,4.9374,9.751,1.7145,60.177,4.2473,4.6351,71.257,9.9728,1.6053,39.096,4.5979,35.6053,1.184,17.0212
2017-11-16,1.0,20.6193,1.5507,1.9558,3.8579,1.5025,1.1686,7.8065,25.559,7.4418,135.136,0.89183,9.1919,7.5663,312.52,15919.1,4.1443,76.891,,133.12,1291.59,,11.1457,22.5323,4.9148,9.6553,1.7204,59.786,4.234,4.639,70.446,9.8868,1.5971,38.797,4.5465,35.4275,1.1771,16.805
2017-11-17,1.0,20.6295,1.5632,1.9558,3.8658,1.5053,1.1696,7.8239,25.588,7.441,135.2603,0.89385,9.2144,7.5663,311.58,15955.69,4.1463,76.682,,132.82,1293.09,,11.1542,22.4603,4.9079,9.7163,1.7372,59.952,4.2342,4.647,70.0461,9.9443,1.5998,38.723,4.5846,35.4684,1.1795,16.5285
2017-11-20,1.0,20.5891,1.5592,1.9558,3.8388,1.5066,1.1676,7.8155,25.568,7.4414,135.1622,0.8894,9.2036,7.5648,312.44,15932.62,4.1397,76.6975,,132.1,1291.1,,11.1083,22.3489,4.8869,9.7298,1.7243,59.761,4.2311,4.6514,70.147,9.9585,1.5972,38.606,4.6211,35.3807,1.1781,16.5582
2017-11-21,1.0,20.5065,1.5466,1.9558,3.8207,1.5006,1.1641,7.7725,25.533,7.4414,134.8475,0.88498,9.1545,7.565,312.93,15850.94,4.135,76.0705,,131.87,1276.68,,11.0941,22.2026,4.8421,9.689,1.7181,59.335,4.229,4.6568,69.5585,9.9473,1.5878,38.406,4.6304,35.1693,1.1718,16.4989
2017-11-22,1.0,20.5608,1.5503,1.9558,3.8288,1.4969,1.1609,7.7755,25.469,7.442,134.9685,0.8881,9.1775,7.577,313.54,15879.95,4.1392,76.251,,131.61,1280.17,,11.1,22.0985,4.8292,9.6723,1.7183,59.499,4.2155,4.6525,68.9476,9.8818,1.5885,38.466,4.6557,35.2309,1.1749,16.309
2017-11-23,1.0,20.6748,1.5532,1.9558,3.8403,1.5024,1.1613,7.7881,25.462,7.442,135.9049,0.89005,9.2528,7.5778,313.05,15973.47,4.1606,76.512,,131.79,1284.55,,11.1263,22.0927,4.8674,9.6393,1.7198,59.869,4.2124,4.6522,69.2337,9.844,1.5947,38.713,4.642,35.5076,1.1848,16.4406
2017-11-24,1.0,20.6897,1.5585,1.9558,3.8379,1.5093,1.165,7.8447,25.413,7.4421,136.1649,0.8912,9.2744,7.5635,311.83,16056.52,4.1753,76.8205,,132.24,1287.36,,11.1917,22.1096,4.8921,9.6608,1.7256,60.145,4.2109,4.6434,69.4559,9.8638,1.5987,38.802,4.6826,35.6008,1.1877,16.6203
2017-11-27,1.0,20.7546,1.5656,1.9558,3.8564,1.5156,1.1718,7.8905,25.431,7.4424,136.7376,0.89375,9.3249,7.5588,311.24,16137.59,4.1852,77.093,,132.69,1299.46,,11.1924,22.1272,4.9093,9.7533,1.7305,60.056,4.2087,4.6418,69.4793,9.926,1.6063,38.987,4.6756,35.8381,1.1952,16.4083
2017-11-28,1.0,20.5781,1.5619,1.9558,3.8287,1.5208,1.168,7.8431,25.463,7.4423,136.4433,0.89538,9.2745,7.5435,310.99,16053.39,4.1633,76.5795,,132.24,1284.43,,11.1582,22.037,4.8786,9.745,1.7157,59.813,4.2069,4.6413,69.2929,9.906,1.5983,38.719,4.6684,35.6177,1.1888,16.3342
2017-11-29,1.0,20.5849,1.5627,1.9558,3.7936,1.5176,1.1664,7.8106,25.474,7.4423,136.034,0.88293,9.233,7.547,311.59,15971.18,4.1447,76.062,,132.24,1274.87,,11.1592,21.9085,4.8361,9.741,1.7141,59.393,4.2006,4.644,69.0103,9.915,1.5925,38.485,4.6794,35.4795,1.1827,16.1757
2017-11-30,1.0,20.6528,1.5659,1.9558,3.8668,1.5267,1.1699,7.8377,25.491,7.4417,136.3137,0.87985,9.2524,7.555,312.77,16035.25,4.1449,76.3875,,133.08,1287.26,,11.1685,22.0035,4.8466,9.8398,1.7319,59.629,4.1955,4.6475,69.194,9.9208,1.5986,38.643,4.6638,35.5648,1.1849,16.1263
2017-12-01,1.0,20.5551,1.5693,1.9558,3.8824,1.5301,1.1691,7.8551,25.524,7.442,136.44,0.88115,9.2853,7.5553,313.8,16082.95,4.1497,76.655,,133.7,1287.47,,11.178,22.1942,4.862,9.8753,1.7349,59.873,4.2129,4.6305,69.6973,9.9487,1.6014,38.781,4.6718,35.6634,1.1885,16.2907
2017-12-04,1.0,20.4303,1.5585,1.9558,3.8558,1.5034,1.1665,7.8532,25.557,7.4418,136.2657,0.87725,9.2721,7.555,313.08,16036.73,4.1434,76.409,,133.91,1287.92,,11.1735,22.1016,4.821,9.8668,1.7281,60.103,4.2026,4.6215,69.7763,9.9635,1.5992,38.692,4.6262,35.5909,1.1865,16.172
2017-12-05,1.0,20.5842,1.5512,1.9558,3.8192,1.4966,1.1673,7.8356,25.653,7.4415,136.1394,0.88183,9.2563,7.5543,313.96,16008.85,4.1392,76.3015,,133.37,1286.86,,11.1727,22.08,4.8057,9.8228,1.7193,59.978,4.202,4.6337,69.5478,9.968,1.5953,38.626,4.5823,35.56,1.1847,16.0077
2017-12-06,1.0,20.4316,1.5565,1.9558,3.8193,1.4963,1.1678,7.8169,25.636,7.4421,135.9157,0.88335,9.2323,7.5463,314.45,16007.31,4.1519,76.243,,132.52,1291.5,,11.1548,22.203,4.816,9.7575,1.7141,59.891,4.2142,4.632,69.7909,9.9265,1.5925,38.559,4.5489,35.4924,1.1817,15.9847
2017-12-07,1.0,20.3073,1.5682,1.9558,3.8824,1.5131,1.17,7.8013,25.611,7.4415,135.7388,0.88068,9.204,7.545,314.84,15967.83,4.1478,76.111,,132.88,1287.95,,11.1455,22.3177,4.8184,9.7503,1.7252,59.646,4.2129,4.6354,69.7763,9.9558,1.5916,38.458,4.5553,35.4066,1.1786,16.0897
2017-12-08,1.0,20.2825,1.562,1.9558,3.8435,1.5072,1.1704,7.7729,25.555,7.4417,135.5329,0.87525,9.1661,7.5493,314.5,15910.41,4.1343,75.6775,,133.26,1285.33,,11.1287,22.2205,4.8001,9.7665,1.7157,59.336,4.202,4.6336,69.6511,9.977,1.5889,38.361,4.5165,35.2859,1.1742,16.0391
2017-12-11,1.0,20.3717,1.5674,1.9558,3.8654,1.5168,1.1679,7.8069,25.601,7.4433,135.9933,0.8825,9.2093,7.542,313.95,15978.86,4.1609,75.9805,,133.66,1285.61,,11.1268,22.3042,4.8004,9.8825,1.7049,59.392,4.2033,4.6323,69.7954,10.016,1.5936,38.49,4.5084,35.4,1.1796,16.0618
2017-12-12,1.0,20.3022,1.5541,1.9558,3.9051,1.5098,1.1671,7.7875,25.596,7.4423,135.7679,0.88068,9.1848,7.5395,314.33,16004.41,4.1648,75.77,,133.54,1281.27,,11.1435,22.4566,4.786,9.8245,1.6956,59.377,4.2044,4.6335,69.2925,9.9328,1.5901,38.369,4.504,35.3318,1.1766,16.0156
2017-12-13,1.0,20.3502,1.5503,1.9558,3.8907,1.5092,1.1647,7.7692,25.65,7.4431,135.5602,0.87905,9.1612,7.5505,314.36,15969.18,4.1607,75.617,,132.99,1280.07,,11.1327,22.5424,4.7959,9.8253,1.6886,59.252,4.2146,4.6325,69.1283,9.906,1.5874,38.236,4.5242,35.254,1.1736,15.9868
2017-12-14,1.0,20.493,1.5452,1.9558,3.9529,1.5196,1.1686,7.8278,25.695,7.4433,136.575,0.88163,9.2499,7.5478,314.07,16077.22,4.1777,76.2465,,133.39,1288.74,,11.167,22.6237,4.8377,9.7783,1.6934,59.902,4.222,4.633,69.619,9.9488,1.595,38.505,4.5855,35.5504,1.1845,15.954
2017-12-15,1.0,20.6369,1.5382,1.9558,3.9171,1.507,1.1669,7.8022,25.678,7.4443,136.2045,0.88253,9.2223,7.5465,313.43,16029.01,4.1634,75.6085,,132.45,1284.73,,11.1528,22.6281,4.8163,9.7828,1.6803,59.528,4.2167,4.6332,69.5043,9.9583,1.5897,38.375,4.5603,35.374,1.1806,15.7809
2017-12-18,1.0,20.6501,1.5392,1.9558,3.8734,1.5185,1.1652,7.8055,25.685,7.444,135.947,0.88208,9.2194,7.543,313.67,16027.64,4.1434,75.7645,,132.66,1282.23,,11.1541,22.4718,4.8141,9.8573,1.6836,59.551,4.207,4.6228,69.1462,9.9588,1.5904,38.499,4.5253,35.3761,1.1795,15.1661
2017-12-19,1.0,20.6903,1.5406,1.9558,3.8862,1.5207,1.1643,7.8068,25.662,7.4435,136.3217,0.885,9.2446,7.545,313.1,16057.76,4.1364,75.7025,,133.23,1281.28,,11.1644,22.5125,4.825,9.8875,1.6866,59.409,4.1993,4.6198,69.3065,9.9508,1.592,38.655,4.5294,35.4217,1.1823,15.0558
2017-12-20,1.0,20.8709,1.5427,1.9558,3.8953,1.5221,1.1702,7.7926,25.674,7.4443,136.4994,0.8832,9.2677,7.547,312.75,16083.14,4.1398,75.9475,,134.16,1281.59,,11.1656,22.7971,4.8257,9.8683,1.697,59.502,4.2041,4.6284,69.5139,9.9128,1.594,38.792,4.5366,35.5279,1.1845,15.0112
2017-12-21,1.0,21.0479,1.5451,1.9558,3.9214,1.5184,1.1725,7.8092,25.715,7.4447,136.595,0.88763,9.2758,7.5468,312.36,16067.76,4.1395,75.9275,,134.59,1281.82,,11.1718,22.9004,4.8373,9.9738,1.6931,59.525,4.1998,4.6363,69.3462,9.9844,1.5952,38.838,4.5313,35.5391,1.1859,15.0858
2017-12-22,1.0,21.2939,1.5358,1.9558,3.9349,1.5057,1.1735,7.7945,25.75,7.4443,136.5339,0.88568,9.2648,7.542,311.82,16070.5,4.1305,75.9065,,134.37,1276.34,,11.17,23.1255,4.8354,9.8963,1.6904,59.382,4.1975,4.642,69.095,9.9327,1.5929,38.83,4.525,35.4108,1.1853,15.0586
2017-12-27,1.0,21.8333,1.5316,1.9558,3.9196,1.5028,1.1772,7.7975,25.84,7.445,136.6807,0.88593,9.2953,7.5398,310.99,16123.38,4.1432,76.3125,,134.7,1277.73,,11.183,23.5221,4.8481,9.8605,1.6825,59.43,4.1884,4.6499,68.5974,9.8727,1.5937,39.027,4.5475,35.6529,1.1895,14.8108
2017-12-28,1.0,22.0003,1.533,1.9558,3.9496,1.5049,1.1704,7.8001,25.645,7.4455,137.1692,0.88768,9.3274,7.5115,310.3,16184.89,4.1512,76.473,,134.74,1276.37,,11.1985,23.4672,4.853,9.867,1.6856,59.561,4.1808,4.652,68.7979,9.8452,1.5968,38.929,4.5459,35.5896,1.1934,14.7325
2017-12-29,1.0,22.7027,1.5346,1.9558,3.9729,1.5039,1.1702,7.8044,25.535,7.4449,137.6386,0.88723,9.372,7.44,310.33,16239.12,4.1635,76.6055,,135.01,1279.61,,11.2236,23.6612,4.8536,9.8403,1.685,59.795,4.177,4.6585,69.392,9.8438,1.6024,39.121,4.5464,35.5641,1.1993,14.8054
2018-01-02,1.0,22.4584,1.5413,1.9558,3.9504,1.5128,1.1718,7.8338,25.494,7.4437,138.2063,0.88953,9.4283,7.464,308.59,16266.03,4.1693,76.6005,,135.35,1281.59,,11.2488,23.5534,4.8495,9.7748,1.6955,60.132,4.1633,4.6525,69.1176,9.8283,1.6031,39.115,4.534,35.6661,1.2065,14.9
2018-01-03,1.0,22.1283,1.5339,1.9558,3.9236,1.5047,1.1736,7.8168,25.545,7.4442,137.9379,0.8864,9.3985,7.441,309.29,16176.95,4.1588,76.3455,,134.97,1281.39,,11.2292,23.3835,4.8272,9.744,1.6942,59.988,4.1652,4.6355,69.0962,9.825,1.5988,39.11,4.5303,35.5539,1.2023,14.8845
2018-01-04,1.0,22.2901,1.5398,1.9558,3.906,1.5114,1.1763,7.838,25.515,7.4449,138.2739,0.89103,9.4323,7.4355,308.53,16191.23,4.1578,76.498,,135.92,1283.14,,11.2433,23.3216,4.8405,9.7655,1.6957,60.062,4.1555,4.629,68.9312,9.822,1.6043,38.873,4.5367,35.7185,1.2065,14.8475
2018-01-05,1.0,22.482,1.5361,1.9558,3.9057,1.5068,1.1757,7.8151,25.594,7.4459,137.994,0.88883,9.4188,7.435,308.77,16164.39,4.1402,76.329,,136.45,1281.2,,11.2139,23.3267,4.818,9.7418,1.6837,60.065,4.1554,4.6351,68.7724,9.8318,1.5993,38.773,4.5127,35.5448,1.2045,14.8886
2018-01-08,1.0,22.6888,1.5289,1.9558,3.8825,1.488,1.1709,7.7816,25.524,7.4467,137.2791,0.88413,9.3656,7.442,308.84,16084.83,4.1207,76.0375,,135.34,1277.87,,11.2056,23.0819,4.7929,9.6783,1.6702,60.095,4.1663,4.6206,68.3774,9.8165,1.5956,38.565,4.4887,35.4006,1.1973,14.8924
2018-01-09,1.0,22.7305,1.5242,1.9558,3.8571,1.4826,1.1727,7.7865,25.535,7.4469,137.2305,0.8827,9.3323,7.4475,309.36,16038.99,4.1096,76.0215,,134.31,1274.81,,11.2026,22.9311,4.7841,9.6715,1.6601,59.994,4.1795,4.653,68.0535,9.8288,1.5932,38.481,4.4843,35.3104,1.1932,14.734
2018-01-10,1.0,22.7128,1.5289,1.9558,3.8952,1.4931,1.1725,7.7996,25.57,7.4469,137.8667,0.8867,9.3809,7.4493,309.92,16105.86,4.1129,76.263,,133.62,1280.95,,11.1957,23.13,4.8004,9.6448,1.6654,60.624,4.1814,4.6395,68.3985,9.811,1.5981,38.506,4.5548,35.4738,1.1992,14.9214
2018-01-11,1.0,22.3576,1.5281,1.9558,3.8858,1.5093,1.1736,7.8127,25.547,7.4474,137.9179,0.89075,9.4002,7.4538,309.43,16102.18,4.1134,76.5335,,134.19,1282.33,,11.1993,23.305,4.7905,9.6735,1.6653,60.589,4.1785,4.6413,68.465,9.8203,1.6006,38.46,4.5648,35.549,1.2017,14.9744
2018-01-12,1.0,22.6901,1.5417,1.9558,3.8959,1.5194,1.1787,7.8417,25.521,7.4487,138.8517,0.88983,9.4962,7.4454,308.74,16179.71,4.1272,77.1915,,134.88,1289.54,,11.2405,23.1956,4.8255,9.659,1.6726,61.144,4.1722,4.6363,68.7074,9.835,1.6103,38.802,4.5587,35.9547,1.2137,15.0481
2018-01-15,1.0,22.9396,1.5434,1.9558,3.9237,1.5263,1.1799,7.904,25.531,7.4496,139.9196,0.89043,9.605,7.434,308.9,16337.05,4.1737,77.9805,,135.81,1305.74,,11.3129,23.1195,4.8568,9.6708,1.6828,61.753,4.1686,4.6278,69.2832,9.8335,1.6223,39.194,4.6442,36.2831,1.2277,15.1034
2018-01-16,1.0,22.9098,1.5379,1.9558,3.9303,1.5194,1.1795,7.878,25.516,7.4492,139.6765,0.8886,9.568,7.4235,308.75,16311.76,4.1766,78.33,,135.4,1302.4,,11.2985,22.9588,4.8491,9.6308,1.6808,61.939,4.1713,4.6483,69.0251,9.8228,1.6185,39.112,4.6437,36.1903,1.223,14.997
2018-01-17,1.0,23.0466,1.5314,1.9558,3.9497,1.5185,1.1774,7.8528,25.447,7.4469,139.5025,0.88568,9.5415,7.4266,308.77,16302.02,4.2171,78.011,,135.21,1303.65,,11.2879,22.9386,4.834,9.622,1.68,62.017,4.1713,4.6571,69.3859,9.8425,1.6153,39.001,4.6654,36.0885,1.2203,15.0524
2018-01-18,1.0,23.063,1.5311,1.9558,3.9321,1.5229,1.1748,7.8582,25.365,7.4475,139.7276,0.88208,9.5648,7.4409,308.51,16325.38,4.195,78.121,,136.07,1306.61,,11.2962,22.8174,4.8396,9.6013,1.6759,62.068,4.1665,4.648,69.2126,9.8305,1.6175,39.054,4.6374,36.1432,1.2235,15.0035
2018-01-19,1.0,23.1865,1.5302,1.9558,3.9312,1.5246,1.1758,7.8481,25.433,7.4454,139.8657,0.88365,9.5814,7.4352,309.2,16315.69,4.1837,78.239,,135.54,1306.92,,11.3032,22.8157,4.826,9.6243,1.6831,62.138,4.1716,4.6594,69.3324,9.8333,1.6178,39.069,4.6557,35.9819,1.2255,14.9553
2018-01-22,1.0,23.24,1.5287,1.9558,3.9083,1.527,1.1764,7.8374,25.399,7.4442,139.576,0.88085,9.5689,7.4355,309.65,16341.51,4.1856,78.2225,,135.66,1309.98,,11.301,22.8062,4.816,9.6223,1.6758,62.288,4.1707,4.667,69.2819,9.834,1.6151,38.993,4.6552,35.8461,1.2239,14.8092
2018-01-23,1.0,23.512,1.5365,1.9558,3.9453,1.5289,1.1779,7.8466,25.403,7.4435,139.6828,0.8783,9.576,7.4306,310.13,16345.06,4.1878,78.118,,135.35,1317.85,,11.3037,23.0622,4.8153,9.638,1.6722,62.501,4.1696,4.671,69.2007,9.8443,1.6162,38.989,4.6295,35.8614,1.2249,14.8551
2018-01-24,1.0,24.0185,1.531,1.9558,3.9437,1.5229,1.1735,7.8719,25.374,7.4451,140.4156,0.87183,9.6556,7.4325,309.01,16450.39,4.2117,78.673,,135.13,1315.33,,11.3412,22.9045,4.8289,9.6275,1.6677,62.79,4.1563,4.6648,69.5725,9.8323,1.6181,39.032,4.6263,35.9799,1.2352,14.7803
2018-01-25,1.0,24.2557,1.5358,1.9558,3.9063,1.5289,1.168,7.8549,25.381,7.4444,140.7949,0.87038,9.6996,7.4245,309.35,16492.63,4.2229,78.865,,135.12,1314.41,,11.3598,22.881,4.8207,9.5858,1.6823,63.189,4.1469,4.6693,69.2815,9.8188,1.6202,38.983,4.641,36.0521,1.2407,14.7614
2018-01-26,1.0,24.3497,1.538,1.9558,3.9149,1.5325,1.1632,7.8693,25.357,7.4428,140.8523,0.87335,9.7222,7.419,309.8,16558.53,4.215,79.1055,,135.95,1323.68,,11.3679,23.067,4.8179,9.5655,1.6943,63.492,4.1422,4.6663,69.5246,9.8005,1.6259,39.037,4.6635,36.225,1.2436,14.7883
2018-01-29,1.0,24.2009,1.5302,1.9558,3.9209,1.5269,1.1563,7.8383,25.297,7.4427,140.5838,0.8794,9.6783,7.4218,309.34,16586.62,4.2131,78.7055,,134.75,1324.74,,11.3516,23.0316,4.8116,9.5548,1.6881,63.642,4.1436,4.653,69.8633,9.7823,1.622,38.92,4.6755,36.1343,1.2379,14.8255
2018-01-30,1.0,24.3234,1.5345,1.9558,3.928,1.5304,1.1589,7.8566,25.33,7.4415,140.8698,0.8793,9.7117,7.4188,310.38,16630.48,4.2226,79.057,,134.98,1329.25,,11.3724,23.1289,4.8448,9.5628,1.6937,63.753,4.1449,4.6513,69.5888,9.7825,1.628,39.014,4.6833,36.2845,1.2421,14.7979
2018-01-31,1.0,24.4543,1.5357,1.9558,3.9368,1.529,1.1631,7.834,25.272,7.4419,141.2756,0.8791,9.7413,7.4325,310.65,16662.48,4.2423,79.18,,135.6,1327.03,,11.383,23.2262,4.8578,9.562,1.6803,63.872,4.1503,4.6545,70.0723,9.7645,1.6288,39.003,4.6732,36.2883,1.2457,14.782
2018-02-01,1.0,24.3698,1.5567,1.9558,3.9488,1.5348,1.1603,7.8451,25.267,7.4428,141.381,0.8752,9.7429,7.4325,310.06,16717.3,4.2715,79.766,125.01,136.62,1334.46,,11.3901,23.131,4.864,9.5705,1.6944,64.33,4.1543,4.6548,70.122,9.803,1.6352,39.071,4.6677,36.4364,1.2459,14.8245
2018-02-02,1.0,24.272,1.563,1.9558,3.9993,1.5387,1.1596,7.855,25.192,7.4429,141.4128,0.8785,9.7692,7.4349,309.49,16821.79,4.2897,80.0205,125.2,137.22,1355.17,,11.3989,23.056,4.8556,9.5663,1.696,64.49,4.1541,4.6458,70.2938,9.8223,1.6409,39.225,4.6795,36.5752,1.2492,14.958
2018-02-05,1.0,24.2269,1.5664,1.9558,4.0174,1.5468,1.1599,7.8248,25.196,7.4433,141.0162,0.88568,9.7288,7.433,309.6,16787.78,4.2812,79.7435,125.0,136.67,1352.64,,11.3815,23.1245,4.8557,9.6108,1.7025,64.169,4.1585,4.6333,70.4985,9.8338,1.6387,39.223,4.6774,36.4888,1.244,14.9635
2018-02-06,1.0,24.2388,1.5728,1.9558,4.0381,1.5488,1.1571,7.7446,25.233,7.4429,140.2492,0.88885,9.6403,7.4358,310.65,16736.62,4.297,79.2415,125.0,134.97,1339.89,,11.3449,23.192,4.8268,9.7005,1.6955,63.544,4.1644,4.6445,70.7106,9.8685,1.6314,38.941,4.6647,36.1782,1.2329,14.8719
2018-02-07,1.0,24.1825,1.5684,1.9558,4.007,1.5445,1.161,7.7416,25.23,7.443,140.4051,0.88675,9.6463,7.4413,309.81,16729.4,4.3076,79.2655,125.0,134.84,1335.72,,11.3488,23.0468,4.8155,9.6618,1.6897,63.236,4.1595,4.6555,70.5211,9.8585,1.6291,38.976,4.6681,36.064,1.2338,14.764
2018-02-08,1.0,24.1732,1.5694,1.9558,4.0034,1.5402,1.1555,7.7549,25.247,7.4422,139.9858,0.87513,9.5795,7.4398,310.96,16721.53,4.2823,78.7715,125.2,134.31,1335.37,,11.3182,22.9938,4.8183,9.686,1.6966,63.308,4.1695,4.652,70.8858,9.8968,1.6288,39.01,4.6701,36.0003,1.2252,14.8007
2018-02-09,1.0,24.4945,1.5721,1.9558,4.0244,1.5475,1.15,7.7362,25.335,7.4437,139.8549,0.8874,9.5985,7.4435,312.08,16763.69,4.3273,79.0045,125.2,133.59,1336.19,,11.326,23.0932,4.86,9.7983,1.6952,63.324,4.1903,4.6563,71.5055,9.9448,1.6321,39.028,4.697,36.0053,1.2273,14.8761
2018-02-12,1.0,24.5291,1.5645,1.9558,4.0415,1.5427,1.1503,7.7604,25.358,7.4458,139.8189,0.886,9.5892,7.4525,311.97,16722.75,4.3219,78.894,125.4,133.23,1328.3,,11.322,22.8364,4.8368,9.7475,1.6918,63.73,4.1748,4.6524,71.0851,9.9195,1.6256,38.874,4.6648,35.9731,1.2263,14.6721
2018-02-13,1.0,24.6413,1.5715,1.9558,4.0642,1.5544,1.1522,7.8244,25.386,7.4488,140.6741,0.88935,9.6467,7.4357,312.16,16822.21,4.3573,79.273,125.4,132.82,1338.24,,11.3456,22.9778,4.8678,9.7418,1.6941,64.285,4.1781,4.6586,71.2558,9.9388,1.6314,38.861,4.6865,36.1604,1.2333,14.778
2018-02-14,1.0,24.6898,1.5707,1.9558,4.0525,1.5528,1.1519,7.8341,25.37,7.4488,140.6816,0.8904,9.6585,7.434,312.82,16812.73,4.3676,79.1165,125.2,132.4,1331.19,,11.3473,22.9932,4.8198,9.7148,1.6873,64.392,4.1719,4.6606,70.8493,9.9305,1.629,38.797,4.6929,36.0838,1.2348,14.5938
2018-02-15,1.0,24.7361,1.5757,1.9558,4.0254,1.5604,1.1545,7.9261,25.37,7.4493,141.5908,0.8866,9.7723,7.4383,311.68,16896.85,4.4028,79.849,125.0,133.11,1330.75,,11.3967,23.126,4.8654,9.735,1.6909,65.145,4.1532,4.662,70.8097,9.918,1.6385,39.128,4.7046,36.2674,1.2493,14.5607
2018-02-16,1.0,24.5229,1.5695,1.9558,4.0314,1.5587,1.1521,7.9077,25.34,7.4481,141.6471,0.88803,9.7479,7.438,311.28,16848.21,4.4211,80.044,125.2,132.34,1327.26,,11.3856,23.0626,4.8541,9.681,1.6853,65.121,4.1597,4.6625,70.2884,9.914,1.6336,39.0,4.6784,36.2123,1.2464,14.5331
2018-02-19,1.0,24.5315,1.5676,1.9558,4.0126,1.5592,1.1513,7.8734,25.327,7.448,141.3051,0.8859,9.7075,7.4385,311.15,16818.58,4.3673,79.7375,124.7,132.24,1323.97,,11.369,23.0128,4.8281,9.6575,1.682,65.1,4.146,4.6613,70.0709,9.9155,1.6295,38.943,4.6575,36.0945,1.241,14.4614
2018-02-20,1.0,24.5813,1.5648,1.9558,4.0114,1.5553,1.1537,7.829,25.318,7.4473,140.5588,0.88168,9.6549,7.4385,311.78,16819.73,4.322,80.003,124.3,132.25,1323.7,,11.3459,23.0002,4.8101,9.6683,1.6782,64.56,4.1467,4.6636,69.9071,9.9688,1.6272,38.883,4.6566,36.024,1.234,14.4916
2018-02-21,1.0,24.5624,1.5684,1.9558,4.008,1.5601,1.1551,7.8112,25.361,7.4465,140.1862,0.88463,9.6341,7.4415,312.15,16757.86,4.3072,79.7295,123.9,132.41,1322.02,,11.3196,23.0516,4.8174,9.642,1.6754,64.229,4.1589,4.6615,69.6656,9.9648,1.6267,38.783,4.665,35.9422,1.2312,14.3373
2018-02-22,1.0,24.4661,1.5699,1.9558,4.0149,1.5589,1.1508,7.8085,25.316,7.4462,140.1361,0.88343,9.6059,7.4445,312.69,16831.62,4.2935,79.8895,123.9,131.47,1331.26,,11.3085,23.0731,4.8112,9.6893,1.6761,63.911,4.1819,4.6555,69.6731,9.9963,1.6232,38.761,4.6648,35.9685,1.2276,14.3835
2018-02-23,1.0,24.555,1.572,1.9558,3.9875,1.5614,1.1505,7.7914,25.337,7.4469,140.6284,0.8794,9.6219,7.4365,312.88,16820.11,4.2918,79.6515,123.9,131.28,1324.37,,11.3318,22.8385,4.8135,9.677,1.6864,63.719,4.1698,4.655,69.448,10.0583,1.6254,38.668,4.6575,36.0019,1.2299,14.2239
2018-02-26,1.0,24.6338,1.571,1.9558,3.9857,1.5617,1.153,7.7723,25.391,7.4459,140.3785,0.8782,9.6387,7.4435,313.59,16834.05,4.3034,79.803,123.7,131.6,1320.16,,11.3302,22.9176,4.8165,9.6303,1.6847,63.936,4.1697,4.6625,68.9399,10.0435,1.6227,38.586,4.6579,36.0373,1.232,14.2826
2018-02-27,1.0,24.8923,1.5698,1.9558,3.9831,1.5647,1.1539,7.7665,25.398,7.446,140.2479,0.884,9.6272,7.4452,313.97,16818.89,4.2822,79.803,123.9,131.77,1318.51,,11.3324,23.0305,4.8072,9.629,1.6918,64.286,4.167,4.6575,68.7975,10.08,1.6235,38.613,4.6629,35.9457,1.2301,14.338
2018-02-28,1.0,24.6662,1.5637,1.9558,3.9615,1.5608,1.152,7.7285,25.418,7.4465,139.6883,0.88415,9.5595,7.4505,313.93,16793.03,4.2508,79.623,123.7,130.72,1320.25,,11.3015,22.9437,4.793,9.6153,1.6905,63.641,4.1781,4.663,68.754,10.0923,1.6162,38.389,4.6451,35.8212,1.2214,14.3677
2018-03-01,1.0,24.5313,1.5746,1.9558,3.974,1.5654,1.1519,7.729,25.434,7.447,139.515,0.8852,9.5263,7.448,313.78,16800.16,4.2397,79.3245,123.7,129.98,1323.49,,11.2865,23.0364,4.7814,9.66,1.6866,63.239,4.1853,4.6573,69.1788,10.1185,1.615,38.424,4.6435,35.7533,1.2171,14.52
2018-03-02,1.0,24.8826,1.5885,1.9558,4.0096,1.5858,1.1512,7.8121,25.409,7.4479,140.3772,0.8932,9.6397,7.4445,313.88,16963.47,4.2508,80.3205,123.9,129.77,1334.84,,11.3336,23.3041,4.8267,9.6178,1.7014,64.033,4.1944,4.6595,70.3851,10.1643,1.6261,38.77,4.6998,36.1013,1.2312,14.7068
2018-03-05,1.0,24.9832,1.5887,1.9558,4.0096,1.5914,1.1549,7.803,25.404,7.4468,140.3521,0.8907,9.6398,7.4303,313.76,16937.51,4.258,80.1275,123.7,130.02,1328.69,,11.3313,23.2587,4.8059,9.6335,1.7026,63.953,4.1909,4.6618,70.298,10.1683,1.6238,38.669,4.6939,36.0819,1.2307,14.6176
2018-03-06,1.0,24.9647,1.584,1.9558,3.9927,1.5993,1.1626,7.8538,25.38,7.4494,141.109,0.89165,9.7218,7.4275,313.11,17030.37,4.2905,80.5845,123.7,131.84,1316.92,,11.3682,23.166,4.8322,9.613,1.6985,64.36,4.1815,4.6598,69.8699,10.1835,1.6325,38.871,4.7013,36.2416,1.2411,14.5449
2018-03-07,1.0,25.2934,1.5909,1.9558,4.0094,1.6056,1.1673,7.8484,25.421,7.4502,141.2589,0.89513,9.7295,7.428,311.74,17082.07,4.2978,80.578,123.7,131.41,1327.71,,11.3688,23.4057,4.8472,9.6775,1.7063,64.571,4.1939,4.6605,70.6046,10.2383,1.6323,38.878,4.7152,36.368,1.2417,14.7815
2018-03-08,1.0,25.3575,1.5912,1.9558,4.0261,1.6044,1.1731,7.8696,25.427,7.4505,141.2025,0.89465,9.7356,7.4365,312.02,17114.9,4.2852,80.898,123.5,131.83,1331.33,,11.3523,23.2184,4.8523,9.7135,1.7102,64.646,4.2042,4.6588,70.6686,10.2173,1.6339,38.921,4.7326,36.4273,1.2421,14.767
2018-03-09,1.0,25.0122,1.5772,1.9558,4.01,1.5848,1.1695,7.7895,25.454,7.4494,140.267,0.88893,9.637,7.4355,311.93,16976.78,4.2345,80.1315,122.9,131.31,1315.51,,11.3132,22.881,4.8105,9.5948,1.6931,64.102,4.2018,4.657,70.1112,10.1648,1.6204,38.538,4.6939,36.0618,1.2291,14.6257
2018-03-12,1.0,24.9485,1.5641,1.9558,4.0087,1.5782,1.1681,7.7886,25.448,7.4496,140.2434,0.8859,9.6447,7.445,311.89,16937.39,4.2372,79.9785,123.1,131.04,1312.16,,11.318,22.9816,4.8033,9.5645,1.6854,64.07,4.2013,4.6618,70.0482,10.1563,1.6172,38.542,4.7212,36.0274,1.2302,14.5763
2018-03-13,1.0,24.9695,1.5683,1.9558,4.0142,1.589,1.169,7.8265,25.471,7.4486,140.9588,0.8865,9.7031,7.4412,311.91,16973.95,4.2554,80.284,123.1,132.31,1316.84,,11.339,22.918,4.8192,9.5808,1.6842,64.291,4.2119,4.6619,70.3046,10.1568,1.6224,38.632,4.7822,36.197,1.2378,14.5787
2018-03-14,1.0,24.9545,1.5644,1.9558,4.0244,1.5993,1.1704,7.8089,25.447,7.4493,140.9001,0.8863,9.6978,7.4428,311.63,16981.4,4.2434,80.1975,123.1,131.77,1313.97,,11.3177,22.9785,4.8202,9.5728,1.6853,64.33,4.2023,4.6625,70.4935,10.1255,1.6193,38.505,4.7924,36.141,1.2369,14.5494
2018-03-15,1.0,24.9782,1.5735,1.9558,4.0579,1.6025,1.1689,7.7966,25.416,7.4487,140.6948,0.8848,9.6773,7.4438,311.07,16977.51,4.2412,80.155,123.1,130.9,1314.61,,11.2934,23.0643,4.8321,9.5078,1.6915,64.226,4.2122,4.6653,70.6343,10.0943,1.6182,38.461,4.8097,35.95,1.2341,14.6322
2018-03-16,1.0,25.0381,1.586,1.9558,4.0464,1.6087,1.1702,7.781,25.415,7.4486,140.4274,0.88253,9.6476,7.4308,311.04,16926.64,4.2491,79.867,122.7,130.21,1313.43,,11.3,23.0385,4.8079,9.491,1.7002,63.909,4.2173,4.6655,70.8949,10.0795,1.6182,38.379,4.8147,35.8279,1.2301,14.6899
2018-03-19,1.0,24.8796,1.5994,1.9558,4.0567,1.6105,1.1717,7.7944,25.432,7.4484,140.3748,0.87593,9.6537,7.4295,310.98,16958.11,4.268,80.2455,122.5,130.65,1321.16,,11.2982,23.1871,4.8184,9.5205,1.7066,64.174,4.2171,4.6677,71.3661,10.0838,1.6223,38.416,4.8584,35.9078,1.2309,14.8916
2018-03-20,1.0,24.8221,1.5934,1.9558,4.041,1.604,1.1721,7.7744,25.423,7.4485,140.1625,0.87715,9.6295,7.4423,311.13,16893.01,4.2741,80.037,122.5,130.72,1314.93,,11.2871,23.0086,4.8091,9.4863,1.7039,63.926,4.2277,4.6663,70.8466,10.0563,1.6174,38.301,4.8238,35.8014,1.2276,14.6788
2018-03-21,1.0,24.9191,1.5994,1.9558,4.0552,1.5947,1.1709,7.777,25.422,7.4486,140.3793,0.87403,9.6397,7.44,311.43,16909.37,4.2931,80.117,122.7,130.5,1317.22,,11.2969,22.7879,4.8153,9.5028,1.7158,64.037,4.2364,4.6678,70.6217,10.0883,1.6197,38.345,4.8352,35.8631,1.2286,14.7273
2018-03-22,1.0,24.9738,1.5974,1.9558,4.0666,1.5889,1.1671,7.8016,25.399,7.4484,140.3785,0.872,9.6641,7.4435,311.66,16937.58,4.2959,80.183,122.7,129.75,1330.52,,11.3133,22.7765,4.819,9.5308,1.7031,64.544,4.2217,4.6675,70.32,10.12,1.6207,38.512,4.8372,35.9455,1.2316,14.5724
2018-03-23,1.0,24.979,1.5978,1.9558,4.0726,1.5868,1.1703,7.7975,25.405,7.4478,140.723,0.87285,9.6889,7.4398,312.9,16993.03,4.2984,80.255,122.1,129.74,1330.3,,11.3256,22.8804,4.8365,9.5715,1.7024,64.64,4.2262,4.663,70.5388,10.1943,1.6216,38.495,4.888,35.9746,1.2346,14.5204
2018-03-26,1.0,25.0491,1.6048,1.9558,4.0932,1.5997,1.1739,7.7924,25.446,7.4482,141.1518,0.87248,9.7384,7.442,312.73,17045.27,4.3317,80.5105,121.9,130.47,1336.99,,11.3508,22.8777,4.8425,9.5613,1.7029,64.82,4.23,4.6593,70.6897,10.1868,1.6274,38.66,4.9464,36.109,1.2411,14.4937
2018-03-27,1.0,24.976,1.607,1.9558,4.1051,1.5949,1.1764,7.773,25.473,7.4489,140.7399,0.8794,9.7113,7.4408,312.85,17004.62,4.3212,80.413,121.7,131.04,1328.86,,11.348,22.7905,4.7971,9.5603,1.7041,64.955,4.2196,4.6558,70.82,10.2156,1.6208,38.65,4.9429,36.0657,1.2376,14.4598
2018-03-28,1.0,24.9882,1.6132,1.9558,4.1264,1.5974,1.1801,7.7971,25.462,7.4513,141.0108,0.87605,9.7295,7.4428,312.51,17057.99,4.3353,80.8005,121.5,131.6,1321.47,,11.3553,22.7725,4.782,9.6423,1.7075,64.873,4.2072,4.6525,71.3252,10.28,1.6214,38.744,4.9561,36.1303,1.2398,14.5029
2018-03-29,1.0,24.8046,1.6036,1.9558,4.0938,1.5895,1.1779,7.7468,25.425,7.453,140.662,0.8749,9.6696,7.4323,312.13,16933.98,4.3262,80.296,121.5,131.15,1310.89,,11.3331,22.5249,4.7658,9.677,1.7098,64.374,4.2106,4.6565,70.8897,10.2843,1.6158,38.478,4.8976,35.93,1.2321,14.621
2018-04-03,1.0,24.7822,1.5994,1.9558,4.0742,1.5818,1.1775,7.7351,25.367,7.4492,140.51,0.87523,9.6602,7.432,312.24,16935.95,4.34,80.014,121.5,130.76,1297.87,,11.3329,22.3936,4.7702,9.6338,1.6964,64.034,4.2087,4.661,70.8835,10.2968,1.6114,38.376,4.8967,35.8815,1.2308,14.5517
2018-04-04,1.0,24.7656,1.5978,1.9558,4.1316,1.5756,1.1776,7.7409,25.34,7.4499,140.1335,0.87573,9.6355,7.4324,311.67,16899.76,4.3493,79.954,121.5,130.43,1306.45,,11.3231,22.52,4.7609,9.6345,1.685,64.022,4.2035,4.66,70.9668,10.3175,1.6136,38.363,4.9262,35.9075,1.2276,14.6328
2018-04-05,1.0,24.7296,1.594,1.9558,4.0452,1.5659,1.1796,7.7302,25.327,7.4472,140.1102,0.87395,9.6232,7.432,310.96,16884.17,4.3349,79.601,121.5,131.26,1299.41,,11.3176,22.179,4.7431,9.5875,1.6799,63.83,4.2041,4.6623,70.6251,10.314,1.6113,38.331,4.9543,35.8262,1.226,14.6219
2018-04-06,1.0,24.6992,1.5934,1.9558,4.1111,1.565,1.1798,7.7138,25.339,7.4474,139.9158,0.87295,9.6014,7.424,312.56,16850.5,4.3262,79.481,121.3,131.32,1310.95,,11.303,22.3317,4.7363,9.586,1.6884,63.69,4.1983,4.6636,70.827,10.2983,1.6138,38.28,4.9644,35.8603,1.2234,14.7757
2018-04-09,1.0,24.8252,1.605,1.9558,4.149,1.5726,1.179,7.7686,25.357,7.4469,140.34,0.87088,9.6576,7.432,312.1,16958.23,4.3397,79.9545,121.3,131.66,1316.69,,11.31,22.5884,4.7641,9.5883,1.6871,63.999,4.1952,4.6634,74.113,10.296,1.6158,38.475,5.0018,35.9944,1.2304,14.9162
2018-04-10,1.0,24.9476,1.5976,1.9558,4.206,1.5645,1.1792,7.7741,25.335,7.4468,140.7467,0.87183,9.703,7.4295,311.82,16997.61,4.3312,80.3375,121.9,132.28,1319.5,,11.3375,22.5778,4.7831,9.647,1.6806,64.236,4.193,4.662,77.4609,10.2855,1.6202,38.603,5.0622,36.104,1.2361,14.9028
2018-04-11,1.0,24.9544,1.598,1.9558,4.2333,1.5625,1.1855,7.7815,25.323,7.4449,140.9014,0.8736,9.7212,7.426,311.74,17046.58,4.3549,80.8735,121.6,132.26,1324.61,,11.3262,22.6527,4.7982,9.6213,1.6812,64.379,4.1915,4.6627,80.0075,10.2863,1.6204,38.601,5.1832,36.1853,1.2384,14.9678
2018-04-12,1.0,24.8395,1.5893,1.9558,4.1482,1.5517,1.1876,7.7452,25.316,7.4451,140.3795,0.86745,9.6734,7.4213,311.4,16968.15,4.3322,80.417,122.0,132.04,1319.86,,11.3277,22.3815,4.777,9.5973,1.67,64.102,4.1844,4.6615,75.8954,10.3723,1.6155,38.448,5.0473,36.121,1.2323,14.7838
2018-04-13,1.0,24.884,1.5801,1.9558,4.1979,1.5482,1.1854,7.7363,25.307,7.4467,140.4095,0.864,9.6687,7.4165,311.13,16939.57,4.3316,80.316,121.6,132.64,1316.26,,11.3088,22.3162,4.7714,9.5643,1.6703,63.969,4.1763,4.6603,76.2186,10.3798,1.6158,38.367,5.0411,36.079,1.2317,14.8457
2018-04-16,1.0,25.0022,1.5928,1.9558,4.23,1.5596,1.1878,7.7726,25.265,7.4473,140.7551,0.86465,9.7104,7.4128,310.3,17039.98,4.3327,81.0175,122.0,132.77,1328.33,,11.3444,22.3399,4.8057,9.595,1.6853,64.387,4.1627,4.6508,76.942,10.4045,1.6221,38.644,5.0816,36.3431,1.237,14.9467
2018-04-17,1.0,24.9747,1.591,1.9558,4.2158,1.5511,1.1908,7.7639,25.254,7.4474,140.7167,0.8628,9.7001,7.4135,310.84,17021.77,4.3548,81.108,122.6,132.35,1320.61,,11.3371,22.2075,4.8058,9.598,1.6837,64.594,4.1602,4.6468,76.3214,10.3913,1.6192,38.566,5.0734,36.2938,1.2357,14.8492
2018-04-18,1.0,24.9934,1.5953,1.9558,4.2047,1.5572,1.1979,7.7826,25.303,7.4478,140.9646,0.87105,9.7245,7.4178,310.16,17055.8,4.3566,81.346,123.3,132.82,1319.56,,11.345,22.2671,4.8171,9.6095,1.6912,64.458,4.1697,4.6539,76.1846,10.4033,1.6236,38.688,5.071,36.3351,1.2388,14.8175
2018-04-19,1.0,24.9182,1.5892,1.9558,4.1925,1.5606,1.1976,7.7717,25.327,7.4478,141.1023,0.86975,9.7182,7.412,310.37,17070.75,4.3437,81.458,123.3,132.88,1314.38,,11.3251,22.4668,4.8085,9.5825,1.6938,64.432,4.1664,4.657,75.2875,10.3778,1.6208,38.644,4.9838,36.3241,1.2382,14.7813
2018-04-20,1.0,24.8143,1.5983,1.9558,4.1892,1.5557,1.197,7.7449,25.34,7.4477,140.4401,0.87608,9.6568,7.411,310.52,17142.74,4.3435,81.39,123.3,132.41,1316.26,,11.2985,22.7424,4.7924,9.605,1.7032,64.179,4.1677,4.6586,75.7375,10.3703,1.6172,38.552,4.9803,36.2283,1.2309,14.8008
2018-04-23,1.0,24.7104,1.601,1.9558,4.1981,1.5649,1.1941,7.7208,25.408,7.4477,139.9195,0.8764,9.5974,7.4153,311.38,17059.77,4.3308,81.2845,123.2,132.38,1318.33,,11.2736,22.9,4.7636,9.6258,1.7052,64.073,4.1893,4.6577,75.6527,10.3763,1.6188,38.537,5.0079,36.2025,1.2238,14.96
2018-04-24,1.0,24.713,1.6038,1.9558,4.2085,1.5662,1.1944,7.7012,25.437,7.4478,139.7115,0.87468,9.5829,7.4194,312.83,16941.1,4.345,81.0765,123.25,132.92,1314.66,,11.2814,22.9992,4.7698,9.629,1.7134,63.747,4.1996,4.653,75.2566,10.3775,1.6154,38.41,4.9985,36.14,1.2213,15.0663
2018-04-25,1.0,24.6765,1.6118,1.9558,4.2705,1.5704,1.1986,7.7048,25.466,7.4489,139.6897,0.8738,9.5625,7.4185,313.2,16961.52,4.3776,81.6095,123.0,133.03,1320.61,,11.2713,23.2194,4.7712,9.705,1.7232,63.773,4.2241,4.6453,75.7073,10.422,1.6199,38.486,5.0008,36.2416,1.2185,15.2415
2018-04-26,1.0,24.6372,1.607,1.9558,4.2322,1.5618,1.1976,7.6962,25.472,7.4509,139.4736,0.871,9.5493,7.4226,312.8,16886.75,4.3507,81.224,123.0,132.87,1310.55,,11.2611,22.8454,4.7652,9.6735,1.7194,63.269,4.236,4.6538,76.5029,10.4478,1.6141,38.396,4.9531,36.1049,1.2168,15.0737
2018-04-27,1.0,24.8026,1.5975,1.9558,4.1992,1.5549,1.196,7.6517,25.471,7.4501,138.8331,0.877,9.4731,7.4195,312.84,16723.29,4.3376,80.4645,122.6,131.95,1291.82,,11.2263,22.6929,4.7231,9.659,1.7116,62.392,4.2161,4.6615,75.4175,10.5178,1.6005,38.117,4.8882,35.7191,1.207,14.9637
2018-04-30,1.0,24.8,1.6013,1.9558,4.1932,1.5542,1.1968,7.6574,25.542,7.4501,138.7813,0.8796,9.4801,7.41,313.55,16796.15,4.3378,80.1685,122.2,132.12,1292.04,,11.2257,22.5977,4.7409,9.662,1.7145,62.452,4.2264,4.6614,75.9587,10.4993,1.6016,38.145,4.8896,35.7612,1.2079,15.0121
2018-05-02,1.0,24.6534,1.5987,1.9558,4.2293,1.5401,1.1957,7.6353,25.601,7.4488,138.3439,0.8804,9.425,7.411,314.04,16762.27,4.3354,80.0455,122.2,131.84,1291.54,,11.1883,22.7479,4.7223,9.6958,1.7103,62.301,4.2755,4.6635,76.4,10.6174,1.6025,38.092,4.9813,35.701,1.2007,15.1336
2018-05-03,1.0,25.4051,1.5926,1.9558,4.2367,1.5404,1.1958,7.6135,25.585,7.4497,138.2949,0.8818,9.4131,7.4153,314.06,16708.75,4.3519,79.8965,122.2,131.03,1288.96,,11.2001,22.8159,4.7094,9.6465,1.7041,61.995,4.2628,4.6658,76.0875,10.6045,1.5962,37.931,5.036,35.631,1.1992,15.1399
2018-05-04,1.0,26.637,1.5915,1.9558,4.2446,1.541,1.195,7.6113,25.503,7.4492,138.2118,0.88235,9.3952,7.404,313.87,16729.91,4.3342,80.027,122.2,130.37,1288.32,,11.1894,22.9276,4.7134,9.644,1.7067,61.847,4.2543,4.662,75.4816,10.5715,1.5962,38.008,5.0963,35.5722,1.1969,15.1135
2018-05-07,1.0,26.0112,1.5882,1.9558,4.2162,1.5338,1.1964,7.5778,25.518,7.4486,137.6008,0.8801,9.3428,7.3985,314.34,16735.4,4.3121,79.904,121.8,130.15,1288.09,,11.1676,23.0215,4.6947,9.619,1.7013,61.763,4.2537,4.6563,74.8299,10.5383,1.5917,37.944,5.0827,35.5448,1.1902,14.973
2018-05-08,1.0,26.0493,1.5929,1.9558,4.2233,1.5398,1.1906,7.5586,25.526,7.4503,137.4478,0.8793,9.3178,7.392,314.91,16718.9,4.2699,79.63,122.0,129.45,1278.9,,11.1575,23.1788,4.7106,9.6233,1.7019,61.616,4.2792,4.6495,75.1187,10.476,1.5883,37.877,5.0904,35.3551,1.187,14.9131
2018-05-09,1.0,26.5555,1.5923,1.9558,4.2451,1.5299,1.1895,7.5628,25.564,7.4495,137.4516,0.87445,9.3248,7.3875,315.12,16713.75,4.266,79.901,122.4,130.24,1279.55,,11.1578,23.2043,4.7332,9.6045,1.6995,61.694,4.2656,4.6448,74.9194,10.3473,1.5921,38.078,5.0824,35.4963,1.1879,14.9351
2018-05-10,1.0,26.9441,1.5865,1.9558,4.2464,1.5172,1.1908,7.5419,25.498,7.4496,137.4731,0.8781,9.3241,7.3885,313.85,16664.83,4.2529,79.8905,122.4,130.22,1270.74,,11.158,23.0556,4.77,9.547,1.7144,61.768,4.2443,4.6388,73.707,10.315,1.5925,38.081,5.0429,35.436,1.1878,14.7041
2018-05-11,1.0,27.0782,1.5801,1.9558,4.2486,1.5197,1.1933,7.5572,25.506,7.4498,137.8501,0.88,9.3681,7.3893,314.97,16672.69,4.256,80.36,122.4,130.44,1273.07,,11.1797,22.9796,4.7713,9.5425,1.711,62.551,4.2584,4.6345,73.5704,10.2635,1.5917,38.028,5.1025,35.4909,1.1934,14.6515
2018-05-14,1.0,27.5844,1.5861,1.9558,4.2927,1.5301,1.1965,7.5973,25.488,7.4505,138.2805,0.8824,9.4103,7.3835,315.37,16747.24,4.2881,80.9545,122.2,131.27,1280.74,,11.1941,23.1847,4.7359,9.5653,1.7246,62.861,4.2629,4.629,73.8057,10.2958,1.598,38.17,5.1748,35.6796,1.1988,14.6926
2018-05-15,1.0,29.7194,1.5857,1.9558,4.3439,1.5253,1.191,7.5606,25.551,7.4492,137.4731,0.879,9.328,7.3833,316.93,16715.82,4.281,80.872,122.6,130.77,1279.12,,11.1602,23.4398,4.7009,9.5673,1.7222,62.424,4.2837,4.6331,73.822,10.2928,1.5908,38.049,5.2719,35.5435,1.1883,14.8389
2018-05-16,1.0,28.3576,1.5741,1.9558,4.3294,1.5161,1.1792,7.5137,25.545,7.4487,136.7893,0.87418,9.2504,7.383,317.27,16582.15,4.2351,79.8925,123.0,129.83,1274.5,,11.1254,23.2843,4.6712,9.5715,1.7115,61.715,4.2889,4.635,73.5977,10.2903,1.5824,37.874,5.2178,35.235,1.1784,14.7584
2018-05-17,1.0,28.6525,1.5681,1.9558,4.3286,1.5077,1.1819,7.5174,25.557,7.4481,136.9797,0.8735,9.2666,7.3803,316.58,16588.39,4.2382,79.9645,123.2,130.66,1275.6,,11.1311,23.168,4.6854,9.5565,1.7125,61.711,4.2899,4.6319,73.1549,10.295,1.5845,37.859,5.2497,35.3126,1.1805,14.8009
2018-05-18,1.0,28.6443,1.5673,1.9558,4.3831,1.5074,1.1773,7.5147,25.59,7.4483,136.9005,0.87325,9.248,7.384,317.68,16666.58,4.2313,80.1115,123.4,130.69,1273.37,,11.1234,23.2982,4.6794,9.5773,1.7049,61.742,4.295,4.6323,73.215,10.3073,1.5828,37.929,5.2714,35.2815,1.1781,14.943
2018-05-21,1.0,28.7055,1.5619,1.9558,4.3714,1.5139,1.1753,7.5097,25.68,7.4471,136.7382,0.8764,9.23,7.3815,319.4,16670.14,4.2163,80.128,123.4,130.84,1274.86,,11.1146,23.522,4.6801,9.5285,1.703,61.604,4.3138,4.6217,73.3644,10.2555,1.5803,37.899,5.4012,35.2668,1.1759,15.1352
2018-05-22,1.0,28.742,1.5543,1.9558,4.317,1.5066,1.1738,7.5112,25.702,7.4478,136.8835,0.87688,9.2565,7.3868,317.45,16674.36,4.2061,80.2105,123.6,130.7,1267.93,,11.1279,23.2842,4.679,9.49,1.6991,61.645,4.2862,4.6265,72.3491,10.2158,1.5772,37.758,5.4704,35.2688,1.1794,14.8008
2018-05-23,1.0,28.4247,1.5544,1.9558,4.304,1.5109,1.1598,7.4797,25.813,7.4495,136.3547,0.87953,9.1904,7.3913,319.53,16642.92,4.1882,80.1055,123.8,128.61,1266.75,,11.0978,23.355,4.6627,9.5063,1.6977,61.432,4.3088,4.6294,72.2643,10.2906,1.5754,37.641,5.7086,35.109,1.1708,14.8062
2018-05-24,1.0,28.7037,1.5519,1.9558,4.2794,1.5111,1.1607,7.4868,25.809,7.4496,136.4834,0.87475,9.2043,7.3946,319.27,16583.53,4.1922,80.193,123.8,128.46,1264.77,,11.1018,23.0952,4.6648,9.481,1.6946,61.628,4.3031,4.627,72.1879,10.2518,1.5726,37.577,5.5804,35.1321,1.1728,14.6043
2018-05-25,1.0,28.6977,1.5424,1.9558,4.2554,1.5126,1.1593,7.4611,25.765,7.4485,136.0037,0.8754,9.1589,7.3905,319.9,16475.1,4.1552,79.1505,123.8,127.72,1259.55,,11.0822,22.8883,4.6467,9.4888,1.6882,61.441,4.309,4.6297,72.4935,10.1922,1.5652,37.29,5.5153,34.9885,1.1675,14.5938
2018-05-28,1.0,28.6442,1.541,1.9558,4.2953,1.5114,1.1577,7.4508,25.731,7.4474,135.8549,0.87465,9.1354,7.395,319.42,16324.88,4.1573,78.528,123.2,127.33,1250.83,,11.075,22.765,4.6316,9.5113,1.6756,61.112,4.3053,4.636,72.6316,10.2373,1.5615,37.272,5.3482,34.8628,1.1644,14.4979
2018-05-29,1.0,28.587,1.5366,1.9558,4.3415,1.5058,1.1517,7.4174,25.907,7.4429,135.2945,0.87143,9.0681,7.3903,320.05,16205.24,4.1615,78.406,122.94,125.88,1248.51,,11.0436,22.8237,4.606,9.5618,1.6711,60.836,4.311,4.647,72.3479,10.3173,1.5565,37.067,5.334,34.7499,1.1558,14.6465
2018-05-30,1.0,28.9172,1.5409,1.9558,4.3112,1.5093,1.1513,7.4673,25.835,7.4432,135.7646,0.875,9.1268,7.3893,319.57,16223.91,4.1631,78.388,122.9,126.76,1255.41,,11.0709,22.8815,4.6359,9.5463,1.6686,61.208,4.3135,4.6443,72.3836,10.2783,1.5588,37.292,5.1818,34.9278,1.1632,14.6156
2018-05-31,1.0,29.1498,1.5414,1.9558,4.3626,1.5038,1.1526,7.4951,25.797,7.4436,136.2173,0.8768,9.1818,7.387,318.89,16269.8,4.181,78.802,122.9,127.33,1261.25,,11.0969,23.2461,4.6562,9.5375,1.6681,61.507,4.3058,4.6508,72.5759,10.2683,1.5656,37.472,5.2628,35.0693,1.1699,14.7031
2018-06-01,1.0,29.1282,1.5494,1.9558,4.3681,1.5142,1.1531,7.4883,25.827,7.4441,135.9971,0.8768,9.1547,7.385,319.84,16195.41,4.1437,78.314,122.1,127.74,1254.17,,11.085,23.2834,4.6536,9.5323,1.6737,61.375,4.3162,4.665,72.5972,10.2943,1.5617,37.376,5.3991,34.8433,1.1669,14.8313
2018-06-04,1.0,29.3073,1.5311,1.9558,4.3893,1.5148,1.1546,7.5166,25.696,7.4434,136.6807,0.87673,9.2091,7.379,318.64,16281.57,4.1836,78.712,122.5,128.44,1254.88,,11.1078,23.3661,4.6655,9.503,1.6654,61.647,4.2848,4.6548,72.6626,10.2583,1.5655,37.511,5.4193,34.9117,1.1737,14.7053
2018-06-05,1.0,29.139,1.5335,1.9558,4.3926,1.5158,1.1515,7.477,25.653,7.4425,136.1278,0.8739,9.1611,7.383,318.68,16208.4,4.1743,78.3975,123.5,128.08,1250.33,,11.0869,23.7975,4.6524,9.5008,1.6636,61.223,4.2886,4.6526,72.816,10.2498,1.5593,37.337,5.3857,34.8297,1.1675,14.8229
2018-06-06,1.0,29.3243,1.5365,1.9558,4.4924,1.515,1.1629,7.523,25.648,7.4436,136.9176,0.87683,9.2328,7.3878,318.64,16300.41,4.1957,78.731,123.7,129.57,1255.45,,11.1188,23.9686,4.6704,9.5238,1.6702,61.697,4.2753,4.6534,72.9345,10.276,1.5685,37.53,5.4078,34.9971,1.1765,15.0421
2018-06-07,1.0,29.461,1.5457,1.9558,4.5872,1.5313,1.1613,7.566,25.64,7.4483,137.4556,0.88123,9.2868,7.3848,317.36,16425.02,4.2236,79.438,124.3,130.26,1266.42,,11.1484,24.0536,4.7036,9.5013,1.6789,62.175,4.2603,4.6555,73.3086,10.2515,1.5757,37.792,5.291,35.1781,1.1836,15.1353
2018-06-08,1.0,29.3674,1.5496,1.9558,4.5149,1.5274,1.1572,7.5333,25.795,7.4476,136.8816,0.87733,9.2222,7.383,319.7,16373.32,4.2009,79.342,124.7,128.64,1263.46,,11.1206,24.0774,4.6867,9.5085,1.6734,62.068,4.2793,4.6593,73.4773,10.287,1.5702,37.683,5.2798,35.1416,1.1754,15.3821
2018-06-11,1.0,29.8629,1.5501,1.9558,4.3902,1.5348,1.1631,7.5518,25.682,7.4492,137.2713,0.8818,9.2508,7.3788,321.65,16477.11,4.2125,79.498,124.9,129.62,1268.16,,11.1316,24.0675,4.7019,9.5013,1.6764,62.558,4.2669,4.659,73.7903,10.253,1.5737,37.822,5.3296,35.1829,1.179,15.4991
2018-06-12,1.0,30.7278,1.5506,1.9558,4.3608,1.5335,1.1615,7.5496,25.652,7.4503,137.153,0.88175,9.2499,7.3815,319.89,16465.01,4.2213,79.5015,125.1,130.03,1272.14,,11.1286,24.2869,4.7121,9.4435,1.6781,62.551,4.2754,4.6605,73.9972,10.155,1.5738,37.839,5.3762,35.1833,1.1788,15.5183
2018-06-13,1.0,30.2864,1.5506,1.9558,4.3587,1.5313,1.1616,7.5293,25.711,7.4503,137.0307,0.8821,9.2325,7.38,320.35,16426.44,4.2179,79.534,125.5,130.03,1275.88,,11.1214,24.3141,4.6985,9.4373,1.6713,62.616,4.2766,4.665,73.8286,10.136,1.5711,37.798,5.4603,35.1203,1.1764,15.5908
2018-06-14,1.0,30.7326,1.5514,1.9558,4.3312,1.5222,1.1585,7.5009,25.651,7.4499,136.6638,0.87683,9.2058,7.3843,321.09,16343.04,4.2229,79.2925,124.64,129.15,1269.54,,11.1105,24.0641,4.675,9.4268,1.6656,62.354,4.2671,4.6655,72.7553,10.16,1.5665,37.712,5.4251,35.0555,1.173,15.3722
2018-06-15,1.0,32.1267,1.5518,1.9558,4.3761,1.5223,1.1575,7.4463,25.714,7.4503,135.9909,0.8732,9.102,7.3801,323.04,16221.59,4.1977,78.8705,124.7,128.31,1272.93,,11.0624,24.0902,4.6382,9.432,1.6676,61.881,4.2807,4.6628,72.5401,10.1713,1.5619,37.606,5.4671,34.8034,1.1596,15.5659
2018-06-18,1.0,32.5803,1.561,1.9558,4.3472,1.5307,1.1554,7.478,25.739,7.45,136.0713,0.87655,9.1156,7.3795,323.02,16348.9,4.2146,79.0145,125.7,128.27,1282.56,,11.0719,23.9739,4.6423,9.434,1.6712,62.013,4.2876,4.6658,73.4609,10.2223,1.568,37.951,5.4821,35.0248,1.1613,15.6275
2018-06-19,1.0,31.8471,1.5695,1.9558,4.3536,1.5319,1.1501,7.4765,25.811,7.4529,135.7007,0.87693,9.0534,7.386,324.33,16337.37,4.2054,78.867,126.2,126.78,1287.91,,11.0415,23.8447,4.6176,9.4895,1.6747,61.521,4.3143,4.668,73.805,10.3227,1.5685,37.878,5.4971,34.918,1.1534,15.9903
2018-06-20,1.0,32.1359,1.5688,1.9558,4.3273,1.5398,1.1537,7.4953,25.835,7.4525,136.0312,0.87878,9.0847,7.3836,324.15,16320.23,4.2085,78.86,125.8,127.39,1281.98,,11.0567,23.6794,4.6318,9.4693,1.6853,61.864,4.3152,4.6695,73.6225,10.2755,1.5718,37.987,5.4943,34.9579,1.1578,15.8367
2018-06-21,1.0,32.0231,1.5664,1.9558,4.3567,1.5381,1.1496,7.4977,25.863,7.452,135.8248,0.8737,9.0528,7.379,326.15,16261.4,4.1816,78.4145,126.6,127.59,1280.79,,11.0422,23.5286,4.6331,9.4253,1.6846,61.637,4.3256,4.6723,73.5577,10.3248,1.5714,37.995,5.4754,35.0218,1.1538,15.758
2018-06-22,1.0,32.0244,1.5681,1.9558,4.3617,1.5459,1.1534,7.5689,25.792,7.4526,136.6435,0.87663,9.1393,7.3788,324.05,16429.21,4.2134,79.03,126.6,128.3,1293.76,,11.0798,23.5466,4.6621,9.4328,1.688,62.079,4.3148,4.6663,73.5314,10.295,1.5822,38.369,5.4639,35.2815,1.1648,15.7165
2018-06-25,1.0,31.6193,1.5742,1.9558,4.4042,1.5542,1.1549,7.6468,25.935,7.4517,137.1093,0.8804,9.181,7.3825,325.42,16561.35,4.2243,79.645,126.2,128.21,1303.95,,11.1015,23.4457,4.6959,9.4703,1.6947,62.535,4.337,4.669,73.3376,10.3623,1.593,38.563,5.4557,35.545,1.17,15.8282
2018-06-26,1.0,31.6194,1.5778,1.9558,4.4051,1.5549,1.1543,7.6749,25.9,7.451,136.9639,0.8816,9.1608,7.381,326.0,16548.56,4.2356,79.7095,125.2,127.95,1306.32,,11.0893,23.237,4.6956,9.4718,1.6998,62.714,4.341,4.6669,73.5257,10.3383,1.5892,38.523,5.4053,35.5599,1.1672,15.8232
2018-06-27,1.0,31.4579,1.5725,1.9558,4.4152,1.5443,1.1536,7.6649,25.777,7.4507,136.5914,0.88173,9.1158,7.3806,326.8,16484.27,4.2353,79.694,124.4,128.08,1298.88,,11.0605,23.1817,4.6795,9.4785,1.7046,62.157,4.3363,4.6553,73.359,10.3503,1.5834,38.333,5.37,35.3878,1.1616,15.8948
2018-06-28,1.0,31.7716,1.5778,1.9558,4.4822,1.5398,1.1556,7.6728,26.001,7.4509,136.4307,0.8852,9.0906,7.382,328.07,16598.44,4.2271,79.683,124.2,127.63,1300.27,,11.0489,23.2921,4.6824,9.474,1.7135,61.96,4.3631,4.6584,73.0951,10.4191,1.5831,38.363,5.3305,35.4197,1.1583,16.0621
2018-06-29,1.0,32.7123,1.5787,1.9558,4.4876,1.5442,1.1569,7.717,26.02,7.4525,136.9803,0.88605,9.1468,7.386,329.77,16654.04,4.2627,79.813,123.4,129.04,1296.72,,11.0734,22.8817,4.708,9.5115,1.7247,62.174,4.3732,4.6631,73.1582,10.453,1.5896,38.565,5.3385,35.4641,1.1658,16.0484
2018-07-02,1.0,33.6809,1.5825,1.9558,4.5227,1.5342,1.1563,7.7586,25.998,7.4504,136.9617,0.8865,9.1325,7.3846,329.81,16760.16,4.265,80.0705,124.0,128.86,1303.87,,11.0577,23.332,4.7093,9.5015,1.7315,62.137,4.3893,4.6578,73.4691,10.449,1.5925,38.589,5.3743,35.608,1.1639,16.071
2018-07-03,1.0,32.9997,1.5761,1.9558,4.5429,1.5344,1.1573,7.7481,26.073,7.4506,137.1435,0.8835,9.1506,7.3845,327.35,16766.1,4.2521,79.931,124.6,129.09,1298.07,,11.0655,22.9451,4.7208,9.4655,1.7281,62.249,4.3915,4.6615,73.6468,10.3123,1.5921,38.681,5.4444,35.5853,1.1665,15.9718
2018-07-04,1.0,32.5446,1.5763,1.9558,4.5346,1.5306,1.1557,7.7207,26.028,7.4507,136.8419,0.88108,9.1307,7.394,325.65,16709.0,4.2524,80.027,125.25,128.64,1301.2,,11.051,22.6786,4.7104,9.4433,1.7217,62.158,4.379,4.6656,73.6646,10.251,1.5891,38.622,5.4692,35.5361,1.1642,15.9628
2018-07-05,1.0,32.8701,1.5821,1.9558,4.5521,1.5374,1.1613,7.7672,25.938,7.4507,137.3867,0.8831,9.1887,7.397,322.95,16843.4,4.2492,80.73,124.8,129.53,1309.08,,11.0746,22.5827,4.7339,9.441,1.7256,62.468,4.3577,4.6625,73.7787,10.2363,1.5965,38.874,5.4002,35.7524,1.1709,15.8715
2018-07-06,1.0,32.9087,1.5809,1.9558,4.6279,1.5397,1.1634,7.7937,25.942,7.4528,137.6141,0.88595,9.2013,7.4065,324.35,16847.39,4.2625,80.746,125.2,129.65,1310.92,,11.0765,22.466,4.7424,9.4425,1.7186,62.519,4.3675,4.6608,74.0505,10.291,1.5948,38.9,5.4038,35.7652,1.1724,15.9388
2018-07-09,1.0,32.9149,1.5755,1.9558,4.5564,1.5415,1.1646,7.7967,25.858,7.4534,138.2513,0.88345,9.2526,7.4113,322.74,16887.74,4.2656,80.9585,125.2,130.21,1309.88,,11.0992,22.4356,4.7504,9.4218,1.7198,62.89,4.3204,4.6585,73.8901,10.2548,1.5949,39.022,5.3262,35.7596,1.1789,15.6915
2018-07-10,1.0,32.6892,1.5739,1.9558,4.5513,1.5382,1.1649,7.7767,25.898,7.4536,137.701,0.88338,9.1926,7.398,324.84,16799.96,4.2668,80.617,125.4,130.3,1308.63,,11.0718,22.4121,4.7099,9.4145,1.7188,62.647,4.3208,4.6585,73.2605,10.2438,1.5893,38.875,5.5065,35.6248,1.1713,15.7331
2018-07-11,1.0,32.1961,1.5869,1.9558,4.4923,1.5421,1.1653,7.8359,25.929,7.4541,137.8816,0.88482,9.2111,7.396,324.66,16857.33,4.2664,80.7045,125.4,130.53,1318.67,,11.0753,22.3622,4.7374,9.4458,1.7266,62.893,4.3214,4.6602,72.7507,10.2745,1.5968,39.042,5.6103,35.8557,1.1735,15.821
2018-07-12,1.0,31.9283,1.5778,1.9558,4.5049,1.5369,1.1642,7.778,25.938,7.4554,137.4215,0.88263,9.1494,7.3975,325.28,16766.54,4.2559,79.8805,125.4,131.13,1312.52,,11.052,22.0857,4.7089,9.4443,1.724,62.378,4.3272,4.6588,72.4169,10.335,1.5889,38.775,5.6364,35.5779,1.1658,15.6488
2018-07-13,1.0,31.6369,1.5764,1.9558,4.5373,1.5358,1.1704,7.8012,25.924,7.4555,137.2598,0.88488,9.1387,7.3963,324.06,16787.23,4.2441,79.732,125.2,131.04,1319.7,,11.047,22.1768,4.7106,9.483,1.728,62.291,4.321,4.6578,72.4844,10.376,1.5919,38.841,5.6467,35.6898,1.1643,15.5187
2018-07-16,1.0,31.9487,1.5773,1.9558,4.509,1.5399,1.1696,7.8273,25.883,7.4549,137.7796,0.8827,9.1989,7.3945,322.14,16847.5,4.265,80.3515,125.2,131.65,1320.93,,11.0756,22.034,4.7382,9.479,1.7262,62.691,4.3013,4.6558,72.922,10.3333,1.5954,38.981,5.6893,35.7883,1.172,15.4493
2018-07-17,1.0,32.0069,1.581,1.9558,4.5281,1.5403,1.1648,7.8324,25.875,7.454,137.6193,0.88725,9.1888,7.3915,323.35,16822.96,4.2514,80.1405,124.6,131.81,1319.73,,11.071,22.1732,4.7267,9.4875,1.7191,62.495,4.3007,4.6617,73.1793,10.3003,1.5941,38.949,5.6613,35.7653,1.1707,15.5376
2018-07-18,1.0,31.9511,1.5794,1.9558,4.4804,1.5389,1.1611,7.8042,25.853,7.4544,136.9862,0.89118,9.1141,7.3928,323.94,16725.65,4.2315,79.684,124.4,130.92,1316.94,,11.0254,22.0778,4.7071,9.5023,1.7175,62.163,4.3103,4.656,73.3067,10.312,1.5883,38.734,5.6121,35.5765,1.1611,15.506
2018-07-19,1.0,32.0119,1.5804,1.9558,4.4874,1.5351,1.1622,7.8553,25.92,7.4537,136.9135,0.89298,9.0963,7.3938,325.77,16773.63,4.2393,80.0155,124.4,130.98,1320.68,,11.0213,22.1067,4.7231,9.5763,1.7229,62.18,4.328,4.6575,73.5585,10.3565,1.5909,38.797,5.5957,35.592,1.1588,15.6003
2018-07-20,1.0,32.3609,1.5818,1.9558,4.4364,1.5443,1.1633,7.921,25.875,7.452,137.5529,0.89445,9.1597,7.3956,325.63,16941.92,4.2458,80.321,124.0,130.94,1322.71,,11.0534,22.1573,4.7453,9.5905,1.7251,62.292,4.3229,4.6523,74.0532,10.3908,1.596,39.013,5.5879,35.7752,1.167,15.7066
2018-07-23,1.0,32.3127,1.5821,1.9558,4.4322,1.5387,1.1614,7.9508,25.848,7.4509,137.7421,0.8917,9.1948,7.3978,326.02,16976.63,4.2618,80.673,124.6,130.18,1328.95,,11.0574,22.3736,4.7602,9.5533,1.7204,62.593,4.32,4.6464,73.9197,10.3488,1.5979,39.167,5.5624,35.9127,1.1716,15.8205
2018-07-24,1.0,32.3273,1.5797,1.9558,4.4184,1.5393,1.1626,7.9561,25.761,7.4504,137.693,0.89178,9.1846,7.3975,326.64,16972.88,4.2709,80.71,124.6,130.06,1320.85,,11.0536,22.0446,4.755,9.5605,1.7192,62.366,4.3179,4.6398,73.4444,10.3278,1.5967,39.051,5.7054,35.8407,1.1706,15.6041
2018-07-25,1.0,32.13,1.5766,1.9558,4.3539,1.5341,1.1598,7.9047,25.675,7.4513,137.5699,0.88855,9.1714,7.402,325.92,16884.57,4.2545,80.364,124.2,129.8,1312.47,,11.0421,21.9426,4.7409,9.5485,1.7173,62.291,4.2996,4.6275,73.5813,10.2925,1.5931,38.893,5.6563,35.72,1.169,15.4426
2018-07-26,1.0,32.0731,1.5792,1.9558,4.3523,1.5287,1.1616,7.9464,25.647,7.4517,137.7239,0.8886,9.1949,7.4025,324.43,16935.48,4.2593,80.448,122.2,129.91,1311.82,,11.0523,21.902,4.76,9.5455,1.7186,62.559,4.2835,4.6318,73.856,10.2738,1.5943,39.038,5.6454,35.7862,1.1716,15.4559
2018-07-27,1.0,31.8496,1.5765,1.9558,4.3472,1.5193,1.1597,7.9454,25.622,7.45,137.0719,0.88823,9.1241,7.4008,323.15,16760.34,4.2661,79.8465,122.8,129.25,1300.18,,11.0236,21.6713,4.725,9.5358,1.7179,61.979,4.2918,4.629,73.2503,10.301,1.586,38.897,5.673,35.6033,1.1625,15.3967
2018-07-30,1.0,31.933,1.5795,1.9558,4.3334,1.5245,1.1598,7.9712,25.624,7.4493,137.599,0.8907,9.1696,7.4005,322.02,16814.44,4.282,80.1965,122.8,129.79,1305.99,,11.0477,21.716,4.7408,9.529,1.7165,62.114,4.2773,4.6238,72.9792,10.2503,1.5914,38.908,5.7078,35.739,1.1684,15.4007
2018-07-31,1.0,31.9571,1.5804,1.9558,4.3818,1.5298,1.1592,8.0178,25.598,7.4499,137.9811,0.8922,9.2114,7.402,320.43,16923.31,4.3022,80.4445,122.8,130.84,1312.79,,11.0614,21.782,4.7631,9.5338,1.7213,62.318,4.277,4.6255,73.2097,10.257,1.5976,39.01,5.7319,35.9509,1.1736,15.3676
2018-08-01,1.0,32.0716,1.5767,1.9558,4.4028,1.5231,1.1589,7.9519,25.59,7.4514,137.7565,0.8904,9.1807,7.402,321.36,16889.02,4.2968,79.9705,123.4,130.81,1307.4,,11.0371,21.804,4.7556,9.538,1.7187,61.94,4.272,4.624,73.4672,10.2995,1.5922,38.725,5.7654,35.7841,1.1696,15.5145
2018-08-02,1.0,31.9473,1.5781,1.9558,4.3906,1.5144,1.155,7.9518,25.589,7.4515,137.108,0.89145,9.1185,7.4068,321.83,16815.61,4.285,79.7915,124.0,129.43,1312.72,,11.0081,21.7923,4.7351,9.546,1.7204,61.69,4.282,4.6227,73.4819,10.3003,1.5877,38.69,5.872,35.7018,1.1617,15.6218
2018-08-03,1.0,31.8021,1.5689,1.9558,4.3394,1.5085,1.1528,7.9195,25.657,7.4526,136.8722,0.8905,9.0955,7.4068,320.75,16760.07,4.2798,79.512,123.6,129.3,1303.12,,10.9678,21.63,4.7164,9.541,1.717,61.503,4.2612,4.6202,73.3448,10.3193,1.5838,38.547,5.8958,35.491,1.1588,15.4869
2018-08-06,1.0,31.5032,1.5629,1.9558,4.2788,1.5032,1.1513,7.9066,25.65,7.452,136.556,0.8928,9.0605,7.418,320.54,16703.0,4.2784,79.49,123.8,128.68,1299.27,,10.9431,21.4484,4.709,9.5325,1.7154,61.036,4.2731,4.6272,73.4661,10.304,1.5799,38.496,5.9627,35.3705,1.1543,15.4967
2018-08-07,1.0,31.7013,1.5599,1.9558,4.3051,1.5047,1.153,7.9171,25.606,7.452,137.0557,0.89483,9.1065,7.4176,319.94,16741.69,4.2749,79.685,123.8,128.88,1299.37,,10.951,21.3613,4.7296,9.5003,1.7191,61.279,4.2523,4.6433,73.5837,10.3245,1.5822,38.519,6.1448,35.4275,1.1602,15.4174
2018-08-08,1.0,31.7405,1.5647,1.9558,4.3533,1.5158,1.1544,7.9231,25.578,7.4534,136.95,0.90085,9.0971,7.432,319.26,16728.72,4.2698,79.5295,124.0,128.72,1298.58,,10.9499,21.4471,4.7188,9.5303,1.7202,61.466,4.2597,4.643,75.0618,10.3878,1.5814,38.499,6.1257,35.4732,1.1589,15.5607
2018-08-09,1.0,32.0233,1.5626,1.9558,4.3939,1.5111,1.1512,7.9053,25.57,7.4566,137.0163,0.8994,9.1003,7.4383,320.2,16705.51,4.2714,79.5825,124.4,128.84,1298.03,,10.9547,21.5453,4.7247,9.5443,1.7421,61.479,4.2739,4.6491,76.5157,10.3875,1.5805,38.46,6.2639,35.543,1.1593,15.645
2018-08-10,1.0,32.1736,1.5675,1.9558,4.3904,1.5002,1.1391,7.8468,25.635,7.4544,135.9737,0.89675,8.9928,7.4333,322.77,16583.56,4.2485,78.852,124.6,127.07,1293.54,,10.9077,21.6533,4.6809,9.533,1.7365,60.833,4.2911,4.6583,76.8097,10.4258,1.5708,38.114,6.9309,35.2139,1.1456,15.9272
2018-08-13,1.0,33.3367,1.567,1.9558,4.4554,1.4996,1.1338,7.8537,25.656,7.4536,135.6568,0.8933,8.9511,7.427,323.9,16642.68,4.2227,79.8405,124.2,126.11,1294.47,,10.8848,21.895,4.6667,9.5295,1.7335,60.963,4.2965,4.6588,77.4814,10.4093,1.5689,38.069,7.8651,35.1683,1.1403,16.3821
2018-08-14,1.0,34.1456,1.5696,1.9558,4.4144,1.4909,1.1298,7.8488,25.692,7.4545,135.6943,0.893,8.9537,7.4248,322.74,16629.95,4.2106,79.7315,124.0,126.42,1286.6,,10.8875,21.6516,4.6624,9.5275,1.7277,61.011,4.2993,4.6565,75.853,10.3718,1.5669,37.953,7.4283,35.1412,1.1406,16.1844
2018-08-15,1.0,33.6896,1.5669,1.9558,4.4264,1.4833,1.1289,7.8298,25.705,7.4574,134.9967,0.8913,8.8869,7.4218,324.93,16528.66,4.181,79.1635,124.2,125.67,1285.49,,10.853,21.6735,4.6456,9.5508,1.7267,60.692,4.3284,4.6553,75.9875,10.4033,1.5627,37.773,6.9375,34.9409,1.1321,16.5709
2018-08-16,1.0,33.9679,1.5647,1.9558,4.4228,1.4942,1.1299,7.8396,25.702,7.4573,135.3865,0.89498,8.925,7.4225,324.51,16611.57,4.1953,79.807,123.6,126.02,1284.56,,10.8859,21.6972,4.659,9.613,1.7267,60.765,4.3142,4.6603,76.2551,10.4663,1.5648,37.822,6.6368,35.0424,1.137,16.5835
2018-08-17,1.0,33.8597,1.567,1.9558,4.5001,1.4976,1.1338,7.842,25.729,7.4578,135.5516,0.89575,8.9412,7.4225,323.88,16674.15,4.1815,79.9195,122.8,125.75,1282.38,,10.8784,21.7831,4.6811,9.6795,1.7254,60.876,4.3115,4.6558,76.8166,10.4935,1.5651,37.869,7.0282,35.087,1.1391,16.9966
2018-08-20,1.0,34.103,1.5631,1.9558,4.4818,1.4927,1.1366,7.8351,25.706,7.4588,135.7385,0.89478,8.9645,7.417,323.53,16661.78,4.1814,79.74,123.0,126.25,1281.69,,10.8923,21.63,4.6828,9.672,1.7255,60.953,4.3037,4.649,76.7235,10.4918,1.5665,37.726,6.9863,35.1508,1.142,16.6561
2018-08-21,1.0,34.3444,1.5657,1.9558,4.5623,1.4978,1.1372,7.8748,25.737,7.4584,136.305,0.8974,9.029,7.4195,323.43,16787.17,4.2054,80.3015,124.2,127.01,1287.79,,10.9215,21.7805,4.7164,9.705,1.7281,61.471,4.3081,4.6415,77.6921,10.5118,1.5736,37.646,7.0657,35.3422,1.1502,16.6146
2018-08-22,1.0,34.8329,1.5785,1.9558,4.6912,1.5126,1.1401,7.947,25.725,7.4588,137.1635,0.89928,9.1184,7.4295,322.94,16936.13,4.223,81.19,124.8,128.08,1298.95,,10.9467,21.8821,4.7655,9.6808,1.7319,62.028,4.2821,4.6485,78.9307,10.5075,1.586,38.019,7.0071,35.6844,1.1616,16.5803
2018-08-23,1.0,35.0085,1.5888,1.9558,4.6976,1.5089,1.1383,7.9643,25.713,7.459,136.9842,0.89878,9.0895,7.4373,323.82,16940.08,4.2102,81.1815,125.0,128.31,1299.75,,10.9481,21.7438,4.7532,9.6483,1.7352,61.928,4.2782,4.638,78.5871,10.5183,1.5864,37.956,7.0273,35.6784,1.1579,16.4705
2018-08-24,1.0,35.2449,1.5868,1.9558,4.7375,1.5143,1.1398,7.9326,25.744,7.4592,137.0936,0.902,9.0965,7.4385,324.3,16950.93,4.2086,81.0115,125.0,128.97,1292.41,,10.9604,21.9191,4.75,9.6938,1.7384,61.882,4.2788,4.6393,78.239,10.5843,1.5863,37.887,7.0204,35.5825,1.1588,16.5129
2018-08-27,1.0,35.8762,1.5886,1.9558,4.7606,1.5182,1.1428,7.9396,25.744,7.4582,137.2535,0.90365,9.1318,7.4375,323.87,17015.88,4.2281,81.623,124.6,129.16,1294.41,,10.9604,21.8104,4.7777,9.6988,1.7415,61.997,4.271,4.6423,78.2795,10.6095,1.5884,37.929,7.2082,35.7564,1.1633,16.6464
2018-08-28,1.0,36.2425,1.5924,1.9558,4.7909,1.5128,1.1427,7.9641,25.713,7.4574,137.7646,0.9068,9.1922,7.4325,323.79,17122.36,4.2431,82.0965,124.7,130.03,1294.67,,10.9955,21.9495,4.797,9.7243,1.7444,62.387,4.2723,4.6464,79.0727,10.6633,1.5945,38.098,7.3316,35.9267,1.171,16.5894
2018-08-29,1.0,36.6958,1.5989,1.9558,4.8451,1.5093,1.1385,7.9626,25.745,7.4571,137.3805,0.905,9.1524,7.437,324.63,17087.73,4.2432,82.3405,124.9,129.73,1299.27,,10.9737,22.3252,4.8076,9.7475,1.7413,62.375,4.2838,4.6417,79.4075,10.6923,1.5941,38.14,7.5236,35.8347,1.166,16.8176
2018-08-30,1.0,39.7528,1.6015,1.9558,4.8221,1.5117,1.1339,7.9887,25.749,7.4568,137.5989,0.89758,9.1773,7.4405,326.32,17175.55,4.222,82.715,125.1,130.32,1297.53,,10.9835,22.2356,4.8048,9.72,1.7534,62.532,4.2882,4.6437,79.2207,10.644,1.5968,38.239,7.856,35.8948,1.1692,17.01
2018-08-31,1.0,45.1301,1.6129,1.9558,4.8591,1.5192,1.1281,7.9664,25.735,7.4558,137.3094,0.8974,9.1453,7.438,326.25,17230.0,4.1994,82.7245,124.7,129.05,1301.91,,10.9694,22.3628,4.7967,9.7148,1.7559,62.318,4.2913,4.6437,79.0967,10.6205,1.5965,38.175,7.6386,35.7849,1.1651,17.1728
2018-09-03,1.0,42.8372,1.6109,1.9558,4.7859,1.5175,1.1268,7.9219,25.749,7.4536,137.0293,0.90158,9.1129,7.4328,326.58,17290.44,4.1992,82.6735,125.1,129.03,1291.04,,10.9452,22.3082,4.7908,9.702,1.7565,62.141,4.2952,4.6338,79.083,10.5806,1.5925,38.014,7.7104,35.6981,1.1609,17.2753
2018-09-04,1.0,44.0223,1.6091,1.9558,4.8358,1.5234,1.1261,7.9079,25.728,7.4546,136.797,0.90058,9.0758,7.4303,327.51,17268.0,4.189,82.7665,126.1,128.6,1292.13,,10.9339,22.4548,4.7861,9.717,1.7649,61.95,4.3046,4.6328,79.0289,10.5645,1.5911,37.952,7.7188,35.6203,1.1562,17.6197
2018-09-05,1.0,45.149,1.6144,1.9558,4.8364,1.5263,1.1288,7.9128,25.746,7.4559,136.9797,0.90328,9.0913,7.43,327.81,17297.72,4.1894,83.1035,127.0,129.17,1299.75,,10.9195,22.66,4.8088,9.7485,1.7637,62.273,4.3249,4.6378,79.2265,10.5408,1.5965,38.035,7.724,35.6942,1.1582,17.9906
2018-09-06,1.0,44.9305,1.6164,1.9558,4.7918,1.5338,1.1275,7.9451,25.715,7.4567,137.3847,0.89824,9.1324,7.4341,326.49,17323.54,4.1706,83.7175,127.8,129.55,1304.76,,10.958,22.3653,4.812,9.776,1.7633,62.592,4.3183,4.6385,79.5747,10.5908,1.6,38.13,7.6282,35.7962,1.1634,17.8233
2018-09-07,1.0,43.4627,1.6219,1.9558,4.715,1.5238,1.1217,7.9476,25.697,7.458,137.2216,0.89275,9.1175,7.4253,324.65,17213.43,4.1637,83.32,129.5,128.74,1304.07,,10.9446,22.2326,4.8165,9.7745,1.7647,62.453,4.3081,4.6413,80.6765,10.5163,1.5976,38.08,7.4772,35.7386,1.1615,17.553
2018-09-10,1.0,42.9249,1.6257,1.9558,4.7135,1.5268,1.1267,7.9413,25.648,7.4579,136.8949,0.8934,9.0831,7.4203,325.08,17187.56,4.15,83.8375,129.5,128.54,1306.49,,10.9148,22.3173,4.8021,9.703,1.7706,62.397,4.3169,4.6308,81.2688,10.4683,1.5966,38.017,7.4763,35.6881,1.1571,17.5532
2018-09-11,1.0,43.3579,1.631,1.9558,4.8011,1.5231,1.1276,7.9499,25.646,7.4595,137.0507,0.89068,9.085,7.4205,324.77,17210.54,4.147,84.0965,131.5,128.82,1306.14,,10.9304,22.35,4.8044,9.679,1.7773,62.497,4.3094,4.6323,81.2488,10.485,1.5945,38.009,7.4953,35.6865,1.1574,17.4677
2018-09-12,1.0,43.9651,1.6268,1.9558,4.7859,1.5137,1.1277,7.9588,25.59,7.4594,137.148,0.89028,9.0934,7.435,325.73,17174.76,4.1524,83.6705,132.1,129.13,1307.37,,10.9322,22.176,4.8037,9.6328,1.7772,62.64,4.3099,4.638,80.1609,10.474,1.5945,37.981,7.3781,35.6772,1.1585,17.4368
2018-09-13,1.0,44.5476,1.6167,1.9558,4.8214,1.5112,1.1265,7.9542,25.52,7.4596,137.3797,0.89,9.1204,7.436,325.11,17199.92,4.1552,83.7,131.1,129.68,1302.88,,10.9352,22.0335,4.8159,9.573,1.7743,62.814,4.3098,4.6388,79.4322,10.446,1.5938,37.904,7.2068,35.7741,1.162,17.1545
2018-09-14,1.0,46.4135,1.626,1.9558,4.8921,1.5206,1.1274,8.012,25.473,7.4596,137.8661,0.89228,9.1725,7.4333,323.63,17305.56,4.1698,83.946,128.6,130.75,1307.93,,10.9704,21.9805,4.8375,9.6245,1.7778,63.179,4.3049,4.6467,79.2016,10.546,1.6012,38.071,7.1474,35.9651,1.1689,17.3338
2018-09-17,1.0,46.6221,1.6258,1.9558,4.8942,1.5193,1.1236,8.0139,25.457,7.4594,137.7598,0.88875,9.1579,7.4298,324.5,17351.27,4.1866,84.6355,127.8,130.79,1312.95,,10.9665,21.971,4.83,9.562,1.7742,63.211,4.2955,4.6431,79.4113,10.4527,1.6017,38.071,7.3332,35.9152,1.1671,17.4715
2018-09-18,1.0,46.2499,1.6244,1.9558,4.8481,1.5237,1.1245,8.0317,25.448,7.4602,137.7802,0.88963,9.1755,7.4295,323.82,17379.4,4.1891,85.361,127.6,131.21,1315.11,,10.9736,22.0671,4.8455,9.5473,1.7752,63.311,4.3008,4.6492,79.1659,10.4179,1.6031,38.091,7.5053,36.0432,1.1697,17.4579
2018-09-19,1.0,46.395,1.6109,1.9558,4.8582,1.5136,1.1304,7.9983,25.434,7.4597,137.7184,0.88813,9.1515,7.4285,323.39,17355.0,4.1775,84.4515,128.4,130.94,1308.76,,10.9564,21.8681,4.8336,9.547,1.7684,63.023,4.2951,4.6523,78.0688,10.3878,1.5993,37.871,7.3236,35.9344,1.1667,17.1004
2018-09-20,1.0,46.2834,1.6158,1.9558,4.839,1.5174,1.1312,8.0559,25.56,7.4592,138.4914,0.8859,9.2313,7.4265,323.75,17471.0,4.2052,84.751,129.6,131.98,1316.62,,10.9984,22.0233,4.8694,9.5885,1.7643,63.436,4.2925,4.6545,78.067,10.335,1.6064,38.055,7.432,36.1752,1.1769,17.0297
2018-09-21,1.0,44.9306,1.6154,1.9558,4.792,1.5197,1.1228,8.0503,25.585,7.4597,138.1888,0.894,9.184,7.4278,324.05,17424.92,4.2043,84.8905,129.4,132.44,1312.42,,10.9944,22.2132,4.8565,9.5793,1.7606,63.657,4.2946,4.6581,78.5108,10.3315,1.6042,38.14,7.3935,35.9999,1.1759,16.8918
2018-09-24,1.0,43.7544,1.6187,1.9558,4.7822,1.5231,1.129,8.0729,25.615,7.4597,138.5212,0.89458,9.1941,7.4265,323.49,17512.34,4.2079,85.5665,129.8,132.56,1315.12,,10.9866,22.1852,4.8611,9.5693,1.7651,63.84,4.3009,4.6579,77.5752,10.3563,1.6061,38.139,7.3093,36.1172,1.1773,16.7591
2018-09-25,1.0,43.9147,1.6234,1.9558,4.8532,1.5262,1.1376,8.0958,25.613,7.4597,138.4256,0.89425,9.1974,7.4285,324.08,17571.0,4.2159,85.6125,130.7,132.78,1316.95,,11.0109,22.3696,4.8672,9.5713,1.7696,63.999,4.293,4.6618,77.3603,10.3515,1.6083,38.193,7.2323,36.1394,1.1777,16.9294
2018-09-26,1.0,44.8752,1.6202,1.9558,4.7985,1.5214,1.1369,8.0685,25.605,7.4584,138.1175,0.8908,9.1676,7.4275,323.85,17532.2,4.2117,85.219,128.9,132.61,1309.19,,10.9906,22.3375,4.8603,9.5465,1.7668,63.728,4.2826,4.6611,77.4075,10.3763,1.6027,38.098,7.182,36.0088,1.1737,16.7827
2018-09-27,1.0,45.1012,1.62,1.9558,4.729,1.5301,1.1371,8.055,25.715,7.4591,137.8907,0.88973,9.1478,7.4318,323.7,17450.33,4.2188,84.983,128.7,132.15,1301.82,,10.976,22.0889,4.8398,9.5015,1.7638,63.357,4.2779,4.6701,76.9011,10.3208,1.5976,37.96,7.0415,35.7783,1.1707,16.5152
2018-09-28,1.0,46.1252,1.6048,1.9558,4.6535,1.5064,1.1316,7.9662,25.731,7.4564,136.8949,0.8873,9.0579,7.4346,324.37,17249.98,4.2118,83.916,128.7,131.23,1285.75,,10.9389,21.78,4.789,9.4665,1.7505,62.648,4.2774,4.6638,76.1422,10.309,1.5839,37.448,6.965,35.2929,1.1576,16.4447
2018-10-01,1.0,47.9618,1.607,1.9558,4.6869,1.4867,1.1414,7.972,25.765,7.4557,137.1069,0.89078,9.0848,7.433,323.04,17304.55,4.2251,84.6215,129.3,132.25,1290.16,,10.9454,21.5632,4.8049,9.4465,1.7572,62.733,4.2796,4.6605,76.1229,10.33,1.5903,37.418,6.908,35.4247,1.1606,16.4326
2018-10-02,1.0,45.566,1.6081,1.9558,4.6002,1.4795,1.1354,7.9287,25.788,7.4561,136.6518,0.89043,9.0442,7.4316,323.47,17366.44,4.2098,84.7,129.7,131.46,1290.52,,10.9039,21.6631,4.7805,9.4393,1.7523,62.68,4.2907,4.6671,75.4537,10.3815,1.5862,37.365,6.9419,35.3713,1.1543,16.6012
2018-10-03,1.0,43.969,1.6146,1.9558,4.4737,1.482,1.1412,7.9321,25.779,7.4567,136.7383,0.88895,9.0498,7.427,322.87,17401.61,4.2007,84.717,130.9,131.47,1293.3,,10.8847,21.6818,4.7809,9.4443,1.7617,62.677,4.2956,4.6648,75.7812,10.3795,1.589,37.398,7.0058,35.4608,1.1548,16.6031
2018-10-04,1.0,43.4201,1.6234,1.9558,4.5116,1.48,1.1409,7.9006,25.78,7.4567,136.3637,0.8858,9.0114,7.424,324.43,17448.53,4.1862,84.628,130.9,131.31,1298.27,,10.8887,21.9097,4.7699,9.4643,1.7706,62.482,4.3071,4.6723,76.6491,10.4015,1.587,37.537,7.0525,35.4523,1.1502,16.8813
2018-10-05,1.0,44.1036,1.627,1.9558,4.4216,1.4862,1.1433,7.9033,25.742,7.4589,136.4059,0.88165,9.0137,7.4225,324.59,17466.11,4.1782,84.8835,131.1,131.03,1298.24,,10.9098,21.88,4.775,9.5133,1.7784,62.455,4.3045,4.6708,76.6706,10.4438,1.589,37.745,7.0963,35.5486,1.1506,16.9754
2018-10-08,1.0,43.4328,1.6242,1.9558,4.3093,1.4915,1.1396,7.9502,25.737,7.4599,136.4018,0.8801,8.9874,7.4225,324.94,17466.65,4.1605,85.008,131.6,130.11,1304.77,,10.8845,21.636,4.7685,9.5083,1.7795,62.051,4.3081,4.6675,76.7075,10.4463,1.5894,37.826,7.0434,35.5462,1.1478,17.061
2018-10-09,1.0,42.8813,1.6203,1.9558,4.3112,1.4861,1.1381,7.9185,25.805,7.4592,135.8678,0.8768,8.959,7.42,325.29,17486.0,4.1617,85.084,132.0,129.45,1301.02,,10.8825,21.7228,4.7541,9.4915,1.7784,62.027,4.3155,4.6675,76.3635,10.4445,1.5859,37.85,7.0183,35.4886,1.1435,17.1823
2018-10-10,1.0,42.9525,1.6206,1.9558,4.2893,1.4907,1.1412,7.9621,25.807,7.4601,136.317,0.87448,9.0126,7.41,325.05,17483.45,4.1707,85.3605,133.6,130.23,1307.75,,10.9036,21.9436,4.776,9.4468,1.7792,62.307,4.3096,4.664,76.183,10.48,1.5904,37.864,6.9886,35.668,1.15,16.8243
2018-10-11,1.0,43.0359,1.6314,1.9558,4.327,1.5102,1.143,7.9982,25.848,7.4603,136.9535,0.8749,9.0723,7.417,324.97,17634.51,4.2084,85.7615,134.4,130.0,1320.7,,10.8915,22.1014,4.814,9.5063,1.7852,62.54,4.3167,4.6673,76.9207,10.412,1.5969,37.914,6.9401,35.9365,1.1575,16.8958
2018-10-12,1.0,42.3608,1.6236,1.9558,4.3784,1.5054,1.147,8.0043,25.777,7.4602,136.9277,0.8764,9.0696,7.4115,324.15,17598.27,4.2,85.1445,134.4,129.99,1309.22,,10.9257,21.8434,4.8084,9.4675,1.7768,62.581,4.2936,4.6613,76.2999,10.3593,1.5932,37.882,6.802,35.707,1.1574,16.7
2018-10-15,1.0,42.4965,1.6231,1.9558,4.3498,1.5085,1.1428,8.0135,25.798,7.4609,137.1492,0.88045,9.0767,7.4135,323.45,17614.7,4.2011,85.4735,134.6,129.53,1307.61,,10.9266,21.8192,4.8131,9.4598,1.7723,62.649,4.2942,4.6673,75.924,10.392,1.5945,37.841,6.686,35.7332,1.1581,16.7129
2018-10-16,1.0,42.5596,1.6243,1.9558,4.3017,1.501,1.1444,8.0095,25.821,7.4609,137.1585,0.87593,9.0806,7.4168,322.06,17570.93,4.2225,85.12,135.8,129.92,1301.92,,10.9331,21.7751,4.8083,9.4198,1.7604,62.381,4.289,4.668,75.8119,10.3165,1.5925,37.733,6.707,35.6729,1.1587,16.5064
2018-10-17,1.0,41.4135,1.619,1.9558,4.309,1.4957,1.1453,7.9887,25.843,7.4604,136.54,0.87945,9.0373,7.4165,322.55,17489.57,4.2076,84.8915,137.2,129.43,1299.48,,10.9098,21.7267,4.7881,9.4293,1.7563,62.181,4.294,4.6658,75.6506,10.3148,1.5867,37.542,6.5818,35.5831,1.153,16.4471
2018-10-18,1.0,41.655,1.6119,1.9558,4.2453,1.5009,1.1451,7.9835,25.863,7.4606,136.5962,0.87843,9.0192,7.421,322.42,17480.12,4.2009,84.685,136.8,129.44,1306.55,,10.9031,21.8143,4.7821,9.4598,1.7522,62.137,4.2989,4.6683,75.505,10.333,1.5863,37.512,6.419,35.6254,1.1505,16.4104
2018-10-19,1.0,42.0146,1.6065,1.9558,4.2362,1.4947,1.1421,7.9489,25.867,7.4606,136.187,0.8802,8.9915,7.4295,323.2,17420.06,4.1957,84.123,134.5,129.05,1296.11,,10.8883,21.8911,4.7681,9.4518,1.7379,61.605,4.3017,4.6665,75.2418,10.3358,1.58,37.358,6.4544,35.4136,1.147,16.4499
2018-10-22,1.0,41.9956,1.6185,1.9558,4.259,1.5044,1.1456,7.9801,25.848,7.4603,136.3269,0.88425,9.0107,7.4325,323.12,17467.72,4.2038,84.546,135.2,129.63,1300.75,,10.8965,22.182,4.7797,9.4688,1.7492,61.841,4.2905,4.6669,75.0427,10.331,1.5855,37.672,6.509,35.5322,1.1494,16.425
2018-10-23,1.0,41.8545,1.6243,1.9558,4.2412,1.5047,1.1424,7.9613,25.814,7.4603,136.4353,0.88103,8.999,7.4275,322.81,17435.02,4.2086,84.4435,136.3,128.76,1305.81,,10.891,22.2469,4.7778,9.5053,1.7514,61.716,4.296,4.667,75.0301,10.3606,1.5822,37.705,6.6227,35.5451,1.1478,16.4759
2018-10-24,1.0,41.6684,1.6067,1.9558,4.2198,1.49,1.1373,7.909,25.833,7.4604,135.5983,0.88233,8.9308,7.4273,323.22,17307.86,4.1927,83.3255,137.3,128.37,1291.15,,10.8554,22.0293,4.7452,9.4868,1.7408,61.207,4.3053,4.659,74.369,10.359,1.5724,37.481,6.4991,35.2554,1.1389,16.3455
2018-10-25,1.0,42.2734,1.6095,1.9558,4.2357,1.4893,1.1407,7.9276,25.831,7.461,135.968,0.88533,8.9502,7.4319,323.91,17338.05,4.2083,83.6525,137.1,128.27,1296.4,,10.8662,22.255,4.7599,9.4898,1.7473,61.283,4.3094,4.6647,74.8575,10.393,1.5744,37.57,6.4446,35.3348,1.1416,16.5315
2018-10-26,1.0,41.7269,1.6142,1.9558,4.2125,1.4916,1.1367,7.8801,25.86,7.4607,135.484,0.8868,8.895,7.4325,324.41,17252.4,4.2028,83.34,137.1,127.13,1298.16,,10.8379,22.1824,4.7498,9.516,1.7535,60.877,4.3177,4.6606,74.7073,10.4025,1.5705,37.569,6.3949,35.2031,1.1345,16.6992
2018-10-29,1.0,41.626,1.6061,1.9558,4.1231,1.4917,1.1384,7.9195,25.849,7.4614,135.5152,0.88788,8.927,7.4316,324.4,17320.74,4.217,83.5595,137.5,127.92,1297.35,,10.8624,22.3632,4.7538,9.513,1.7401,61.101,4.3182,4.6647,74.6394,10.391,1.5737,37.796,6.3105,35.2416,1.1381,16.4761
2018-10-30,1.0,42.1048,1.6025,1.9558,4.2282,1.4941,1.1386,7.9203,25.87,7.4614,135.3978,0.89148,8.9229,7.4315,324.95,17301.42,4.2159,83.728,137.7,128.28,1295.91,,10.8508,22.7513,4.7558,9.5435,1.7349,60.862,4.3307,4.667,74.6963,10.42,1.5739,37.88,6.2613,35.2157,1.1372,16.6291
2018-10-31,1.0,41.5088,1.5972,1.9558,4.1943,1.4856,1.1399,7.8935,25.922,7.4614,134.6802,0.88873,8.8787,7.4325,325.1,17206.19,4.2119,83.7305,137.7,128.15,1291.1,,10.8121,22.9029,4.736,9.5528,1.7322,60.471,4.3392,4.6643,74.4074,10.4015,1.5696,37.535,6.2255,35.0327,1.1318,16.7942
2018-11-01,1.0,40.8439,1.5857,1.9558,4.2078,1.4904,1.143,7.9046,25.879,7.4604,135.3632,0.88173,8.9293,7.436,322.96,17192.3,4.2245,83.68,137.9,128.52,1285.7,,10.8381,22.9917,4.7674,9.515,1.719,60.642,4.3269,4.664,74.8346,10.3158,1.5701,37.529,6.3245,35.0703,1.1393,16.6021
2018-11-02,1.0,40.6445,1.584,1.9558,4.2205,1.4956,1.1422,7.8712,25.782,7.4603,135.1938,0.8787,8.9391,7.4393,321.62,17031.88,4.216,82.7085,138.1,128.89,1276.25,,10.8474,22.8399,4.7483,9.5143,1.7154,60.693,4.3202,4.6612,75.3127,10.3123,1.5686,37.539,6.2539,34.9341,1.1417,16.372
2018-11-05,1.0,40.3635,1.5803,1.9558,4.2253,1.4887,1.1437,7.878,25.846,7.4596,134.9486,0.87535,8.9047,7.4383,322.44,17027.71,4.2089,83.092,137.9,128.81,1278.67,,10.8252,22.8514,4.7475,9.524,1.7085,60.515,4.3126,4.6608,75.4376,10.3268,1.5651,37.476,6.1783,34.9366,1.137,16.323
2018-11-06,1.0,40.706,1.5789,1.9558,4.2833,1.4996,1.146,7.9015,25.833,7.4593,135.3892,0.87313,8.951,7.4383,322.06,16916.3,4.2135,83.3785,137.9,129.31,1280.9,,10.8475,22.7736,4.7604,9.5448,1.7105,60.482,4.3088,4.6647,75.3169,10.347,1.5693,37.644,6.1246,35.1015,1.1428,16.2351
2018-11-07,1.0,40.8076,1.575,1.9558,4.3061,1.5019,1.1444,7.9426,25.88,7.4598,135.8056,0.87403,8.9935,7.4338,321.76,16748.05,4.2182,83.28,138.1,130.02,1286.25,,10.859,22.6326,4.7734,9.5328,1.6954,60.584,4.294,4.6621,75.7709,10.3313,1.5729,37.66,6.1357,35.2345,1.1487,16.0216
2018-11-08,1.0,40.7037,1.5668,1.9558,4.2622,1.4972,1.1456,7.9192,25.887,7.4597,135.2767,0.87163,8.9414,7.4315,321.44,16610.5,4.195,82.7195,138.3,129.9,1275.88,,10.8229,22.686,4.7563,9.5078,1.6838,60.308,4.2915,4.6602,75.8313,10.2528,1.5663,37.596,6.1926,35.0359,1.1424,15.959
2018-11-09,1.0,40.2726,1.5663,1.9558,4.254,1.4969,1.1414,7.8852,25.936,7.4594,134.5766,0.87053,8.8843,7.43,321.31,16661.6,4.171,82.264,138.5,129.26,1278.77,,10.8056,23.0001,4.7399,9.5418,1.6815,60.256,4.288,4.657,76.4283,10.2648,1.5627,37.453,6.2261,34.8969,1.1346,16.1884
2018-11-12,1.0,39.8556,1.5623,1.9558,4.2217,1.4873,1.1368,7.8447,25.942,7.4597,133.9606,0.87563,8.8242,7.427,321.72,16680.1,4.1423,82.1106,138.5,128.2,1280.12,,10.7705,22.8373,4.7133,9.5378,1.6699,59.973,4.2968,4.6575,76.18,10.2705,1.556,37.298,6.1282,34.7717,1.1265,16.1851
2018-11-13,1.0,40.0272,1.5628,1.9558,4.2479,1.4888,1.1368,7.8354,25.939,7.4613,134.0195,0.86945,8.8161,7.4238,322.89,16692.18,4.1593,81.839,139.4,128.32,1277.21,,10.7504,23.0152,4.7229,9.5563,1.6684,59.885,4.2992,4.6612,76.199,10.2284,1.5559,37.178,6.1857,34.8065,1.1261,16.2504
2018-11-14,1.0,40.6938,1.5657,1.9558,4.2901,1.4937,1.1395,7.8543,25.994,7.4621,133.9723,0.87048,8.8473,7.423,322.68,16680.18,4.1731,81.674,140.2,128.64,1278.88,,10.7582,23.0803,4.7469,9.599,1.6651,59.989,4.2911,4.6601,76.3414,10.2685,1.5589,37.243,6.1725,34.8914,1.1296,16.2025
2018-11-15,1.0,40.585,1.5564,1.9558,4.2772,1.4949,1.1365,7.8448,25.985,7.4622,133.8704,0.8837,8.8558,7.427,321.99,16599.19,4.1776,81.37,140.4,128.16,1277.99,,10.7745,23.0659,4.7358,9.6028,1.6601,59.614,4.2933,4.665,75.2446,10.2553,1.557,37.278,6.1047,34.8812,1.1305,16.1238
2018-11-16,1.0,40.9591,1.5623,1.9558,4.2666,1.4955,1.1431,7.8859,25.985,7.4618,134.3631,0.8835,8.8868,7.428,321.93,16578.0,4.207,81.5735,140.2,128.37,1283.8,,10.7956,23.0573,4.7562,9.6118,1.6653,59.873,4.3154,4.6648,74.9036,10.262,1.5612,37.385,6.0754,35.0377,1.1346,16.1185
2018-11-19,1.0,41.0515,1.566,1.9558,4.2907,1.5055,1.1391,7.9349,26.013,7.4625,134.8282,0.89083,8.9491,7.4253,321.65,16672.0,4.2368,81.8825,140.8,128.89,1287.63,,10.8229,23.166,4.7848,9.6493,1.674,60.02,4.3293,4.6666,75.2885,10.2815,1.5684,37.623,6.0735,35.3125,1.1427,16.0122
2018-11-20,1.0,41.2869,1.5712,1.9558,4.2919,1.5071,1.1328,7.9299,26.032,7.4627,135.0956,0.88908,8.9445,7.4277,321.25,16672.0,4.2475,81.65,140.8,128.34,1287.96,,10.8211,23.3031,4.7803,9.7135,1.6683,59.859,4.3177,4.6673,75.0039,10.3133,1.5675,37.655,6.1203,35.3031,1.1421,16.0629
2018-11-21,1.0,41.3639,1.5725,1.9558,4.3262,1.5144,1.1341,7.9121,26.002,7.4617,135.2466,0.89108,8.9361,7.4318,321.63,16655.14,4.2603,81.352,141.2,129.04,1287.06,,10.8167,23.118,4.7735,9.729,1.6686,59.593,4.2995,4.6632,75.0963,10.3143,1.5663,37.593,6.0888,35.1945,1.1409,15.902
2018-11-22,1.0,41.3758,1.5721,1.9558,4.3368,1.5074,1.1351,7.9052,25.99,7.4616,134.9956,0.88598,8.9299,7.4285,321.52,16584.0,4.259,80.6045,141.2,128.8,1287.51,,10.8139,23.066,4.7801,9.7398,1.6744,59.749,4.3004,4.6593,74.7458,10.3035,1.5652,37.607,6.0336,35.2212,1.1403,15.7042
2018-11-23,1.0,41.4916,1.5708,1.9558,4.3205,1.5019,1.1316,7.8866,25.954,7.4618,134.8208,0.8848,8.8837,7.4324,322.03,16495.81,4.2413,80.204,140.4,128.07,1285.15,,10.7935,23.0983,4.7635,9.7365,1.6747,59.477,4.2949,4.6577,74.7114,10.3043,1.5605,37.552,5.9992,35.108,1.1352,15.7507
2018-11-26,1.0,42.6487,1.5664,1.9558,4.3808,1.5011,1.1332,7.8869,25.918,7.4612,134.7054,0.8844,8.8906,7.4305,322.9,16447.94,4.2407,80.5385,141.0,128.7,1281.86,,10.7974,23.2106,4.7588,9.729,1.6709,59.559,4.292,4.6588,76.3045,10.293,1.5604,37.543,5.9459,35.0632,1.1363,15.7322
2018-11-27,1.0,44.0149,1.5631,1.9558,4.4011,1.5018,1.1309,7.8708,25.914,7.4617,134.6794,0.88748,8.8679,7.4275,324.06,16410.59,4.2215,80.162,141.0,128.66,1279.17,,10.784,23.1784,4.7498,9.7325,1.6647,59.439,4.2902,4.6583,75.6401,10.2823,1.5582,37.371,5.9313,34.9793,1.1328,15.632
2018-11-28,1.0,43.3407,1.5595,1.9558,4.3579,1.5036,1.1273,7.8464,25.931,7.4616,134.1407,0.88245,8.8328,7.4159,324.37,16401.86,4.2116,79.643,141.6,128.47,1273.13,,10.768,23.058,4.7368,9.7085,1.6613,59.352,4.2953,4.659,75.91,10.2544,1.5548,37.259,5.9268,34.8309,1.1284,15.7292
2018-11-29,1.0,43.7545,1.5525,1.9558,4.3867,1.5117,1.1324,7.9063,25.967,7.4622,135.0267,0.89135,8.9078,7.416,323.42,16334.14,4.2258,79.537,142.3,128.99,1275.57,,10.8046,23.016,4.7575,9.7318,1.6573,59.676,4.2916,4.6531,75.542,10.317,1.5603,37.503,5.8747,35.0735,1.1387,15.5182
2018-11-30,1.0,42.8677,1.5565,1.9558,4.3843,1.5116,1.134,7.8897,25.957,7.4622,134.6218,0.89068,8.8851,7.4055,323.62,16246.21,4.2167,79.0815,139.4,128.99,1274.04,,10.7992,23.091,4.7532,9.74,1.6556,59.536,4.29,4.6598,76.0734,10.3195,1.5581,37.348,5.8753,35.0157,1.1359,15.6258
2018-12-03,1.0,42.759,1.5354,1.9558,4.3367,1.4931,1.1323,7.8074,25.921,7.4622,134.449,0.8915,8.8615,7.4038,322.76,16188.27,4.2144,79.791,139.4,128.7,1260.44,,10.7636,22.7129,4.7073,9.6893,1.6376,59.41,4.2809,4.6539,75.4428,10.2355,1.5491,37.152,5.946,34.8142,1.1332,15.5084
2018-12-04,1.0,41.7056,1.5451,1.9558,4.3642,1.5031,1.1348,7.7986,25.901,7.4626,135.1509,0.89058,8.9071,7.4015,323.2,16303.46,4.2537,80.472,139.6,128.68,1261.04,,10.8136,23.2057,4.7319,9.6473,1.6406,60.035,4.2823,4.6514,75.7901,10.2293,1.555,37.273,6.1035,34.9895,1.1409,15.5292
2018-12-05,1.0,42.9465,1.5569,1.9558,4.3692,1.5076,1.1328,7.7848,25.886,7.463,134.6167,0.88885,8.8695,7.399,323.49,16344.08,4.2293,80.066,139.4,128.31,1264.39,,10.7934,23.2282,4.7165,9.648,1.6398,59.878,4.2826,4.6528,75.8385,10.1753,1.552,37.19,6.0453,34.9748,1.1354,15.6366
2018-12-06,1.0,42.9068,1.5745,1.9558,4.437,1.5229,1.1304,7.8239,25.89,7.4635,134.6369,0.8893,8.8669,7.3965,323.75,16481.65,4.2367,80.495,138.4,128.04,1273.03,,10.7967,23.3643,4.7271,9.7028,1.6517,60.012,4.2881,4.6548,75.9421,10.2355,1.556,37.282,6.0947,35.0344,1.1351,15.9797
2018-12-07,1.0,42.8118,1.5766,1.9558,4.4358,1.523,1.1299,7.8244,25.851,7.4641,134.7443,0.89085,8.8866,7.3913,323.5,16454.01,4.2545,80.509,139.5,128.36,1278.67,,10.7992,23.1435,4.7372,9.697,1.6558,60.059,4.2895,4.6485,75.885,10.2665,1.5583,37.359,6.0619,35.1405,1.1371,16.0673
2018-12-10,1.0,42.8723,1.5842,1.9558,4.4524,1.5218,1.1295,7.8967,25.866,7.4639,135.3177,0.90245,8.9283,7.387,323.15,16671.36,4.2642,82.7284,140.0,128.79,1287.42,,10.8194,23.132,4.7671,9.6885,1.6581,60.367,4.2921,4.6502,75.8985,10.333,1.5667,37.525,6.0499,35.2976,1.1425,16.3463
2018-12-11,1.0,42.8419,1.5778,1.9558,4.4417,1.5239,1.1248,7.8498,25.845,7.4641,135.0005,0.90228,8.8934,7.3943,323.4,16625.0,4.2691,81.8215,140.2,128.75,1284.17,,10.8022,23.0209,4.7615,9.7038,1.6526,60.009,4.2983,4.6557,75.5225,10.297,1.5617,37.317,6.1295,35.1085,1.1379,16.2903
2018-12-12,1.0,42.6893,1.5732,1.9558,4.3881,1.517,1.1286,7.8155,25.866,7.4641,134.7735,0.90135,8.8693,7.3895,323.43,16562.32,4.2603,81.69,140.0,128.67,1280.62,,10.7931,22.7639,4.7538,9.7265,1.6573,59.714,4.2986,4.6571,75.2467,10.3595,1.5577,37.192,6.0893,34.9798,1.1346,16.1475
2018-12-13,1.0,42.8402,1.5729,1.9558,4.4083,1.5193,1.1287,7.8246,25.829,7.4647,134.9397,0.89848,8.8803,7.3935,323.14,16496.36,4.2718,81.428,140.4,129.06,1278.56,,10.855,22.9031,4.7531,9.7388,1.6564,59.888,4.2925,4.6515,75.4593,10.302,1.5587,37.195,6.0968,35.0724,1.1371,16.1227
2018-12-14,1.0,42.7702,1.5753,1.9558,4.4129,1.5095,1.1254,7.788,25.794,7.4656,134.3254,0.89835,8.8168,7.3905,323.93,16499.62,4.2604,81.225,140.4,128.13,1280.17,,10.8554,23.0211,4.7243,9.7235,1.6613,59.98,4.2974,4.6558,75.2265,10.261,1.5534,37.026,6.0799,34.8576,1.1285,16.2186
2018-12-17,1.0,43.2597,1.5801,1.9558,4.4355,1.5189,1.1254,7.8222,25.801,7.4659,134.7311,0.8989,8.8624,7.4028,323.32,16529.51,4.2843,81.213,139.2,128.44,1282.21,,10.8775,22.8295,4.7292,9.7838,1.6668,60.123,4.2835,4.655,75.5249,10.2725,1.5588,37.198,6.0958,34.9695,1.1341,16.2812
2018-12-18,1.0,43.5455,1.581,1.9558,4.4366,1.5249,1.1281,7.8455,25.753,7.4675,134.8005,0.89715,8.8976,7.4048,323.11,16472.76,4.2812,80.253,139.0,127.86,1284.35,,10.8861,22.8293,4.7579,9.8835,1.6556,60.39,4.2848,4.6467,76.1678,10.276,1.559,37.277,6.0782,35.0575,1.1377,16.3106
2018-12-19,1.0,43.6241,1.5879,1.9558,4.4515,1.5332,1.1328,7.8683,25.765,7.4676,135.2234,0.90318,8.9241,7.419,322.9,16471.67,4.2835,80.116,138.8,128.11,1284.2,,10.8833,22.8738,4.7661,9.9375,1.663,60.535,4.2833,4.6655,77.0444,10.3393,1.5623,37.311,6.086,35.1292,1.1405,16.2602
2018-12-20,1.0,43.8001,1.605,1.9558,4.4076,1.5424,1.1331,7.8864,25.76,7.4672,135.4244,0.90335,8.9628,7.4265,321.83,16544.4,4.303,79.949,136.9,127.94,1284.69,,10.8935,22.7759,4.7879,9.897,1.6884,60.816,4.2876,4.6573,77.4949,10.253,1.5678,37.41,6.0319,35.2271,1.1451,16.26
2018-12-21,1.0,43.4303,1.6081,1.9558,4.4099,1.5459,1.1312,7.8825,25.855,7.467,135.273,0.90215,8.9368,7.4216,321.97,16696.34,4.3045,80.04,134.1,126.98,1282.71,,10.8784,22.7547,4.7608,9.9428,1.6925,60.546,4.2851,4.6389,78.2103,10.2733,1.5641,37.267,6.0546,35.1079,1.1414,16.4753
2018-12-24,1.0,43.3162,1.6186,1.9558,4.4537,1.5506,1.1312,7.873,25.916,7.4663,135.2532,0.90038,8.9359,7.422,321.0,16642.56,4.315,80.019,133.2,126.47,1283.61,,10.8765,22.6549,4.7611,10.0025,1.6974,60.417,4.2848,4.6428,78.096,10.3428,1.5655,37.162,6.048,35.153,1.1408,16.6876
2018-12-27,1.0,44.0574,1.6161,1.9558,4.4786,1.55,1.1279,7.8109,25.858,7.4672,134.8248,0.90073,8.9109,7.4125,321.56,16608.2,4.3027,79.9445,133.0,126.14,1276.84,,10.8841,22.6283,4.7419,9.9698,1.6964,59.991,4.2945,4.6536,78.8767,10.2725,1.5617,37.026,6.0067,35.0593,1.1377,16.5208
2018-12-28,1.0,43.697,1.6215,1.9558,4.4427,1.5602,1.1227,7.8778,25.778,7.4673,135.5831,0.90273,8.9716,7.4095,321.61,16639.28,4.3128,80.2255,133.2,126.4,1279.35,,10.932,22.5554,4.7556,9.9738,1.706,60.282,4.3028,4.663,79.5445,10.2773,1.5642,37.317,6.04,35.1397,1.1454,16.4506
2018-12-31,1.0,43.1299,1.622,1.9558,4.444,1.5605,1.1269,7.8751,25.724,7.4673,135.5664,0.89453,8.9675,7.4125,320.98,16500.0,4.2972,79.7298,133.2,125.85,1277.93,,10.9532,22.4921,4.7317,9.9483,1.7056,60.113,4.3014,4.6635,79.7153,10.2548,1.5591,37.052,6.0588,35.0611,1.145,16.4594
2019-01-02,1.0,43.0237,1.6273,1.9558,4.393,1.5547,1.1239,7.8165,25.752,7.4669,134.9882,0.90165,8.9294,7.4205,322.37,16484.11,4.2708,79.9855,133.4,124.28,1278.52,,10.9347,22.3941,4.7195,9.9108,1.7049,59.894,4.2964,4.66,79.3589,10.2145,1.5555,36.807,6.113,35.1081,1.1397,16.5075
2019-01-03,1.0,42.6685,1.6287,1.9558,4.2814,1.5392,1.1219,7.8019,25.683,7.4675,134.8142,0.90312,8.8884,7.4325,322.41,16352.47,4.2425,79.608,133.6,122.21,1279.17,,10.8338,22.2384,4.702,9.9113,1.7085,59.679,4.2975,4.666,78.2615,10.2808,1.5501,36.518,6.2248,35.0789,1.1348,16.4149
2019-01-04,1.0,43.0463,1.6189,1.9558,4.2889,1.5328,1.1256,7.828,25.653,7.4679,135.0789,0.89988,8.9325,7.4335,321.45,16241.35,4.232,79.4315,134.0,123.2,1279.13,,10.8567,22.308,4.7106,9.8648,1.7045,59.809,4.2957,4.6656,77.679,10.246,1.5525,36.587,6.1707,35.2011,1.1403,16.1175
2019-01-07,1.0,42.8043,1.604,1.9558,4.2289,1.5281,1.1227,7.8421,25.572,7.4675,135.463,0.8972,8.9677,7.429,321.11,16122.63,4.2278,79.6895,135.2,123.9,1281.15,,10.8683,22.1202,4.7125,9.8018,1.6925,59.98,4.2908,4.6625,76.5664,10.2235,1.5531,36.607,6.1325,35.2708,1.1445,15.8644
2019-01-08,1.0,42.7341,1.6042,1.9558,4.2604,1.5208,1.1232,7.8405,25.642,7.4663,135.2698,0.89743,8.9671,7.4296,322.15,16181.88,4.2312,80.245,136.1,124.46,1288.62,,10.8676,22.1599,4.7053,9.775,1.7023,60.057,4.3055,4.671,76.7197,10.1855,1.5549,36.705,6.2851,35.295,1.144,16.0365
2019-01-09,1.0,43.0708,1.5982,1.9558,4.2245,1.5172,1.123,7.8226,25.629,7.4661,135.5127,0.89913,8.9789,7.4281,321.85,16180.19,4.2135,80.6365,136.9,124.7,1284.16,,10.8554,22.1006,4.7132,9.7668,1.6908,59.887,4.2968,4.6737,76.8925,10.2268,1.5533,36.662,6.3399,35.281,1.1455,16.0136
2019-01-10,1.0,43.0948,1.6031,1.9558,4.2451,1.5251,1.1276,7.8213,25.626,7.4655,136.0054,0.90423,9.0414,7.4255,321.16,16240.13,4.2261,81.2005,137.1,124.7,1289.04,,10.914,22.1283,4.7265,9.7493,1.6983,60.167,4.2959,4.6813,77.2491,10.2303,1.5584,36.802,6.2709,35.5128,1.1535,15.9731
2019-01-11,1.0,43.1894,1.597,1.9558,4.2849,1.5247,1.1327,7.7922,25.606,7.4643,136.063,0.90015,9.0427,7.432,321.6,16246.02,4.2278,81.3475,138.1,124.91,1289.16,,10.9152,22.0758,4.717,9.7578,1.6873,60.206,4.2973,4.6763,77.3679,10.2338,1.5584,36.825,6.3024,35.5044,1.1533,15.9614
2019-01-14,1.0,42.5712,1.5945,1.9558,4.2739,1.5226,1.1258,7.7595,25.561,7.4639,135.5915,0.89263,8.9934,7.4325,321.33,16195.99,4.1945,81.2195,138.5,123.93,1287.82,,10.9236,21.983,4.7049,9.7868,1.682,59.912,4.2925,4.6815,77.0602,10.2493,1.5526,36.626,6.3241,35.4151,1.1467,15.9218
2019-01-15,1.0,42.3431,1.5884,1.9558,4.237,1.5154,1.1266,7.723,25.572,7.4638,135.2716,0.89025,8.9594,7.4265,322.8,16135.26,4.19,81.231,138.5,124.02,1283.26,,10.8808,21.7315,4.6765,9.7615,1.6757,59.519,4.293,4.6831,76.6722,10.2403,1.5474,36.443,6.228,35.2336,1.1424,15.7877
2019-01-16,1.0,42.2247,1.5874,1.9558,4.2271,1.5101,1.1269,7.7018,25.564,7.4642,134.8977,0.8859,8.9338,7.4268,321.58,16115.87,4.188,81.0055,138.5,123.91,1278.36,,10.8765,21.638,4.6803,9.7358,1.6817,59.468,4.2877,4.685,75.9175,10.2488,1.5439,36.115,6.1166,35.1335,1.1389,15.6086
2019-01-17,1.0,42.9059,1.5895,1.9558,4.2879,1.5153,1.1312,7.7167,25.537,7.4649,134.916,0.8826,8.9395,7.4273,320.07,16159.53,4.203,80.9765,137.6,123.95,1280.68,,10.8782,21.64,4.6877,9.758,1.6895,59.847,4.2835,4.689,75.9004,10.2858,1.5452,36.177,6.122,35.1575,1.1396,15.694
2019-01-18,1.0,42.9285,1.585,1.9558,4.2701,1.5134,1.1331,7.7291,25.58,7.4649,134.9591,0.88125,8.9441,7.4295,318.09,16193.18,4.2132,81.0875,137.8,124.78,1278.73,,10.8741,21.7095,4.7024,9.7218,1.6841,59.983,4.2931,4.6993,75.6267,10.2515,1.5463,36.161,6.1091,35.1657,1.1402,15.7187
2019-01-21,1.0,42.6984,1.5889,1.9558,4.2853,1.5117,1.1343,7.7238,25.593,7.4659,134.8556,0.88303,8.9134,7.4268,317.71,16180.62,4.2018,80.9335,137.8,124.6,1285.38,,10.8697,21.78,4.6793,9.7438,1.6895,59.961,4.2911,4.711,75.427,10.2515,1.5457,36.12,6.0667,35.0973,1.1362,15.7551
2019-01-22,1.0,42.9749,1.5923,1.9558,4.2622,1.5128,1.1326,7.7299,25.612,7.4669,134.6337,0.88,8.909,7.4265,317.98,16160.15,4.1908,81.046,137.0,124.25,1284.77,,10.8621,21.78,4.6962,9.7628,1.6885,60.056,4.2827,4.7292,75.4433,10.2538,1.5452,36.128,6.075,35.1064,1.1354,15.7715
2019-01-23,1.0,42.5978,1.5934,1.9558,4.3244,1.5132,1.1335,7.7147,25.693,7.4667,134.8808,0.87213,8.9183,7.4365,318.12,16110.41,4.1875,81.0535,137.2,124.7,1282.0,,10.8675,21.755,4.7031,9.7563,1.6741,59.902,4.2887,4.7575,75.2297,10.245,1.5449,36.096,6.0341,35.1085,1.1367,15.768
2019-01-24,1.0,42.6422,1.5967,1.9558,4.2869,1.516,1.1283,7.7041,25.695,7.4659,134.5489,0.87085,8.8988,7.4356,318.42,16064.53,4.1775,80.656,135.9,124.43,1281.18,,10.8718,21.6031,4.6986,9.7278,1.6731,59.905,4.2881,4.7722,74.7868,10.2843,1.543,35.985,5.9895,35.0316,1.1341,15.636
2019-01-25,1.0,42.2639,1.5939,1.9558,4.2737,1.5107,1.131,7.6699,25.697,7.4664,134.5724,0.8658,8.9021,7.4315,318.26,15980.84,4.1744,80.634,135.9,124.72,1270.87,,10.8743,21.4546,4.6888,9.7045,1.672,59.662,4.291,4.7688,75.0193,10.298,1.5392,35.876,5.9806,34.931,1.1346,15.49
2019-01-28,1.0,42.3037,1.5913,1.9558,4.2872,1.5115,1.1331,7.6997,25.726,7.4652,135.0675,0.86888,8.9586,7.4273,317.53,16056.62,4.2007,81.232,136.4,124.94,1277.22,,10.893,21.7271,4.6938,9.732,1.6687,59.956,4.2861,4.7646,75.3804,10.3503,1.5455,36.024,6.0534,35.1461,1.1418,15.5862
2019-01-29,1.0,42.3968,1.5954,1.9558,4.2735,1.5142,1.1352,7.6927,25.747,7.465,135.0503,0.86735,8.962,7.4233,317.21,16093.6,4.201,81.306,136.8,125.03,1277.32,,10.877,21.7153,4.6931,9.7035,1.6694,59.947,4.2976,4.7562,75.6887,10.3508,1.5444,35.991,6.0665,35.2091,1.1422,15.556
2019-01-30,1.0,43.1136,1.5885,1.9558,4.2392,1.5111,1.1403,7.6767,25.802,7.4648,135.1371,0.87341,8.9662,7.4235,316.53,16149.18,4.1919,81.351,137.0,125.08,1277.98,,10.8905,21.8249,4.6925,9.6938,1.6723,59.774,4.2905,4.7551,75.3615,10.3843,1.5441,35.864,6.0288,35.1651,1.1429,15.5484
2019-01-31,1.0,42.6147,1.5787,1.9558,4.2041,1.5109,1.1409,7.701,25.76,7.4657,135.5973,0.87578,9.0137,7.4238,315.88,15980.38,4.18,81.686,137.2,124.81,1277.58,,10.9275,21.8999,4.6988,9.6623,1.6607,59.843,4.2736,4.7271,75.1113,10.373,1.5459,35.883,5.9689,35.2739,1.1488,15.242
2019-02-01,1.0,42.9933,1.5789,1.9558,4.211,1.5075,1.1396,7.7262,25.695,7.4654,135.5757,0.87888,9.0012,7.415,317.63,16009.5,4.1649,81.771,137.8,124.91,1281.33,,10.9205,21.9455,4.6839,9.6685,1.6567,59.916,4.2739,4.7557,75.1176,10.3878,1.5472,35.893,5.9884,35.2653,1.1471,15.2861
2019-02-04,1.0,42.6326,1.5852,1.9558,4.2142,1.5011,1.1421,7.7194,25.728,7.4654,135.0516,0.87678,8.98,7.4155,317.8,16037.31,4.1509,82.1905,137.0,125.77,1282.53,,10.9075,21.9379,4.6812,9.703,1.6634,60.043,4.2816,4.756,75.1351,10.4113,1.5489,35.846,5.9694,35.2594,1.1445,15.342
2019-02-05,1.0,42.5507,1.5771,1.9558,4.1942,1.4996,1.1436,7.6938,25.697,7.465,135.1906,0.87803,8.9623,7.412,317.41,15964.21,4.1251,81.8395,137.0,125.59,1276.75,,10.8865,21.7407,4.6628,9.6783,1.6556,59.743,4.2872,4.7455,74.8209,10.3998,1.5445,35.725,5.9444,35.157,1.1423,15.2773
2019-02-06,1.0,42.5281,1.5968,1.9558,4.2017,1.502,1.1394,7.685,25.781,7.4652,135.0759,0.8787,8.9398,7.4149,318.63,15862.73,4.1209,81.5535,137.0,125.05,1277.09,,10.8686,21.7622,4.6552,9.6918,1.6619,59.665,4.2923,4.7429,74.9228,10.4258,1.5419,35.583,5.9411,35.0784,1.1394,15.3372
2019-02-07,1.0,42.7423,1.5954,1.9558,4.2198,1.505,1.1357,7.652,25.809,7.4636,134.7502,0.8775,8.9019,7.4124,319.29,15883.0,4.1176,81.0855,136.8,124.41,1276.31,,10.8316,21.7393,4.62,9.7253,1.6779,59.231,4.3022,4.7399,74.899,10.473,1.5385,35.436,5.9706,34.9547,1.1345,15.4673
2019-02-08,1.0,43.0581,1.6006,1.9558,4.2095,1.5098,1.1357,7.6527,25.806,7.4634,134.6167,0.8749,8.902,7.4075,318.33,15844.69,4.1233,80.8655,136.4,124.57,1273.96,,10.8111,21.6028,4.6173,9.7693,1.6809,59.149,4.3064,4.7485,74.8085,10.4973,1.5376,35.723,5.9488,34.9532,1.1346,15.4417
2019-02-11,1.0,42.7706,1.5983,1.9558,4.227,1.5005,1.1351,7.6781,25.836,7.4637,134.481,0.87615,8.875,7.4075,319.66,15924.05,4.1196,80.448,136.6,124.63,1272.6,,10.7819,21.5907,4.6056,9.819,1.6768,58.974,4.3158,4.7405,74.1735,10.4858,1.5364,35.533,5.9588,34.8924,1.1309,15.5344
2019-02-12,1.0,42.8593,1.5926,1.9558,4.2013,1.4969,1.1381,7.6477,25.871,7.4623,134.4055,0.87705,8.8656,7.408,317.79,15891.78,4.1112,79.801,136.6,124.7,1269.23,,10.7544,21.7394,4.6058,9.795,1.6767,58.858,4.3259,4.7414,74.0368,10.4725,1.5334,35.356,5.9365,34.822,1.1296,15.5521
2019-02-13,1.0,42.9025,1.59,1.9558,4.2163,1.4972,1.1371,7.6474,25.795,7.4618,134.4617,0.87553,8.8728,7.4045,318.23,15904.4,4.1142,80.066,136.3,125.19,1270.0,,10.7658,21.8786,4.5977,9.761,1.6596,58.969,4.3285,4.7433,74.3338,10.4083,1.5339,35.419,5.9383,34.8656,1.1305,15.6866
2019-02-14,1.0,43.241,1.5848,1.9558,4.2703,1.4949,1.137,7.6347,25.79,7.4615,134.134,0.87945,8.8426,7.4063,319.07,15876.61,4.1286,80.203,134.9,125.12,1270.39,,10.7807,21.9131,4.5928,9.7585,1.6488,58.992,4.3382,4.7439,75.4522,10.4775,1.531,35.331,5.9912,34.7431,1.1268,15.9668
2019-02-15,1.0,43.0695,1.5836,1.9558,4.1852,1.4959,1.134,7.6236,25.709,7.4612,133.9416,0.87938,8.837,7.408,318.21,15924.46,4.0934,80.361,134.3,124.45,1269.32,,10.77,21.765,4.5997,9.769,1.6432,59.036,4.3307,4.7407,75.0816,10.4813,1.5293,35.21,5.9322,34.724,1.126,15.9011
2019-02-18,1.0,43.896,1.5825,1.9558,4.2213,1.4992,1.1361,7.6637,25.715,7.462,134.6446,0.8762,8.8899,7.4125,318.01,15979.84,4.1003,80.8835,134.9,125.23,1275.31,,10.7927,21.8054,4.6281,9.7508,1.6473,59.325,4.3292,4.7405,74.9142,10.4685,1.5357,35.366,6.0079,34.9227,1.1328,15.9743
2019-02-19,1.0,43.7643,1.5881,1.9558,4.2039,1.4961,1.1351,7.6418,25.717,7.4619,134.1891,0.87185,8.8644,7.413,318.46,15926.8,4.1018,80.6985,135.7,125.09,1273.5,,10.7814,21.7044,4.6154,9.746,1.6549,58.97,4.3347,4.7492,74.7569,10.6,1.5324,35.249,5.9957,34.8155,1.1294,16.0
2019-02-20,1.0,44.8576,1.5844,1.9558,4.2019,1.4956,1.1342,7.6244,25.679,7.4614,134.7033,0.86945,8.9026,7.4135,317.33,15924.17,4.1004,80.7035,135.7,125.61,1273.47,,10.8022,21.7301,4.6183,9.7335,1.6513,59.003,4.3445,4.7567,74.5774,10.5703,1.5326,35.268,6.019,34.9369,1.1342,16.0354
2019-02-21,1.0,44.8483,1.5969,1.9558,4.2476,1.4951,1.1367,7.6275,25.648,7.4619,134.7947,0.86805,8.9098,7.4155,317.24,15978.5,4.105,80.7435,135.7,125.7,1277.61,,10.806,21.8165,4.632,9.7808,1.6648,59.193,4.3346,4.7565,74.3534,10.6188,1.5352,35.39,6.0442,34.9832,1.1354,15.8539
2019-02-22,1.0,44.6205,1.5923,1.9558,4.2392,1.4976,1.1346,7.6109,25.667,7.462,134.3858,0.87263,8.8884,7.423,318.03,15920.0,4.0973,80.553,135.7,125.56,1273.2,,10.808,21.781,4.6174,9.7643,1.6639,59.052,4.337,4.7611,74.1694,10.5998,1.5324,35.493,6.0378,34.8489,1.1325,15.8607
2019-02-25,1.0,44.1823,1.5831,1.9558,4.2322,1.4924,1.1351,7.5952,25.653,7.4615,134.7668,0.86828,8.9122,7.429,317.62,15917.0,4.0961,80.5315,135.7,125.75,1269.19,,10.851,21.6424,4.6186,9.762,1.647,58.906,4.336,4.7643,74.2508,10.5793,1.5321,35.513,6.0321,34.9034,1.1355,15.7583
2019-02-26,1.0,44.4499,1.5897,1.9558,4.2574,1.5024,1.1371,7.6077,25.663,7.4616,134.821,0.86055,8.9178,7.4275,317.06,15917.9,4.1148,80.853,136.1,125.93,1270.0,,10.8485,21.7145,4.6157,9.7725,1.652,59.144,4.3282,4.7626,74.6158,10.5858,1.5332,35.583,6.0254,34.9476,1.1361,15.752
2019-02-27,1.0,44.1208,1.5909,1.9558,4.245,1.4962,1.1354,7.6073,25.661,7.4611,134.7448,0.85503,8.9376,7.4285,316.39,15967.73,4.1192,81.1585,136.1,125.9,1273.47,,10.8601,21.815,4.6316,9.7123,1.6581,58.981,4.3146,4.7388,74.8589,10.5443,1.5346,35.741,6.0257,35.0317,1.1386,15.7838
2019-02-28,1.0,44.3854,1.5988,1.9558,4.2688,1.5042,1.1335,7.6309,25.601,7.4611,135.1883,0.85835,8.9613,7.4275,315.96,16069.73,4.1187,80.8915,135.7,126.44,1281.07,,10.8867,21.9073,4.6446,9.7268,1.6685,58.999,4.3089,4.7434,75.0888,10.4844,1.539,35.983,6.0679,35.1575,1.1416,15.9479
2019-03-01,1.0,44.5929,1.6,1.9558,4.3037,1.4971,1.1363,7.6332,25.636,7.4613,135.0151,0.85968,8.9344,7.432,316.06,16067.0,4.1331,80.695,135.9,127.35,1282.12,,10.8728,21.994,4.6374,9.7268,1.6656,58.986,4.3096,4.7431,74.9928,10.5003,1.5396,36.113,6.123,35.0923,1.1383,16.1426
2019-03-04,1.0,45.1524,1.599,1.9558,4.2794,1.5092,1.1352,7.5985,25.621,7.4616,134.6609,0.85775,8.8986,7.4325,315.84,16019.18,4.1102,80.363,136.2,126.91,1276.68,,10.8578,21.9374,4.6204,9.7633,1.666,58.726,4.2989,4.7412,74.5435,10.5543,1.5361,36.142,6.1023,34.949,1.1337,16.1463
2019-03-05,1.0,45.1206,1.6017,1.9558,4.2773,1.5116,1.1341,7.5939,25.623,7.4614,134.4446,0.86358,8.8929,7.4228,315.61,16007.31,4.0991,79.936,137.1,126.8,1276.61,,10.8616,21.8555,4.6152,9.8023,1.6682,59.325,4.3016,4.7489,74.5028,10.5523,1.5358,36.015,6.1029,34.9421,1.1329,16.0513
2019-03-06,1.0,45.5592,1.6072,1.9558,4.2682,1.5128,1.136,7.5857,25.592,7.4609,134.4278,0.8597,8.8743,7.421,315.51,15999.4,4.0875,79.432,136.8,126.4,1275.05,,10.8509,21.7999,4.6289,9.804,1.6679,59.083,4.2996,4.7463,74.4208,10.5375,1.5349,36.012,6.1247,34.8563,1.1305,16.0583
2019-03-07,1.0,45.8166,1.6014,1.9558,4.3234,1.5131,1.1355,7.5622,25.61,7.461,134.1813,0.8588,8.8476,7.4158,315.36,15990.17,4.0782,78.884,136.8,125.97,1273.15,,10.8382,21.8244,4.6065,9.786,1.6631,58.923,4.2991,4.7415,74.3115,10.5625,1.5308,35.819,6.1171,34.7871,1.1271,16.1514
2019-03-08,1.0,47.0763,1.5964,1.9558,4.3605,1.5099,1.1324,7.5451,25.641,7.46,134.3891,0.85905,8.8092,7.4122,315.95,16068.78,4.0721,78.733,136.4,124.72,1275.6,,10.8222,21.96,4.5916,9.8733,1.653,58.706,4.3002,4.7448,74.5885,10.6316,1.5257,35.675,6.1287,34.6955,1.1222,16.3022
2019-03-11,1.0,45.735,1.5935,1.9558,4.3275,1.5093,1.1349,7.5612,25.656,7.4608,134.5569,0.8624,8.8264,7.413,315.84,16067.68,4.0718,78.547,136.4,124.91,1275.28,,10.83,21.8444,4.5982,9.77,1.6492,58.751,4.2994,4.7491,74.2572,10.5802,1.5283,35.655,6.1177,34.7517,1.1244,16.152
2019-03-12,1.0,46.453,1.5926,1.9558,4.3045,1.5111,1.1369,7.5643,25.667,7.4602,134.5767,0.86145,8.8508,7.4155,315.35,16084.0,4.0825,78.5175,135.8,125.27,1273.88,,10.848,21.7677,4.6047,9.7365,1.6436,59.633,4.2994,4.7593,74.1045,10.5715,1.5292,35.697,6.1536,34.8547,1.1275,16.1186
2019-03-13,1.0,46.8227,1.6005,1.9558,4.326,1.5087,1.1373,7.5818,25.668,7.4601,134.7318,0.8588,8.8728,7.4175,314.6,16091.85,4.0861,78.662,133.2,125.89,1279.12,,10.8631,21.821,4.6224,9.7245,1.6538,59.572,4.2993,4.7737,74.0008,10.554,1.5325,35.729,6.1771,34.9421,1.1303,16.1987
2019-03-14,1.0,46.5919,1.603,1.9558,4.333,1.5074,1.1351,7.5984,25.668,7.4624,134.6646,0.85228,8.8665,7.4214,314.43,16150.44,4.067,78.473,133.9,126.09,1283.62,,10.8605,21.8824,4.618,9.7155,1.6585,59.601,4.3032,4.765,73.925,10.5373,1.5325,35.896,6.1842,34.9377,1.1295,16.382
2019-03-15,1.0,45.6278,1.5988,1.9558,4.3576,1.5118,1.136,7.5922,25.668,7.4634,134.356,0.85415,8.8766,7.419,314.35,16143.3,4.0708,78.074,132.9,126.16,1284.65,,10.8685,21.7827,4.6171,9.688,1.6532,59.491,4.3049,4.7565,73.9233,10.4964,1.5313,35.846,6.1858,34.9505,1.1308,16.3782
2019-03-18,1.0,45.3393,1.5981,1.9558,4.3323,1.5134,1.136,7.6186,25.616,7.4621,134.7556,0.8566,8.9089,7.4148,314.38,16158.0,4.0902,77.781,133.1,126.54,1284.66,,10.8843,21.7484,4.6263,9.672,1.6537,59.809,4.2979,4.7543,72.9217,10.4643,1.5335,35.954,6.1978,34.9364,1.1349,16.3174
2019-03-19,1.0,45.2616,1.5986,1.9558,4.2878,1.506,1.1353,7.6237,25.604,7.4624,134.9103,0.85548,8.9161,7.4168,313.22,16099.97,4.0951,78.351,132.7,126.59,1283.15,,10.8962,21.5793,4.6232,9.6745,1.6535,60.029,4.2879,4.7585,73.1062,10.4485,1.5342,35.982,6.2191,34.9725,1.1358,16.3726
2019-03-20,1.0,46.1029,1.5999,1.9558,4.3012,1.5125,1.1338,7.6014,25.646,7.4624,134.6326,0.8628,8.9128,7.4178,313.29,16082.94,4.0974,78.136,132.9,126.63,1281.96,,10.8983,21.5168,4.6109,9.6915,1.6567,60.042,4.2834,4.7615,73.004,10.431,1.5335,36.032,6.2152,34.9806,1.1354,16.3783
2019-03-21,1.0,46.3166,1.5985,1.9558,4.2924,1.5189,1.1309,7.6198,25.648,7.4626,135.069,0.8665,8.9359,7.418,314.57,16075.03,4.098,78.0715,134.3,125.92,1285.36,,10.911,21.4282,4.6081,9.6178,1.652,59.89,4.2807,4.7565,72.5435,10.4288,1.535,36.12,6.216,35.0868,1.1387,16.1636
2019-03-22,1.0,47.0446,1.5923,1.9558,4.376,1.5155,1.1243,7.5868,25.727,7.4622,134.5221,0.8589,8.8683,7.4178,316.23,16046.58,4.0823,77.958,135.3,124.6,1282.81,,10.8769,21.4447,4.5937,9.6423,1.6433,59.337,4.2913,4.7505,72.7425,10.4723,1.5266,35.793,6.2979,34.8663,1.1302,16.2469
2019-03-25,1.0,47.2706,1.5931,1.9558,4.4032,1.5204,1.1237,7.6015,25.759,7.4646,134.6769,0.85638,8.8888,7.417,316.84,16058.85,4.1041,78.046,136.3,124.65,1283.07,,10.8835,21.6039,4.6081,9.659,1.6413,59.411,4.2953,4.7553,72.7646,10.445,1.5286,35.804,6.3425,34.9218,1.1325,16.2997
2019-03-26,1.0,47.5069,1.5832,1.9558,4.3568,1.5132,1.1222,7.5818,25.769,7.4654,134.3968,0.8533,8.8622,7.4188,316.1,15999.35,4.0892,77.7555,136.9,124.72,1280.91,,10.8697,21.5085,4.5971,9.6398,1.6345,59.404,4.2934,4.758,72.5964,10.4263,1.5254,35.73,6.2404,34.8271,1.1291,16.2218
2019-03-27,1.0,48.8446,1.5888,1.9558,4.4193,1.5101,1.1196,7.5729,25.797,7.4664,134.203,0.85118,8.8389,7.425,319.97,16035.66,4.0921,77.86,137.1,124.42,1281.0,,10.862,21.6891,4.5984,9.695,1.6568,59.418,4.2936,4.7627,72.9572,10.4298,1.5259,35.844,6.232,34.7727,1.1261,16.4253
2019-03-28,1.0,49.1909,1.585,1.9558,4.4592,1.5066,1.1185,7.5595,25.786,7.4657,133.9654,0.85555,8.8061,7.43,319.86,16005.28,4.0754,77.7765,137.5,124.16,1277.91,,10.8334,21.7835,4.5797,9.738,1.6509,59.303,4.295,4.7591,73.1411,10.476,1.5227,35.752,6.3408,34.6535,1.1218,16.4942
2019-03-29,1.0,48.6476,1.5821,1.9558,4.3865,1.5,1.1181,7.5397,25.802,7.4652,134.0184,0.8583,8.8195,7.4338,321.05,15998.64,4.0764,77.719,137.5,124.45,1276.46,,10.854,21.691,4.5838,9.659,1.65,59.075,4.3006,4.7608,72.8564,10.398,1.5214,35.632,6.3446,34.653,1.1235,16.2642
2019-04-01,1.0,48.7187,1.5775,1.9558,4.3564,1.5006,1.118,7.541,25.791,7.4641,134.2028,0.85658,8.8201,7.4268,321.04,15983.21,4.0746,77.8885,137.7,124.68,1275.24,,10.8542,21.6437,4.5848,9.638,1.6458,58.972,4.299,4.7626,73.7449,10.42,1.5213,35.657,6.2135,34.6327,1.1236,15.9175
2019-04-02,1.0,47.8072,1.5817,1.9558,4.3237,1.4919,1.1195,7.5265,25.753,7.4646,133.8336,0.86,8.7918,7.4298,321.68,15926.4,4.061,77.0035,137.1,124.73,1272.75,,10.833,21.3972,4.5715,9.6445,1.6544,58.706,4.2953,4.7618,73.2144,10.4418,1.5178,35.56,6.2141,34.5151,1.12,15.8256
2019-04-03,1.0,48.0278,1.5794,1.9558,4.313,1.4964,1.1206,7.5423,25.724,7.4643,134.2639,0.8539,8.8246,7.429,320.05,15939.2,4.0513,76.9305,134.4,125.3,1275.35,,10.847,21.5195,4.59,9.6218,1.6551,58.608,4.293,4.7555,73.36,10.43,1.5209,35.697,6.3014,34.6611,1.1243,15.912
2019-04-04,1.0,48.0639,1.5781,1.9558,4.334,1.4987,1.1207,7.5353,25.693,7.4639,134.0671,0.85418,8.8062,7.432,319.81,15895.08,4.0439,77.593,133.8,125.01,1276.07,,10.8353,21.5469,4.5768,9.6308,1.6599,58.637,4.2892,4.7495,73.3377,10.4075,1.5187,35.654,6.323,34.5867,1.1219,15.8758
2019-04-05,1.0,48.7585,1.5787,1.9558,4.3266,1.503,1.1235,7.5457,25.613,7.4646,133.9822,0.85938,8.8173,7.4235,320.75,15900.87,4.0219,77.787,133.4,125.44,1277.64,,10.8387,21.4975,4.5985,9.661,1.6662,58.537,4.2897,4.7513,73.327,10.426,1.5215,35.833,6.2855,34.6063,1.1233,15.8078
2019-04-08,1.0,49.3874,1.5823,1.9558,4.3558,1.5042,1.1245,7.5561,25.634,7.4651,134.2156,0.86183,8.8247,7.4318,321.54,15927.71,4.0255,78.3215,133.6,125.36,1288.11,,10.8425,21.439,4.6123,9.6305,1.6694,58.633,4.2887,4.7512,73.268,10.4325,1.5243,35.942,6.3781,34.6894,1.1246,15.8562
2019-04-09,1.0,49.2754,1.5781,1.9558,4.3471,1.4984,1.127,7.5688,25.618,7.465,134.3046,0.86335,8.844,7.4342,321.5,15937.78,4.0346,78.188,133.8,125.51,1284.96,,10.854,21.3479,4.622,9.619,1.6718,58.682,4.287,4.761,73.0029,10.425,1.5255,35.804,6.4056,34.7618,1.1277,15.8215
2019-04-10,1.0,48.9317,1.5785,1.9558,4.3301,1.5032,1.128,7.5758,25.608,7.4652,134.5021,0.86083,8.8405,7.4253,321.84,15959.79,4.0351,77.9945,134.2,125.38,1283.09,,10.8528,21.2783,4.6328,9.5895,1.6697,58.543,4.2833,4.7605,72.86,10.44,1.5258,35.839,6.4144,34.7951,1.1279,15.7391
2019-04-11,1.0,48.4341,1.576,1.9558,4.3221,1.5067,1.1304,7.5672,25.606,7.4648,134.2044,0.86168,8.8354,7.4385,321.71,15966.16,4.0375,77.6855,135.2,125.3,1285.17,,10.8469,21.2826,4.6383,9.5885,1.6705,58.506,4.283,4.7593,72.659,10.437,1.5254,35.848,6.4724,34.7607,1.1264,15.7752
2019-04-12,1.0,48.365,1.5771,1.9558,4.3884,1.5082,1.1326,7.5939,25.623,7.4643,134.8444,0.8629,8.8788,7.435,321.9,15954.12,4.0389,78.2915,135.2,126.76,1283.0,,10.8589,21.236,4.658,9.602,1.6748,58.553,4.2796,4.7598,72.6133,10.4788,1.5318,35.955,6.535,34.9155,1.1321,15.7631
2019-04-15,1.0,47.7081,1.5761,1.9558,4.3985,1.506,1.1345,7.5867,25.625,7.4639,134.7187,0.86305,8.8685,7.436,320.25,15906.08,4.0295,78.5405,135.6,126.66,1281.37,,10.8537,21.2497,4.6573,9.6018,1.6729,58.476,4.2742,4.7618,72.7011,10.4608,1.5299,35.936,6.5637,34.9063,1.1313,15.8192
2019-04-16,1.0,47.0514,1.5767,1.9558,4.3922,1.511,1.1371,7.5846,25.663,7.4642,134.7217,0.8639,8.8665,7.437,319.78,15923.09,4.0238,78.6445,135.6,126.59,1283.17,,10.8441,21.3551,4.6736,9.5869,1.6713,58.517,4.2744,4.7618,72.7183,10.4638,1.5302,35.961,6.5718,34.897,1.1305,15.8797
2019-04-17,1.0,47.8354,1.5712,1.9558,4.4046,1.507,1.14,7.5594,25.657,7.4652,134.674,0.86593,8.8656,7.4375,319.69,15917.46,4.04,78.457,135.6,126.51,1280.65,,10.8385,21.2813,4.6724,9.5778,1.6784,58.381,4.2731,4.7625,72.1887,10.4408,1.5286,35.926,6.4967,34.8098,1.1301,15.7872
2019-04-18,1.0,46.8338,1.5719,1.9558,4.4206,1.5065,1.1383,7.5445,25.682,7.4663,134.3081,0.8647,8.8265,7.435,320.09,15797.81,4.0432,78.068,135.6,125.86,1278.95,,10.8172,21.2303,4.6609,9.5978,1.6819,58.147,4.2786,4.7618,71.9719,10.476,1.5251,35.792,6.5486,34.6804,1.125,15.8482
2019-04-23,1.0,47.7553,1.5814,1.9558,4.4201,1.5057,1.147,7.5557,25.743,7.4659,134.2878,0.8645,8.8211,7.4245,320.85,15827.34,4.0479,78.3125,135.8,125.82,1284.26,,10.8016,21.2357,4.6431,9.5845,1.6889,58.541,4.2864,4.7611,71.6763,10.507,1.5259,35.945,6.539,34.6938,1.1245,15.9686
2019-04-24,1.0,47.5161,1.5922,1.9558,4.3984,1.5078,1.1416,7.5304,25.729,7.4666,134.0484,0.86545,8.791,7.4218,321.0,15799.09,4.0507,78.295,135.8,125.34,1290.23,,10.7972,21.2624,4.6293,9.607,1.6922,58.491,4.2896,4.7559,71.985,10.501,1.5235,35.869,6.5885,34.6143,1.1209,16.0928
2019-04-25,1.0,48.8622,1.5906,1.9558,4.4443,1.5023,1.1368,7.5047,25.737,7.4663,133.4204,0.86435,8.7243,7.4185,322.41,15831.37,4.0409,78.179,136.0,124.45,1293.77,,10.7655,21.2997,4.6049,9.6638,1.6884,58.156,4.295,4.7586,72.21,10.6295,1.5189,35.749,6.6255,34.452,1.1123,16.1628
2019-04-26,1.0,50.1681,1.5824,1.9558,4.4134,1.502,1.1372,7.4991,25.705,7.4654,133.2859,0.8634,8.7337,7.4165,322.11,15804.41,4.0457,77.9495,136.0,124.45,1292.46,,10.7665,21.221,4.6079,9.6653,1.6739,58.074,4.2878,4.7597,72.1131,10.5738,1.5175,35.614,6.6242,34.4202,1.1133,16.0481
2019-04-29,1.0,51.1724,1.5825,1.9558,4.3849,1.5028,1.1379,7.5067,25.682,7.4652,133.4014,0.8634,8.746,7.4173,322.64,15833.0,4.0356,77.8635,136.2,124.64,1294.0,,10.7785,21.1267,4.6089,9.6883,1.673,58.114,4.2944,4.7517,71.9802,10.6113,1.5191,35.624,6.6207,34.4767,1.115,15.9947
2019-04-30,1.0,49.7434,1.5911,1.9558,4.405,1.5075,1.1437,7.5541,25.659,7.4646,134.0479,0.86248,8.8007,7.413,322.97,15953.68,4.0448,78.0615,136.2,124.93,1308.01,,10.8208,21.2829,4.6314,9.6678,1.6805,58.125,4.2868,4.7596,72.2099,10.635,1.5263,35.802,6.6913,34.6636,1.1218,16.0224
2019-05-02,1.0,49.6013,1.597,1.9558,4.4095,1.5064,1.1419,7.5508,25.648,7.4655,134.0395,0.8593,8.7958,7.4143,324.0,15977.1,4.0336,77.782,137.4,125.01,1304.15,,10.8266,21.2467,4.6384,9.745,1.6916,58.023,4.28,4.7583,73.2535,10.685,1.5259,35.906,6.6872,34.652,1.1212,16.2178
2019-05-03,1.0,49.9337,1.5943,1.9558,4.4194,1.5019,1.1383,7.5124,25.712,7.4657,133.4316,0.85785,8.7512,7.4143,323.38,15901.45,4.0122,77.259,136.6,124.4,1305.08,,10.8054,21.3377,4.6187,9.7783,1.6856,57.86,4.2853,4.7553,72.8703,10.7043,1.5209,35.724,6.6644,34.4801,1.1155,16.2072
2019-05-06,1.0,49.8188,1.6021,1.9558,4.4468,1.5095,1.1403,7.5771,25.715,7.4662,133.9176,0.8547,8.7871,7.4124,323.43,16006.17,4.0206,77.7325,136.2,124.13,1311.18,,10.8211,21.3243,4.6448,9.7905,1.6936,58.187,4.2832,4.7555,72.975,10.7258,1.5266,35.73,6.7429,34.643,1.1199,16.2549
2019-05-07,1.0,49.9455,1.5944,1.9558,4.4383,1.5065,1.1415,7.571,25.731,7.4657,133.678,0.85645,8.7781,7.41,324.3,15972.18,4.0137,77.64,136.6,123.73,1309.83,,10.8257,21.2691,4.6401,9.7605,1.6957,58.108,4.2862,4.758,72.7907,10.7145,1.5242,35.68,6.8751,34.5986,1.1185,16.1219
2019-05-08,1.0,50.7283,1.5987,1.9558,4.4293,1.5074,1.1407,7.595,25.727,7.4657,133.9535,0.86095,8.7922,7.4093,324.18,16013.26,4.0104,78.0805,137.0,123.31,1313.49,,10.8324,21.3707,4.6471,9.8285,1.6993,58.437,4.2912,4.7598,73.0256,10.7494,1.5257,35.622,6.9272,34.6579,1.1202,16.0691
2019-05-09,1.0,50.4469,1.6046,1.9558,4.4368,1.5093,1.139,7.6374,25.718,7.4659,133.6814,0.8612,8.7844,7.4085,323.33,16062.37,3.9973,78.3435,137.2,122.91,1324.18,,10.8182,21.4412,4.648,9.8068,1.7015,58.477,4.2934,4.7615,73.0572,10.7973,1.5266,35.577,6.9725,34.7278,1.1193,16.0432
2019-05-10,1.0,50.8158,1.6059,1.9558,4.4405,1.5132,1.1378,7.6628,25.732,7.4658,134.1648,0.8625,8.8135,7.409,323.52,16177.38,4.0004,78.6075,137.0,123.25,1325.32,,10.8267,21.5589,4.6781,9.8193,1.7025,58.722,4.296,4.7598,73.3493,10.8108,1.5305,35.464,6.8837,34.8411,1.123,15.9762
2019-05-13,1.0,50.3967,1.6142,1.9558,4.4972,1.5117,1.1319,7.7335,25.776,7.4668,134.2484,0.8635,8.826,7.4093,323.71,16210.88,4.014,79.342,137.2,123.06,1335.85,,10.8328,21.6342,4.683,9.8148,1.7087,58.969,4.3048,4.7606,73.5854,10.8323,1.5389,35.619,6.8681,35.0068,1.1245,16.0868
2019-05-14,1.0,50.6686,1.6162,1.9558,4.4743,1.5117,1.1307,7.7252,25.751,7.4691,133.938,0.86723,8.8112,7.4113,324.23,16199.12,4.0147,79.0375,137.8,123.0,1333.2,,10.8065,21.5178,4.6818,9.799,1.7056,58.898,4.3061,4.7615,73.2104,10.779,1.5366,35.362,6.7732,34.9682,1.1226,15.9746
2019-05-15,1.0,50.2564,1.6166,1.9558,4.4659,1.5075,1.1276,7.6925,25.76,7.4695,133.7934,0.8682,8.7784,7.4183,325.15,16170.62,3.9934,78.6785,137.4,122.24,1331.31,,10.8021,21.4741,4.6728,9.8003,1.7067,58.588,4.3094,4.7615,72.4794,10.7688,1.5317,35.322,6.778,34.8306,1.1183,15.962
2019-05-16,1.0,50.4023,1.6213,1.9558,4.4784,1.5039,1.1306,7.7067,25.696,7.4678,133.9655,0.87463,8.7934,7.4245,324.28,16188.34,3.997,78.469,137.0,122.81,1332.17,,10.7939,21.3161,4.6655,9.7513,1.7063,58.797,4.2962,4.762,72.2886,10.759,1.534,35.396,6.7483,34.9052,1.1203,15.8555
2019-05-17,1.0,49.9969,1.6239,1.9558,4.5286,1.5074,1.1283,7.7245,25.753,7.4677,133.5624,0.87595,8.7694,7.4293,326.38,16143.54,3.993,78.433,137.2,122.34,1334.38,,10.7983,21.4336,4.6721,9.7953,1.7107,58.908,4.3031,4.7626,72.1926,10.766,1.5365,35.499,6.7659,34.9876,1.1172,16.0667
2019-05-20,1.0,50.2543,1.6141,1.9558,4.5666,1.5,1.1263,7.7228,25.766,7.4681,133.7248,0.8762,8.7656,7.4268,325.77,16166.8,3.9881,77.786,137.8,122.67,1333.12,,10.8067,21.3388,4.6712,9.7978,1.7071,58.866,4.2968,4.7597,72.0519,10.7668,1.5366,35.567,6.7315,35.0923,1.1167,16.0392
2019-05-21,1.0,50.4327,1.6223,1.9558,4.5688,1.4966,1.1274,7.7081,25.775,7.4685,133.5715,0.8761,8.7609,7.4265,326.52,16164.48,4.0171,77.783,137.8,123.27,1331.88,,10.8121,21.2841,4.672,9.7913,1.7142,58.653,4.306,4.7633,71.9646,10.7743,1.5382,35.643,6.7485,35.1273,1.1161,16.0909
2019-05-22,1.0,50.031,1.6221,1.9558,4.5163,1.4952,1.1252,7.7108,25.793,7.468,133.7727,0.8828,8.7692,7.426,326.54,16225.88,4.0342,77.86,138.5,123.27,1329.3,,10.8152,21.2345,4.6756,9.7598,1.7173,58.61,4.3038,4.7625,71.7625,10.76,1.5399,35.686,6.811,35.1301,1.1171,16.0504
2019-05-23,1.0,49.9807,1.6199,1.9558,4.5187,1.5,1.1224,7.7058,25.821,7.4684,133.3511,0.881,8.7424,7.4265,326.95,16129.83,4.0265,77.915,138.4,122.56,1327.41,,10.8144,21.1883,4.6728,9.7543,1.7155,58.498,4.3064,4.7606,72.0525,10.7373,1.5391,35.639,6.8308,35.1525,1.1139,16.0935
2019-05-24,1.0,50.4265,1.6205,1.9558,4.5247,1.5053,1.1215,7.7206,25.83,7.4678,133.7201,0.88318,8.7806,7.4258,325.95,16100.89,4.0331,77.8,138.3,122.61,1328.29,,10.8459,21.3057,4.6857,9.7558,1.7109,58.403,4.2974,4.7619,72.1352,10.7098,1.5403,35.636,6.7988,35.2447,1.1187,16.1554
2019-05-27,1.0,50.2006,1.6168,1.9558,4.4905,1.5061,1.1257,7.7254,25.834,7.4688,133.9157,0.88225,8.7899,7.423,325.75,16102.72,4.0406,77.8585,138.7,122.56,1326.85,,10.8502,21.3291,4.688,9.7523,1.7107,58.466,4.2935,4.7604,72.185,10.7148,1.5393,35.643,6.767,35.2251,1.1198,16.1888
2019-05-28,1.0,50.0842,1.6162,1.9558,4.5305,1.5071,1.1254,7.7345,25.843,7.4689,133.7198,0.88373,8.7839,7.4255,326.6,16088.5,4.0445,77.9025,138.7,122.45,1329.89,,10.8439,21.3797,4.6878,9.7165,1.7088,58.489,4.2951,4.7623,72.2891,10.6865,1.542,35.602,6.753,35.2868,1.1192,16.3494
2019-05-29,1.0,49.8361,1.6116,1.9558,4.4942,1.5065,1.1217,7.7081,25.861,7.4687,133.6935,0.88225,8.757,7.4245,326.47,16083.61,4.0333,77.8925,138.5,121.91,1333.3,,10.8407,21.4504,4.6788,9.773,1.7106,58.38,4.2998,4.7604,72.8036,10.7063,1.5413,35.521,6.714,35.2458,1.1156,16.5276
2019-05-30,1.0,49.4711,1.6098,1.9558,4.4327,1.5029,1.1228,7.6903,25.841,7.4687,133.3409,0.88178,8.7386,7.422,324.74,16032.96,4.0365,77.8115,138.5,122.1,1325.97,,10.8301,21.3092,4.6655,9.7638,1.7095,58.064,4.2887,4.7553,72.3334,10.6323,1.5361,35.428,6.559,35.2097,1.1134,16.3022
2019-05-31,1.0,49.6833,1.6136,1.9558,4.4462,1.5115,1.1214,7.7045,25.816,7.468,133.4425,0.88693,8.7457,7.4185,324.34,15982.17,4.0505,77.741,138.3,121.27,1328.31,,10.8407,21.8922,4.6747,9.7915,1.7134,58.225,4.2843,4.743,72.9053,10.639,1.5378,35.282,6.527,35.2711,1.1151,16.3834
2019-06-03,1.0,50.0417,1.6077,1.9558,4.3847,1.5098,1.1162,7.7253,25.832,7.468,133.8789,0.88618,8.7645,7.418,323.73,15925.2,4.0597,77.472,138.5,121.17,1323.45,,10.8498,22.113,4.6742,9.7778,1.704,58.012,4.2833,4.7377,73.1315,10.618,1.5328,35.138,6.5815,35.202,1.1185,16.291
2019-06-04,1.0,50.4575,1.6116,1.9558,4.3638,1.5111,1.1178,7.7686,25.744,7.4679,134.1109,0.88738,8.8143,7.421,322.0,15992.34,4.0641,77.874,139.3,121.62,1330.9,,10.8706,22.1603,4.6886,9.786,1.7062,58.207,4.2802,4.7353,73.339,10.626,1.5396,35.188,6.5295,35.3439,1.1244,16.4791
2019-06-05,1.0,50.3126,1.6114,1.9558,4.3427,1.507,1.1163,7.7754,25.657,7.4682,134.1375,0.88631,8.8257,7.4155,321.51,15990.01,4.0604,78.0475,139.5,121.96,1324.33,,10.8693,22.0886,4.6711,9.7738,1.6943,58.28,4.2778,4.7243,73.3295,10.6255,1.5364,35.302,6.4344,35.2851,1.1257,16.589
2019-06-06,1.0,50.581,1.6132,1.9558,4.3659,1.5096,1.1174,7.788,25.663,7.4687,134.4653,0.88558,8.8333,7.4215,321.3,15990.96,4.0543,78.018,139.3,121.82,1328.9,,10.8761,22.2767,4.6872,9.8083,1.6983,58.249,4.2788,4.7221,73.4704,10.6175,1.5363,35.285,6.5014,35.3066,1.1266,16.7523
2019-06-07,1.0,50.6079,1.6173,1.9558,4.3719,1.5061,1.1191,7.7893,25.642,7.468,134.4925,0.88675,8.8396,7.4176,321.53,16061.77,4.0586,78.332,139.3,122.27,1336.22,,10.861,22.2505,4.6883,9.7963,1.7016,58.605,4.2714,4.7216,73.2914,10.6562,1.5407,35.341,6.5862,35.4475,1.1273,16.9681
2019-06-10,1.0,50.7019,1.6235,1.9558,4.3877,1.5004,1.12,7.8365,25.626,7.4682,134.6853,0.89248,8.8634,7.4163,320.21,16098.27,4.0512,78.6445,140.1,122.78,1339.72,,10.8858,21.7522,4.7052,9.7808,1.7086,58.869,4.2639,4.7196,73.1393,10.6455,1.5453,35.423,6.5511,35.5243,1.1301,16.7993
2019-06-11,1.0,50.7945,1.6273,1.9558,4.3893,1.5002,1.1233,7.8243,25.64,7.4687,134.8269,0.89085,8.87,7.414,320.5,16116.85,4.0544,78.6155,140.5,123.09,1337.48,,10.8799,21.6783,4.7123,9.77,1.7206,58.81,4.2678,4.7252,73.0227,10.6828,1.5446,35.403,6.5752,35.5335,1.132,16.714
2019-06-12,1.0,50.5957,1.6292,1.9558,4.3661,1.5059,1.1252,7.8346,25.614,7.4678,134.8399,0.88805,8.857,7.413,321.43,16125.56,4.0561,78.491,141.5,122.72,1337.81,,10.8731,21.6615,4.7075,9.782,1.7206,58.815,4.2608,4.725,73.3013,10.68,1.5445,35.379,6.555,35.5504,1.1323,16.7129
2019-06-13,1.0,49.2912,1.6336,1.9558,4.3429,1.5021,1.1207,7.8144,25.581,7.4678,134.5334,0.88948,8.8375,7.4128,322.0,16135.37,4.053,78.4745,141.5,122.44,1335.74,,10.8636,21.6384,4.7068,9.772,1.7201,58.556,4.2574,4.7221,72.9275,10.6968,1.5423,35.25,6.6343,35.5322,1.1289,16.7876
2019-06-14,1.0,49.0208,1.6324,1.9558,4.3423,1.5018,1.1211,7.7997,25.54,7.4676,134.4309,0.89093,8.817,7.4105,321.53,16128.1,4.0518,78.608,141.5,121.9,1333.6,,10.8639,21.6073,4.6981,9.7728,1.7241,58.539,4.2534,4.7233,72.388,10.639,1.5403,35.101,6.6427,35.4764,1.1265,16.6529
2019-06-17,1.0,49.406,1.6355,1.9558,4.3796,1.5069,1.1214,7.7794,25.56,7.4674,134.2407,0.89208,8.7963,7.4055,322.29,16103.94,4.0549,78.577,141.5,122.06,1333.25,,10.8327,21.5292,4.6913,9.7938,1.7259,58.703,4.2605,4.728,72.1432,10.6495,1.54,35.196,6.595,35.4006,1.1234,16.6463
2019-06-18,1.0,49.1971,1.6349,1.9558,4.3313,1.5016,1.1175,7.7486,25.609,7.4672,133.8804,0.89403,8.7643,7.4055,322.31,16022.58,4.0403,78.0005,141.5,121.08,1325.56,,10.7852,21.3935,4.6778,9.7795,1.7192,58.261,4.2592,4.7232,71.8787,10.6413,1.5338,35.043,6.532,35.2151,1.1187,16.3782
2019-06-19,1.0,48.7471,1.6303,1.9558,4.3324,1.499,1.1176,7.7378,25.635,7.4671,133.9524,0.8902,8.7683,7.4023,323.97,15991.83,4.0422,78.0755,141.5,121.49,1318.62,,10.7355,21.4542,4.676,9.7815,1.7173,58.176,4.267,4.7275,71.736,10.6868,1.5323,35.05,6.5618,35.1145,1.1207,16.2693
2019-06-20,1.0,49.0045,1.6323,1.9558,4.3407,1.4886,1.1142,7.7502,25.619,7.4661,134.6833,0.89155,8.8379,7.4035,323.58,16036.15,4.0458,78.5065,141.5,121.71,1312.25,,10.7808,21.396,4.6901,9.6678,1.7158,58.159,4.2556,4.7262,71.4393,10.6348,1.5336,34.978,6.5291,35.054,1.1307,16.1309
2019-06-21,1.0,49.0294,1.6386,1.9558,4.3357,1.4928,1.1107,7.7792,25.609,7.4657,134.7566,0.89425,8.8424,7.4013,323.97,15987.0,4.0785,78.6985,141.5,121.64,1314.41,,10.7976,21.5698,4.7002,9.686,1.7261,58.253,4.2584,4.7239,71.5191,10.6308,1.5362,34.859,6.5806,35.0839,1.1316,16.2178
2019-06-24,1.0,48.7561,1.6385,1.9558,4.3565,1.503,1.1109,7.8354,25.601,7.4663,135.2753,0.89365,8.9,7.3965,324.29,16125.0,4.1029,79.0865,141.5,122.25,1317.77,,10.8358,21.8229,4.7171,9.6643,1.7244,58.531,4.2545,4.7181,71.7127,10.6078,1.5429,35.008,6.605,35.367,1.1394,16.3295
2019-06-25,1.0,48.3176,1.6341,1.9558,4.3669,1.5001,1.1108,7.8347,25.557,7.4654,135.2154,0.89485,8.8915,7.3945,324.49,16116.3,4.1013,78.9725,141.5,121.97,1314.27,,10.8352,21.9042,4.7119,9.6855,1.714,58.477,4.2563,4.7184,71.4389,10.532,1.5411,34.973,6.5708,35.3586,1.1388,16.2881
2019-06-26,1.0,48.151,1.6277,1.9558,4.3624,1.4947,1.1113,7.8139,25.486,7.4651,135.0317,0.89603,8.8724,7.3956,323.5,16097.68,4.0825,78.5705,141.5,122.4,1312.86,,10.873,21.7972,4.7124,9.6733,1.7004,58.456,4.2627,4.722,71.6399,10.5435,1.5387,34.955,6.55,35.2957,1.1362,16.2802
2019-06-27,1.0,48.5272,1.6251,1.9558,4.3868,1.4928,1.1121,7.8199,25.434,7.4641,135.0813,0.89428,8.8836,7.3955,323.64,16077.18,4.0759,78.5675,141.7,122.64,1313.12,,10.89,21.7397,4.7117,9.6843,1.6996,58.209,4.2515,4.7223,71.6096,10.5488,1.5393,35.003,6.5573,35.2621,1.137,16.0893
2019-06-28,1.0,48.5926,1.6244,1.9558,4.3511,1.4893,1.1105,7.8185,25.447,7.4636,135.1455,0.89655,8.8866,7.3973,323.39,16083.35,4.0607,78.524,141.7,122.6,1315.35,,10.8912,21.8201,4.7082,9.6938,1.696,58.335,4.2496,4.7343,71.5975,10.5633,1.5395,34.897,6.5655,35.2871,1.138,16.1218
2019-07-01,1.0,48.2032,1.6226,1.9558,4.3435,1.4866,1.1141,7.7654,25.478,7.4647,134.7409,0.89718,8.8639,7.397,322.9,16016.28,4.0543,78.236,141.7,122.93,1318.27,,10.8961,21.7024,4.6904,9.6848,1.6941,57.953,4.2427,4.7327,71.4725,10.545,1.5359,34.771,6.4272,35.1418,1.1349,16.0216
2019-07-02,1.0,47.8563,1.6155,1.9558,4.3381,1.4819,1.1169,7.7706,25.462,7.4639,134.3604,0.89443,8.8194,7.3965,322.91,15976.79,4.0388,77.928,141.7,122.36,1318.3,,10.8768,21.5491,4.6769,9.6715,1.6956,57.781,4.2429,4.7331,71.4958,10.5565,1.5317,34.643,6.3891,35.0598,1.1301,15.9594
2019-07-03,1.0,47.6113,1.6093,1.9558,4.364,1.4794,1.1116,7.7703,25.458,7.4641,134.2964,0.8975,8.8054,7.3955,322.44,15970.0,4.0307,77.747,141.7,121.61,1321.04,,10.8175,21.4816,4.6774,9.6593,1.6883,57.781,4.2428,4.7349,71.8136,10.5155,1.5318,34.534,6.3682,35.1134,1.1293,15.9387
2019-07-04,1.0,47.4519,1.6076,1.9558,4.3098,1.4749,1.112,7.7567,25.434,7.4633,134.4796,0.8973,8.7899,7.3985,322.82,15961.23,4.0268,77.3335,141.7,121.65,1319.51,,10.7996,21.4305,4.6653,9.6298,1.6888,57.683,4.2439,4.7188,71.5913,10.5208,1.5307,34.603,6.3237,35.0707,1.1288,15.7869
2019-07-05,1.0,47.0105,1.6057,1.9558,4.2895,1.4712,1.1126,7.7425,25.471,7.4635,134.0616,0.89703,8.7758,7.3975,323.41,15899.68,4.0124,77.1095,141.7,121.77,1318.43,,10.789,21.3872,4.6566,9.6325,1.6912,57.664,4.2449,4.7246,71.5048,10.5575,1.5282,34.529,6.3135,35.0339,1.126,15.8865
2019-07-08,1.0,46.8849,1.6058,1.9558,4.2752,1.4642,1.1127,7.7173,25.509,7.4631,133.9688,0.89625,8.7482,7.3955,324.66,15824.37,4.0095,76.8955,141.7,121.8,1322.07,,10.7715,21.2581,4.6436,9.684,1.6888,57.58,4.253,4.72,71.5025,10.5973,1.5247,34.514,6.4304,34.9778,1.1215,15.8813
2019-07-09,1.0,46.8431,1.6164,1.9558,4.265,1.4706,1.1137,7.7155,25.543,7.4634,133.6874,0.89975,8.7508,7.3954,325.46,15832.67,3.9974,76.781,141.9,121.93,1325.05,,10.7691,21.1827,4.641,9.6983,1.6937,57.529,4.263,4.7265,71.4007,10.6338,1.525,34.551,6.3843,34.9401,1.1205,15.8712
2019-07-10,1.0,46.9052,1.621,1.9558,4.2585,1.4713,1.1133,7.7227,25.565,7.4637,133.9724,0.89928,8.7692,7.3935,325.9,15853.86,4.008,76.951,141.9,122.2,1325.21,,10.7466,21.5421,4.6434,9.693,1.6997,57.756,4.2738,4.7335,71.2695,10.6093,1.527,34.586,6.4398,34.8981,1.122,15.8875
2019-07-11,1.0,47.2221,1.6154,1.9558,4.2169,1.4735,1.1114,7.7477,25.605,7.4673,134.5286,0.8979,8.8264,7.394,325.83,15872.35,4.0025,77.1495,141.9,121.94,1324.03,,10.7841,21.5886,4.6443,9.6323,1.6889,57.803,4.2681,4.734,70.9968,10.5808,1.5288,34.549,6.3917,35.0023,1.1285,15.65
2019-07-12,1.0,46.9306,1.6102,1.9558,4.2271,1.4667,1.1087,7.7432,25.59,7.4673,134.1808,0.89788,8.8033,7.3938,325.78,15794.71,3.9964,77.242,141.9,121.83,1326.69,,10.776,21.467,4.6284,9.6208,1.6871,57.559,4.2675,4.7322,70.9895,10.5515,1.5308,34.789,6.4331,34.9811,1.1253,15.7072
2019-07-15,1.0,46.8514,1.6023,1.9558,4.21,1.4684,1.1071,7.7484,25.569,7.4669,134.2701,0.89873,8.8201,7.3935,325.66,15712.0,3.987,77.2205,141.7,121.62,1329.0,,10.7626,21.3466,4.6299,9.6223,1.6751,57.506,4.2622,4.7333,70.5998,10.5563,1.5283,34.816,6.4258,35.0182,1.1269,15.6215
2019-07-16,1.0,47.5625,1.5955,1.9558,4.221,1.4643,1.1075,7.7187,25.575,7.4678,133.9521,0.9026,8.7736,7.3905,325.85,15644.86,3.9793,77.087,141.7,121.13,1322.95,,10.7368,21.3118,4.6069,9.5933,1.6693,57.114,4.2555,4.7316,70.3975,10.5405,1.5234,34.662,6.4002,34.8676,1.1223,15.5709
2019-07-17,1.0,47.8426,1.6009,1.9558,4.2183,1.4654,1.1095,7.7131,25.603,7.4669,133.8634,0.9034,8.7636,7.3895,326.68,15678.57,3.9731,77.2335,141.5,121.42,1324.68,,10.7321,21.3942,4.6144,9.622,1.6679,57.342,4.2641,4.7336,70.4625,10.5168,1.5273,34.705,6.3797,34.8585,1.1215,15.6611
2019-07-18,1.0,47.6736,1.5944,1.9558,4.2164,1.465,1.1064,7.7168,25.586,7.4672,133.9466,0.89853,8.7654,7.3875,326.46,15669.87,3.9742,77.2775,141.1,120.89,1321.3,,10.7515,21.3786,4.6143,9.6438,1.664,57.324,4.2596,4.7325,70.6478,10.504,1.5261,34.635,6.3852,34.8493,1.1216,15.6932
2019-07-19,1.0,47.564,1.5913,1.9558,4.1889,1.4655,1.1033,7.7217,25.546,7.4662,133.9773,0.89635,8.7621,7.388,325.36,15662.52,3.97,77.2545,140.3,120.93,1319.12,,10.7674,21.3542,4.6107,9.6138,1.6582,57.283,4.2571,4.7309,70.737,10.5195,1.5259,34.57,6.3356,34.8406,1.1226,15.6369
2019-07-22,1.0,47.5381,1.5912,1.9558,4.1983,1.4665,1.1007,7.7168,25.534,7.466,133.9127,0.89968,8.7585,7.3875,324.95,15639.32,3.9622,77.3085,139.9,121.03,1320.34,,10.7677,21.3416,4.6127,9.6275,1.6543,57.321,4.248,4.7225,70.6525,10.544,1.526,34.593,6.3722,34.845,1.1215,15.5802
2019-07-23,1.0,47.3685,1.5898,1.9558,4.1878,1.4691,1.0985,7.6856,25.549,7.4659,133.5266,0.8983,8.7266,7.3863,325.5,15598.63,3.9509,77.015,139.9,120.82,1317.02,,10.756,21.3081,4.6016,9.681,1.6605,57.128,4.2497,4.7207,70.5611,10.5695,1.5238,34.519,6.3534,34.7302,1.1173,15.4992
2019-07-24,1.0,47.4731,1.596,1.9558,4.1948,1.4627,1.0982,7.6588,25.542,7.4649,133.3737,0.89143,8.7038,7.386,325.75,15568.15,3.924,76.8285,135.9,120.41,1311.47,,10.7109,21.3211,4.5831,9.6355,1.6613,56.964,4.2547,4.719,70.3192,10.5293,1.5196,34.428,6.382,34.5986,1.114,15.5004
2019-07-25,1.0,47.6667,1.5943,1.9558,4.1771,1.4591,1.0989,7.6393,25.519,7.4648,133.2092,0.88963,8.6851,7.3839,325.21,15535.99,3.9187,76.675,135.9,120.15,1312.16,,10.6881,21.1145,4.5733,9.6058,1.6596,56.797,4.2472,4.7228,70.1249,10.4947,1.5179,34.306,6.3011,34.5216,1.1115,15.4679
2019-07-26,1.0,48.2665,1.6082,1.9558,4.2053,1.468,1.1053,7.6609,25.542,7.4663,133.3087,0.89633,8.7078,7.3845,326.45,15568.7,3.9172,76.74,135.7,121.06,1317.79,,10.6956,21.2038,4.5904,9.6913,1.6767,56.81,4.267,4.7263,70.3184,10.5585,1.5242,34.411,6.2613,34.6299,1.1138,15.7656
2019-07-29,1.0,48.1175,1.611,1.9558,4.2104,1.4645,1.1037,7.6648,25.613,7.4668,133.292,0.90443,8.6937,7.3805,327.23,15588.84,3.9213,76.474,135.9,120.81,1316.82,,10.6917,21.2046,4.5866,9.6935,1.6796,56.72,4.2806,4.7287,70.63,10.5773,1.525,34.308,6.256,34.5845,1.1119,15.8158
2019-07-30,1.0,48.8172,1.6189,1.9558,4.2237,1.4691,1.1038,7.6761,25.65,7.4666,133.5468,0.91653,8.7259,7.3807,327.49,15637.91,3.8937,76.7575,135.1,121.0,1317.25,,10.7103,21.2437,4.601,9.7368,1.6855,56.701,4.2912,4.7321,70.5654,10.6453,1.5283,34.36,6.2005,34.6689,1.1154,15.7801
2019-07-31,1.0,48.9429,1.6175,1.9558,4.218,1.4662,1.1041,7.6743,25.658,7.4674,133.5109,0.91623,8.7289,7.3823,326.48,15639.3,3.8951,76.6965,134.7,121.04,1318.25,,10.7165,21.2005,4.6015,9.7778,1.6883,56.685,4.2912,4.7338,70.8041,10.6645,1.5261,34.273,6.161,34.6585,1.1151,15.8634
2019-08-01,1.0,48.3641,1.6135,1.9558,4.2223,1.4602,1.0988,7.6177,25.742,7.466,132.6868,0.9115,8.6367,7.383,326.55,15623.97,3.8864,76.272,136.1,120.18,1313.68,,10.6719,21.2057,4.5734,9.812,1.6856,56.502,4.2979,4.7322,70.577,10.6868,1.5178,34.099,6.1516,34.4123,1.1037,15.9959
2019-08-02,1.0,49.2001,1.6365,1.9558,4.2958,1.4698,1.0931,7.7058,25.763,7.466,133.3096,0.91505,8.6924,7.3815,326.96,15772.45,3.8786,77.34,136.3,118.57,1333.44,,10.6855,21.4542,4.6173,9.9105,1.7026,57.307,4.3014,4.7345,72.5055,10.7223,1.529,34.157,6.2221,34.9529,1.1106,16.3271
2019-08-05,1.0,49.86,1.652,1.9558,4.3805,1.4775,1.0893,7.8705,25.776,7.4658,133.7367,0.9188,8.7638,7.3805,326.99,16006.7,3.9012,79.1529,136.3,118.61,1359.84,,10.7,21.8221,4.6724,9.972,1.7138,58.191,4.3142,4.7325,72.6588,10.7603,1.5453,34.435,6.199,35.3676,1.1182,16.6794
2019-08-06,1.0,50.7823,1.6467,1.9558,4.4099,1.4785,1.0919,7.8521,25.727,7.4644,133.7462,0.9183,8.767,7.384,325.35,15958.26,3.9088,79.215,136.5,119.1,1357.32,,10.6928,21.8702,4.684,9.9545,1.7073,58.269,4.3119,4.73,72.7977,10.7267,1.5441,34.394,6.1906,35.1943,1.1187,16.5635
2019-08-07,1.0,50.6969,1.6628,1.9558,4.4438,1.492,1.0921,7.8957,25.719,7.4631,133.8807,0.92353,8.7834,7.3823,325.38,15941.29,3.8996,79.402,136.5,118.48,1361.74,,10.712,21.9583,4.6925,9.996,1.7411,58.562,4.3174,4.7308,73.0455,10.7673,1.549,34.485,6.1614,35.2988,1.1202,16.7546
2019-08-08,1.0,50.9354,1.6483,1.9558,4.4283,1.4874,1.0923,7.8873,25.789,7.4631,133.8011,0.92115,8.7774,7.3814,325.08,15903.01,3.8948,79.175,137.3,118.64,1353.16,,10.7113,21.925,4.6843,10.018,1.7335,58.347,4.3227,4.73,73.1407,10.753,1.5483,34.413,6.1367,35.0968,1.1193,16.9516
2019-08-09,1.0,50.583,1.6452,1.9558,4.3994,1.4796,1.0897,7.9039,25.828,7.4631,133.8329,0.9282,8.779,7.3915,324.78,15889.96,3.8951,79.2935,137.3,118.51,1356.25,,10.7015,21.7803,4.6858,9.9588,1.7254,58.207,4.3191,4.7264,73.2133,10.6972,1.5481,34.4,6.1452,35.1069,1.1198,17.006
2019-08-12,1.0,50.6529,1.6589,1.9558,4.466,1.4807,1.0876,7.9014,25.831,7.4633,133.7062,0.92615,8.7825,7.3908,324.65,15951.0,3.8935,79.746,137.5,117.69,1364.55,,10.6874,21.9971,4.7022,10.0003,1.7352,58.424,4.3275,4.725,73.4092,10.7315,1.552,34.506,6.2161,35.2159,1.1194,17.2164
2019-08-13,1.0,59.398,1.6589,1.9558,4.4773,1.4889,1.0853,7.9303,25.829,7.4633,134.0019,0.9283,8.8057,7.3928,323.98,16067.1,3.9145,80.1865,139.1,118.01,1373.2,,10.6874,22.0302,4.7104,10.0078,1.7417,58.743,4.3372,4.7249,73.6134,10.7088,1.5576,34.648,6.3141,35.3437,1.1222,17.2289
2019-08-14,1.0,62.2707,1.6579,1.9558,4.4702,1.4872,1.0862,7.8526,25.884,7.4608,133.7917,0.92673,8.7774,7.3884,325.15,15937.31,3.9065,79.7425,138.1,118.48,1358.5,,10.681,21.8129,4.6861,10.0035,1.74,58.581,4.372,4.7212,73.3476,10.7313,1.553,34.509,6.2616,35.1849,1.1188,17.127
2019-08-15,1.0,67.1999,1.6442,1.9558,4.4868,1.4841,1.0863,7.8463,25.876,7.459,133.4878,0.91863,8.744,7.3858,326.2,15911.05,3.9237,79.5205,137.9,118.37,1353.11,,10.6808,21.8595,4.6758,10.0145,1.7311,58.759,4.3878,4.7231,73.7771,10.7305,1.5483,34.403,6.2316,34.9296,1.115,17.044
2019-08-16,1.0,63.3796,1.632,1.9558,4.4075,1.473,1.0854,7.7978,25.734,7.459,132.8522,0.91033,8.6863,7.389,324.78,15753.39,3.9309,78.804,137.7,117.77,1338.6,,10.6644,21.6321,4.6281,9.9653,1.7208,58.012,4.3381,4.7293,73.3855,10.712,1.5356,34.208,6.1543,34.6635,1.1076,16.8081
2019-08-19,1.0,60.8855,1.6376,1.9558,4.4355,1.4729,1.0884,7.8283,25.78,7.4582,133.1472,0.91583,8.7095,7.387,325.76,15805.12,3.9353,79.28,137.9,118.34,1343.14,,10.6675,21.8458,4.6377,9.9658,1.7296,58.171,4.3702,4.7318,74.2984,10.7268,1.5376,34.247,6.2181,34.7951,1.1103,17.0524
2019-08-20,1.0,60.7402,1.6347,1.9558,4.4959,1.4762,1.086,7.818,25.796,7.456,132.9563,0.91623,8.6868,7.3838,327.23,15794.38,3.902,79.441,138.1,117.79,1337.78,,10.6529,21.9445,4.6263,9.9638,1.7286,57.964,4.3552,4.7305,73.836,10.7653,1.5351,34.086,6.3328,34.7428,1.1076,17.0117
2019-08-21,1.0,60.8938,1.6337,1.9558,4.4621,1.4761,1.0875,7.8438,25.794,7.4564,133.1481,0.91545,8.7072,7.383,327.31,15808.76,3.916,79.4655,138.1,118.24,1335.79,,10.6634,21.8446,4.6387,9.9263,1.7308,57.941,4.3529,4.728,73.1897,10.6983,1.5354,34.173,6.3462,34.81,1.1104,16.8573
2019-08-22,1.0,60.7786,1.638,1.9558,4.4717,1.4722,1.0905,7.8523,25.784,7.4558,132.996,0.9115,8.6889,7.3928,327.79,15777.1,3.9065,79.589,138.3,118.13,1340.99,,10.6533,21.8622,4.6421,9.939,1.738,57.985,4.3643,4.7223,72.756,10.7188,1.5361,34.13,6.3875,34.7485,1.1083,16.8177
2019-08-23,1.0,61.4926,1.6396,1.9558,4.5224,1.4741,1.0893,7.8439,25.769,7.4559,132.8519,0.90453,8.6776,7.394,328.58,15726.13,3.8924,79.304,138.1,117.79,1341.19,,10.6404,22.0041,4.6362,9.9593,1.736,58.008,4.355,4.7212,72.9469,10.7165,1.536,33.997,6.3815,34.7248,1.1065,16.8439
2019-08-26,1.0,61.2992,1.643,1.9558,4.5701,1.4788,1.0885,7.9429,25.792,7.4564,133.2086,0.90808,8.7195,7.3933,329.23,15834.46,3.9083,80.063,138.3,117.67,1348.82,,10.6452,22.115,4.6748,9.9873,1.7431,58.327,4.3622,4.7277,73.2819,10.7515,1.5432,34.004,6.4642,34.9067,1.1116,16.9646
2019-08-27,1.0,61.4107,1.6412,1.9558,4.6144,1.4689,1.0884,7.9519,25.814,7.4578,133.146,0.90435,8.711,7.4003,328.85,15821.87,3.9071,79.4225,138.7,117.43,1346.43,,10.638,22.1713,4.667,9.992,1.7415,58.095,4.3696,4.732,73.8447,10.705,1.5411,33.935,6.47,34.8284,1.1104,16.9845
2019-08-28,1.0,62.3724,1.6431,1.9558,4.5901,1.4754,1.0872,7.9357,25.844,7.4578,132.9738,0.90823,8.6959,7.4025,330.0,15792.82,3.9099,79.5905,137.9,117.18,1345.47,,10.6478,22.1393,4.6712,10.011,1.7458,57.998,4.3874,4.7273,74.04,10.7545,1.5393,33.931,6.425,34.8301,1.1083,17.0319
2019-08-29,1.0,64.1622,1.6402,1.9558,4.5908,1.4699,1.088,7.9081,25.853,7.457,132.8917,0.90531,8.6876,7.4035,330.26,15718.92,3.8997,79.3415,138.1,117.68,1340.01,,10.636,22.2046,4.6696,10.0365,1.7457,57.793,4.3809,4.7271,73.675,10.779,1.5354,33.886,6.4594,34.7533,1.1072,16.895
2019-08-30,1.0,63.8764,1.6398,1.9558,4.5879,1.4658,1.0909,7.8908,25.914,7.4562,132.6417,0.90565,8.6549,7.4023,331.07,15654.57,3.8899,78.8365,138.5,117.28,1333.21,,10.6283,22.1567,4.6412,10.038,1.749,57.462,4.3812,4.7284,73.415,10.8395,1.5312,33.754,6.4418,34.5803,1.1036,16.8299
2019-09-02,1.0,65.2596,1.6338,1.9558,4.5498,1.4632,1.0875,7.8657,25.919,7.4563,132.1534,0.9082,8.6021,7.4006,331.34,15567.98,3.8793,78.892,138.5,116.66,1329.49,,10.6005,22.0545,4.6269,9.9788,1.7396,57.2,4.3691,4.7239,73.2222,10.747,1.5253,33.6,6.3762,34.4051,1.0968,16.6827
2019-09-03,1.0,63.708,1.6247,1.9558,4.5684,1.4627,1.0829,7.8513,25.885,7.4566,131.933,0.90885,8.5788,7.4055,330.68,15558.0,3.8793,79.197,139.9,116.05,1328.8,,10.6129,21.9477,4.6162,10.019,1.7385,57.19,4.3663,4.7292,73.2576,10.8128,1.5237,33.548,6.2937,34.3344,1.0937,16.5525
2019-09-04,1.0,61.5052,1.6225,1.9558,4.5603,1.4679,1.0848,7.8808,25.834,7.4584,132.4915,0.90255,8.6389,7.4045,328.94,15593.22,3.8838,79.389,139.3,117.03,1327.96,,10.6614,21.843,4.6273,9.9838,1.7343,57.205,4.3395,4.729,73.1531,10.753,1.527,33.732,6.2482,34.4815,1.1018,16.3729
2019-09-05,1.0,61.8491,1.621,1.9558,4.5036,1.4602,1.0863,7.8996,25.853,7.4588,132.7513,0.8958,8.6686,7.4033,329.47,15605.38,3.8837,79.4125,139.3,117.97,1323.9,,10.677,21.7072,4.6327,9.9332,1.7305,57.412,4.3399,4.73,72.9651,10.6825,1.5295,33.777,6.2835,34.5508,1.1058,16.3765
2019-09-06,1.0,61.7733,1.6135,1.9558,4.5145,1.4583,1.0928,7.8442,25.836,7.4614,132.5464,0.89635,8.6446,7.4038,330.11,15532.63,3.878,79.0805,139.3,118.01,1314.72,,10.6683,21.655,4.6098,9.923,1.7208,57.208,4.3394,4.7325,72.5679,10.635,1.5229,33.819,6.2875,34.466,1.1027,16.2808
2019-09-09,1.0,61.3148,1.6066,1.9558,4.4764,1.4515,1.0923,7.861,25.855,7.4598,132.5725,0.89275,8.6503,7.3975,329.93,15498.1,3.8906,79.0815,139.1,118.01,1315.99,,10.6818,21.5254,4.6015,9.8663,1.7129,57.195,4.3335,4.7297,72.1849,10.6598,1.5223,33.8,6.3176,34.4268,1.1033,16.1931
2019-09-10,1.0,61.8406,1.6103,1.9558,4.5234,1.4536,1.0943,7.8445,25.869,7.4608,132.4248,0.893,8.6559,7.3938,331.61,15505.68,3.9085,79.3815,138.7,118.52,1315.87,,10.6595,21.5665,4.6053,9.9125,1.7194,57.425,4.3339,4.7334,72.2447,10.7445,1.5227,33.799,6.3736,34.466,1.104,16.1993
2019-09-11,1.0,61.5937,1.6021,1.9558,4.4721,1.4468,1.0934,7.8309,25.867,7.4607,132.3386,0.89133,8.6261,7.3945,332.4,15470.22,3.899,78.872,138.7,118.51,1312.34,,10.6365,21.4565,4.5987,9.8745,1.7147,57.354,4.3335,4.7348,71.8661,10.6563,1.518,33.653,6.3335,34.2537,1.1003,16.1384
2019-09-12,1.0,61.5847,1.5943,1.9558,4.4402,1.4468,1.0892,7.7702,25.824,7.4622,131.6728,0.8892,8.5826,7.3928,330.93,15310.38,3.887,77.998,138.3,118.14,1296.86,,10.6412,21.2945,4.5664,9.8543,1.7032,56.912,4.3304,4.7348,71.22,10.6315,1.5091,33.334,6.2075,34.0249,1.0963,15.9936
2019-09-13,1.0,62.2486,1.6126,1.9558,4.4964,1.4663,1.094,7.8589,25.843,7.4678,133.0671,0.89093,8.6832,7.3945,331.53,15495.56,3.9133,78.7415,138.1,119.83,1306.0,,10.697,21.507,4.6209,9.9213,1.7354,57.644,4.3248,4.7352,71.2243,10.6485,1.5226,33.776,6.2892,34.2811,1.1096,16.0983
2019-09-16,1.0,61.8436,1.6054,1.9558,4.5138,1.4619,1.0932,7.7957,25.882,7.467,132.4823,0.8851,8.6266,7.3945,331.92,15487.52,3.9023,78.9825,136.4,118.96,1306.13,,10.678,21.4298,4.6088,9.9043,1.7324,57.692,4.3241,4.7348,70.6403,10.6703,1.5158,33.672,6.3041,34.1046,1.1031,16.1498
2019-09-17,1.0,62.0433,1.6122,1.9558,4.5207,1.462,1.0966,7.8249,25.916,7.4671,132.5325,0.88813,8.6266,7.397,333.96,15536.74,3.9227,79.147,136.6,119.23,1311.65,,10.682,21.4919,4.6149,9.8715,1.7426,57.712,4.3416,4.734,70.7241,10.699,1.5175,33.701,6.3065,34.1539,1.1026,16.278
2019-09-18,1.0,62.4412,1.6149,1.9558,4.5045,1.4645,1.0999,7.8349,25.892,7.4673,132.7244,0.8872,8.6533,7.398,332.89,15541.22,3.9075,78.707,136.8,119.54,1316.22,,10.6996,21.3629,4.6246,9.8905,1.7428,57.643,4.337,4.7366,70.9405,10.7298,1.5182,33.75,6.2663,34.208,1.1053,16.1576
2019-09-19,1.0,62.4782,1.6291,1.9558,4.5738,1.4686,1.097,7.8518,25.892,7.4672,132.6225,0.88735,8.6649,7.401,332.77,15560.2,3.8889,78.9335,137.0,119.46,1321.64,,10.711,21.4426,4.6385,9.8905,1.7536,57.803,4.3386,4.7448,70.6938,10.7223,1.5243,33.782,6.3023,34.3018,1.1067,16.2351
2019-09-20,1.0,62.3383,1.6243,1.9558,4.5956,1.4636,1.0942,7.8207,25.913,7.4668,132.3214,0.8823,8.6413,7.4008,332.89,15502.67,3.8837,78.2925,137.0,119.11,1311.24,,10.6925,21.4558,4.5995,9.9423,1.7579,57.375,4.3575,4.7456,70.3933,10.7113,1.5176,33.636,6.2894,34.1416,1.103,16.3991
2019-09-23,1.0,62.2465,1.6224,1.9558,4.5665,1.4586,1.0891,7.8279,25.89,7.4664,132.2155,0.88343,8.6116,7.4068,334.62,15472.37,3.8617,77.9405,137.2,118.07,1315.27,,10.669,21.3353,4.5976,9.9723,1.7514,57.272,4.382,4.7498,70.2637,10.7143,1.514,33.499,6.2829,34.0623,1.0985,16.3465
2019-09-24,1.0,62.6346,1.6189,1.9558,4.5759,1.4586,1.0878,7.8199,25.872,7.4661,132.3551,0.88153,8.6265,7.404,335.17,15527.98,3.8555,78.0635,137.2,118.45,1313.66,,10.6776,21.3897,4.6009,9.9225,1.7428,57.358,4.3813,4.7484,70.0259,10.6763,1.5145,33.63,6.2553,34.1188,1.1003,16.3599
2019-09-25,1.0,62.4546,1.6236,1.9558,4.5987,1.458,1.0841,7.8239,25.867,7.4648,132.0366,0.88668,8.6059,7.406,334.95,15539.53,3.8482,78.0215,136.0,118.0,1318.39,,10.6745,21.5068,4.6015,9.931,1.7435,57.475,4.3915,4.7438,70.6879,10.6825,1.5133,33.577,6.2598,34.1244,1.0982,16.5085
2019-09-26,1.0,62.3406,1.6162,1.9558,4.5113,1.4482,1.0864,7.7976,25.851,7.4643,131.7537,0.88505,8.5739,7.4063,334.93,15496.96,3.8454,77.56,135.6,117.73,1313.91,,10.6515,21.3975,4.5861,9.9235,1.7315,57.064,4.3871,4.7481,70.219,10.6598,1.5104,33.509,6.1899,33.957,1.0938,16.3723
2019-09-27,1.0,62.5154,1.6187,1.9558,4.5492,1.4493,1.086,7.7947,25.842,7.4661,131.952,0.88778,8.5727,7.4083,335.54,15489.43,3.8096,77.0685,134.9,118.21,1310.45,,10.6523,21.464,4.5796,9.9155,1.7388,56.736,4.3865,4.7515,70.3733,10.701,1.51,33.51,6.1895,33.9125,1.0935,16.4831
2019-09-30,1.0,62.4212,1.6126,1.9558,4.5288,1.4426,1.0847,7.7784,25.816,7.4662,131.3649,0.88573,8.5368,7.411,334.83,15456.94,3.7877,77.1615,135.1,117.59,1304.83,,10.629,21.4522,4.5592,9.8953,1.7375,56.553,4.3782,4.7496,70.7557,10.6958,1.506,33.315,6.1491,33.8085,1.0889,16.5576
2019-10-01,1.0,62.7643,1.6274,1.9558,4.5384,1.4466,1.0906,7.7903,25.74,7.4655,131.4626,0.88955,8.5449,7.4111,334.79,15505.67,3.7907,77.492,135.3,118.0,1310.56,,10.6259,21.5587,4.5712,9.9463,1.7528,56.61,4.3774,4.7511,71.0815,10.8043,1.5108,33.43,6.1979,33.8656,1.0898,16.67
2019-10-02,1.0,62.9772,1.6351,1.9558,4.5516,1.4467,1.094,7.8096,25.739,7.4665,131.6097,0.8897,8.5666,7.415,334.05,15516.78,3.8121,77.8275,135.5,117.47,1318.2,,10.636,21.6365,4.5825,9.993,1.7512,56.806,4.3698,4.7491,71.2142,10.8118,1.5137,33.458,6.2595,33.9484,1.0925,16.6627
2019-10-03,1.0,63.3242,1.6294,1.9558,4.5094,1.4606,1.0957,7.8282,25.739,7.4656,131.86,0.8879,8.5882,7.418,333.02,15520.3,3.8282,77.7155,135.7,117.17,1317.84,,10.6239,21.6283,4.5857,10.0165,1.7421,56.738,4.34,4.747,71.2751,10.833,1.5128,33.461,6.2448,33.9493,1.0951,16.6077
2019-10-04,1.0,63.3159,1.6247,1.9558,4.4726,1.4612,1.0913,7.8497,25.741,7.4666,132.2101,0.89045,8.6099,7.4215,332.76,15531.39,3.8254,77.8415,135.7,117.23,1312.32,,10.6455,21.5087,4.5953,9.9915,1.735,56.811,4.3245,4.748,71.142,10.8105,1.5139,33.437,6.2505,33.9109,1.0979,16.6446
2019-10-07,1.0,63.4021,1.6316,1.9558,4.4709,1.4633,1.0924,7.8582,25.781,7.4679,132.1029,0.89155,8.6237,7.4235,333.64,15579.88,3.8405,78.0435,136.5,117.44,1315.2,,10.6259,21.5,4.6094,10.0388,1.7452,57.024,4.3317,4.7475,71.3155,10.891,1.5175,33.476,6.31,33.9528,1.0993,16.6332
2019-10-08,1.0,63.5375,1.6286,1.9558,4.5073,1.4623,1.0898,7.8474,25.805,7.4689,132.1402,0.89795,8.6178,7.4243,334.57,15550.68,3.8566,78.144,136.5,117.43,1316.41,,10.6407,21.5316,4.607,10.045,1.7373,56.955,4.3326,4.7486,71.6225,10.8703,1.5168,33.403,6.412,33.8507,1.0986,16.7732
2019-10-09,1.0,63.5223,1.6282,1.9558,4.4783,1.4607,1.0927,7.8265,25.823,7.4691,132.0575,0.8985,8.6143,7.427,334.04,15560.08,3.8465,78.034,137.3,117.91,1314.77,,10.651,21.452,4.6087,10.0528,1.7381,56.816,4.3236,4.7486,71.1918,10.9173,1.5153,33.311,6.4053,33.8303,1.0981,16.6248
2019-10-10,1.0,63.6983,1.6307,1.9558,4.5186,1.4678,1.0948,7.8567,25.893,7.4684,132.4427,0.90155,8.6522,7.428,333.51,15609.1,3.8694,78.3555,138.5,118.52,1315.87,,10.6661,21.5223,4.6205,10.0535,1.7422,56.97,4.3183,4.7523,71.2901,10.8415,1.5187,33.537,6.4936,33.8522,1.103,16.6898
2019-10-11,1.0,63.9533,1.6246,1.9558,4.5291,1.4679,1.1025,7.8417,25.807,7.4688,132.4829,0.87518,8.6614,7.428,331.71,15601.55,3.8673,78.4875,137.7,119.75,1308.61,,10.6705,21.3965,4.622,10.0375,1.7419,56.927,4.3057,4.7573,70.8034,10.8448,1.5177,33.642,6.4713,33.883,1.1043,16.3978
2019-10-14,1.0,64.0184,1.6325,1.9558,4.5395,1.4576,1.0983,7.7988,25.823,7.4689,132.3996,0.87983,8.6529,7.4315,331.44,15586.8,3.8703,78.5245,138.1,119.4,1307.06,,10.6625,21.2983,4.6198,10.0463,1.7529,56.899,4.2931,4.7546,70.8543,10.8523,1.5103,33.529,6.5424,33.7441,1.1031,16.3283
2019-10-15,1.0,63.7949,1.6293,1.9558,4.5467,1.4562,1.0977,7.7943,25.82,7.4699,132.1941,0.87058,8.6351,7.4353,332.38,15591.42,3.8784,78.696,138.3,119.23,1305.51,,10.6516,21.1647,4.6125,10.0653,1.7551,56.829,4.2956,4.7538,70.9456,10.8225,1.5088,33.434,6.4678,33.6991,1.1007,16.359
2019-10-16,1.0,64.2482,1.6394,1.9558,4.6024,1.4563,1.0997,7.827,25.758,7.4712,132.3276,0.8656,8.65,7.4338,333.02,15662.11,3.9044,78.768,138.3,119.9,1310.51,,10.6515,21.2053,4.625,10.1465,1.7653,56.845,4.2955,4.7561,70.8212,10.8358,1.5138,33.533,6.5076,33.7888,1.1025,16.5129
2019-10-17,1.0,64.1776,1.6294,1.9558,4.623,1.4644,1.0991,7.8657,25.673,7.4707,132.9504,0.8684,8.7171,7.4425,331.59,15732.67,3.9346,79.0785,138.5,120.81,1310.18,,10.6867,21.3437,4.6443,10.1925,1.7564,57.021,4.2855,4.7553,71.1371,10.8105,1.5171,33.689,6.553,34.0358,1.1113,16.5285
2019-10-18,1.0,64.911,1.6278,1.9558,4.6363,1.4639,1.0996,7.8941,25.659,7.4702,133.1541,0.86435,8.7396,7.4418,330.62,15773.15,3.9462,79.2735,139.1,120.97,1314.33,,10.7001,21.3875,4.6654,10.2198,1.7488,57.07,4.2843,4.7565,71.3066,10.7742,1.5214,33.761,6.4447,34.0578,1.1144,16.4566
2019-10-21,1.0,65.128,1.624,1.9558,4.6059,1.4643,1.1002,7.9025,25.63,7.4708,133.2995,0.8593,8.7635,7.4378,329.98,15713.09,3.9484,79.169,139.3,121.29,1309.04,,10.7158,21.4,4.6709,10.1638,1.7432,57.046,4.2788,4.7584,71.1373,10.7311,1.5203,33.804,6.5047,34.1334,1.1173,16.4831
2019-10-22,1.0,65.0103,1.6237,1.9558,4.59,1.4581,1.1004,7.8795,25.57,7.4708,133.0536,0.86065,8.7295,7.4405,329.92,15626.52,3.9411,78.9245,139.3,120.87,1305.83,,10.7032,21.2721,4.6618,10.1833,1.7358,56.969,4.2778,4.7609,70.9699,10.7303,1.5164,33.735,6.4897,34.0363,1.113,16.3337
2019-10-23,1.0,65.173,1.6252,1.9558,4.5459,1.4558,1.1004,7.8684,25.638,7.4707,132.9477,0.86408,8.7235,7.4418,329.11,15604.46,3.9329,78.8245,138.9,120.63,1303.45,,10.701,21.3268,4.6578,10.1775,1.7361,56.765,4.2786,4.7603,71.0887,10.7385,1.5161,33.73,6.4318,34.0349,1.1123,16.3217
2019-10-24,1.0,65.5517,1.6273,1.9558,4.4908,1.4545,1.1019,7.8704,25.598,7.4705,132.9852,0.86288,8.7235,7.452,329.24,15619.26,3.922,79.022,138.3,120.86,1305.33,,10.7102,21.2595,4.6571,10.1368,1.74,57.088,4.277,4.752,71.1856,10.6963,1.5162,33.707,6.4251,34.0484,1.1128,16.2753
2019-10-25,1.0,66.1161,1.627,1.9558,4.4732,1.4511,1.1019,7.8524,25.568,7.4704,132.8208,0.86598,8.7048,7.453,328.87,15588.67,3.9242,78.7515,138.3,120.59,1304.87,,10.7033,21.202,4.6494,10.1865,1.7456,56.951,4.2777,4.7553,70.824,10.7445,1.514,33.504,6.4012,33.9874,1.1107,16.2387
2019-10-28,1.0,65.5519,1.6245,1.9558,4.4158,1.4487,1.1047,7.8366,25.48,7.4707,132.6837,0.86328,8.6923,7.4543,328.16,15536.21,3.9187,78.4355,138.3,120.69,1297.1,,10.693,21.1244,4.641,10.2105,1.7482,56.731,4.2715,4.7559,70.5328,10.7503,1.5104,33.488,6.3479,33.8836,1.1087,16.1202
2019-10-29,1.0,66.0524,1.6186,1.9558,4.43,1.4486,1.1041,7.8392,25.543,7.4706,132.9015,0.86328,8.6994,7.4568,328.78,15590.95,3.9162,78.615,138.1,120.88,1295.86,,10.6922,21.1812,4.641,10.2748,1.7481,56.623,4.2693,4.7559,70.9154,10.7923,1.5121,33.524,6.3596,33.8532,1.1095,16.2241
2019-10-30,1.0,65.9696,1.6199,1.9558,4.4611,1.4534,1.1032,7.8371,25.512,7.4709,132.9777,0.862,8.708,7.4606,329.72,15600.04,3.92,78.7705,138.1,120.99,1297.21,,10.7133,21.2538,4.6423,10.2488,1.7504,56.591,4.2629,4.7577,70.9556,10.801,1.5141,33.58,6.3615,33.8167,1.1106,16.5609
2019-10-31,1.0,66.5113,1.6137,1.9558,4.4514,1.4673,1.1007,7.854,25.509,7.4708,133.3405,0.86133,8.7401,7.4579,328.7,15701.5,3.9342,79.1125,138.1,120.73,1302.87,,10.7319,21.3265,4.6607,10.252,1.7359,56.704,4.2581,4.756,71.3639,10.7498,1.5174,33.668,6.3717,33.9417,1.1154,16.912
2019-11-01,1.0,66.4224,1.6151,1.9558,4.4437,1.4682,1.1013,7.844,25.514,7.4712,133.2169,0.86008,8.7298,7.46,328.33,15640.93,3.9272,78.816,138.1,120.43,1300.09,,10.7168,21.3164,4.64,10.1638,1.7326,56.286,4.2535,4.7547,71.0786,10.6993,1.5129,33.623,6.3761,33.9424,1.1139,16.828
2019-11-04,1.0,66.5591,1.6158,1.9558,4.4644,1.468,1.1021,7.8425,25.511,7.4713,133.366,0.86368,8.7461,7.4488,328.78,15643.31,3.9279,78.9205,137.9,120.93,1296.92,,10.7249,21.3095,4.6311,10.1668,1.7358,56.376,4.2588,4.7542,70.5726,10.7035,1.5146,33.689,6.3483,33.9367,1.1158,16.5296
2019-11-05,1.0,66.3485,1.6079,1.9558,4.4655,1.4584,1.1009,7.7734,25.536,7.4712,132.837,0.86113,8.704,7.4486,329.84,15516.5,3.888,78.529,137.7,120.93,1284.34,,10.7066,21.3072,4.5886,10.1525,1.7339,56.012,4.2643,4.7583,70.4334,10.6943,1.5078,33.544,6.3807,33.7347,1.1109,16.3876
2019-11-06,1.0,66.1629,1.607,1.9558,4.4242,1.4599,1.101,7.7604,25.498,7.4713,132.897,0.86033,8.6786,7.4343,331.68,15542.64,3.8644,78.6855,137.7,120.88,1284.3,,10.6996,21.305,4.5874,10.126,1.7385,56.126,4.2693,4.7627,70.6538,10.644,1.5065,33.608,6.3803,33.6954,1.109,16.4153
2019-11-07,1.0,66.2128,1.6059,1.9558,4.5238,1.4585,1.0998,7.7271,25.534,7.472,132.8532,0.86442,8.6689,7.4295,332.73,15501.71,3.8623,78.549,137.7,120.9,1279.27,,10.6867,21.197,4.5682,10.0715,1.7383,55.917,4.2653,4.7602,70.579,10.6253,1.5035,33.624,6.3613,33.6087,1.1077,16.3233
2019-11-08,1.0,65.8454,1.6065,1.9558,4.5583,1.4561,1.0991,7.7115,25.486,7.4727,132.3219,0.86158,8.6372,7.4345,333.37,15463.05,3.8533,78.652,137.7,120.72,1276.66,,10.6617,21.1383,4.5609,10.0893,1.7426,55.809,4.261,4.7638,70.4653,10.7025,1.5002,33.527,6.3513,33.5026,1.1034,16.3121
2019-11-11,1.0,65.6967,1.6105,1.9558,4.5949,1.4607,1.0972,7.7404,25.51,7.4722,132.6592,0.85743,8.6422,7.4391,334.35,15540.68,3.8591,78.9905,137.7,120.29,1288.0,,10.6781,21.1057,4.5749,10.091,1.7348,56.138,4.2737,4.7643,70.5319,10.7085,1.5025,33.493,6.3722,33.5971,1.1041,16.415
2019-11-12,1.0,65.7188,1.6087,1.9558,4.5868,1.4588,1.0963,7.7187,25.499,7.4723,132.3617,0.8582,8.6202,7.4417,334.39,15499.48,3.8578,78.969,137.7,120.24,1281.79,,10.6698,21.0924,4.563,10.0798,1.7382,55.959,4.2747,4.7625,70.4859,10.7003,1.4994,33.416,6.359,33.526,1.1015,16.3334
2019-11-13,1.0,65.7884,1.6127,1.9558,4.6017,1.4592,1.0894,7.7281,25.591,7.4725,132.2976,0.8576,8.6204,7.4415,334.75,15522.75,3.8482,79.319,137.7,119.79,1288.15,,10.662,21.3723,4.5713,10.139,1.7228,56.025,4.2874,4.7633,70.8149,10.7353,1.5,33.277,6.3316,33.5848,1.1006,16.4441
2019-11-14,1.0,65.6246,1.6213,1.9558,4.5928,1.4588,1.0873,7.721,25.56,7.472,132.2224,0.85643,8.6098,7.4383,333.87,15508.18,3.8271,79.1,135.2,119.49,1287.87,,10.6564,21.3699,4.572,10.1198,1.7223,55.788,4.2926,4.7673,70.4908,10.694,1.4989,33.218,6.3361,33.6029,1.0997,16.3205
2019-11-15,1.0,65.761,1.6221,1.9558,4.6296,1.4608,1.0924,7.7343,25.583,7.4723,132.5018,0.8566,8.6361,7.438,334.8,15528.15,3.8352,79.163,135.9,119.95,1285.34,,10.6643,21.2194,4.5817,10.0345,1.7255,55.849,4.2785,4.7686,70.3938,10.6518,1.5021,33.35,6.3433,33.6703,1.1034,16.2494
2019-11-18,1.0,65.9324,1.6242,1.9558,4.6201,1.4622,1.096,7.7629,25.593,7.4726,132.6822,0.8533,8.6593,7.44,335.27,15588.27,3.825,79.426,135.9,120.55,1289.14,,10.6701,21.2907,4.5964,10.086,1.7275,56.081,4.2915,4.7744,70.6242,10.6603,1.5047,33.443,6.3316,33.7328,1.1061,16.3463
2019-11-19,1.0,66.1851,1.6234,1.9558,4.6465,1.4633,1.0979,7.7829,25.565,7.4721,132.78,0.85573,8.6709,7.4429,334.93,15607.49,3.8313,79.3975,136.3,120.46,1292.01,,10.6727,21.337,4.6053,10.0853,1.7259,56.371,4.2877,4.7763,70.6272,10.6475,1.507,33.458,6.331,33.8015,1.1077,16.3211
2019-11-20,1.0,66.0222,1.6227,1.9558,4.6409,1.4711,1.0977,7.7786,25.541,7.4731,132.6693,0.85715,8.6549,7.4395,333.41,15602.04,3.8425,79.423,135.9,119.96,1294.49,,10.6631,21.4802,4.6066,10.1455,1.7222,56.279,4.2932,4.7803,70.7748,10.6935,1.5059,33.382,6.3003,33.7676,1.1059,16.3671
2019-11-21,1.0,66.3741,1.6282,1.9558,4.6453,1.4759,1.0998,7.7933,25.52,7.4732,132.9201,0.85548,8.6739,7.4395,333.75,15624.45,3.8309,79.5675,136.3,120.46,1303.11,,10.6675,21.5649,4.6244,10.1018,1.7239,56.419,4.297,4.7813,70.6406,10.6568,1.5098,33.5,6.3097,33.8416,1.1091,16.2645
2019-11-22,1.0,66.2042,1.6287,1.9558,4.6313,1.4679,1.0994,7.7834,25.513,7.4727,132.6848,0.8598,8.6525,7.4365,334.29,15575.19,3.8332,79.271,136.3,120.03,1303.07,,10.651,21.4472,4.6123,10.1083,1.7236,56.235,4.2977,4.7741,70.4361,10.6265,1.5072,33.39,6.3119,33.7807,1.1058,16.2718
2019-11-25,1.0,65.8168,1.6232,1.9558,4.6295,1.4648,1.0986,7.7454,25.485,7.4716,132.1494,0.85515,8.6164,7.4365,335.23,15512.47,3.8114,78.937,135.9,119.88,1293.96,,10.632,21.3437,4.5997,10.1065,1.7187,55.915,4.2965,4.7723,70.4399,10.6158,1.503,33.272,6.3196,33.6015,1.1008,16.2262
2019-11-26,1.0,65.7365,1.6251,1.9558,4.6915,1.4663,1.0993,7.7576,25.505,7.472,132.4218,0.85715,8.6256,7.4355,336.16,15538.08,3.8147,78.8165,135.4,120.09,1296.87,,10.621,21.4669,4.6097,10.0968,1.7165,56.016,4.3015,4.7766,70.5445,10.5808,1.5057,33.297,6.3255,33.6403,1.102,16.3384
2019-11-27,1.0,65.9384,1.622,1.9558,4.6743,1.4605,1.0986,7.7353,25.515,7.4712,132.3282,0.8545,8.6176,7.439,335.95,15517.01,3.8205,78.5495,135.0,120.18,1295.88,,10.6201,21.448,4.593,10.102,1.7121,55.958,4.3109,4.7841,70.4425,10.558,1.5028,33.286,6.3442,33.607,1.1009,16.1885
2019-11-28,1.0,65.931,1.6253,1.9558,4.6793,1.4625,1.0991,7.7416,25.574,7.4715,132.2966,0.8518,8.6136,7.437,336.25,15517.93,3.817,78.8095,135.0,120.5,1298.0,,10.6292,21.5787,4.5929,10.113,1.7136,55.9,4.3212,4.785,70.5328,10.5463,1.5032,33.263,6.3477,33.5554,1.1005,16.2298
2019-11-29,1.0,65.6449,1.6228,1.9558,4.6459,1.4614,1.0998,7.7172,25.515,7.4713,132.1135,0.85225,8.5954,7.4385,333.82,15490.11,3.8136,78.6875,134.0,120.43,1295.81,,10.6344,21.4483,4.5882,10.1045,1.709,55.838,4.3185,4.7823,70.5544,10.4995,1.5017,33.204,6.3198,33.5204,1.0982,16.1197
2019-12-02,1.0,65.9627,1.624,1.9558,4.6654,1.4656,1.0995,7.7625,25.534,7.4712,132.4083,0.85218,8.6297,7.438,332.98,15569.99,3.8327,78.9785,134.8,120.75,1306.52,,10.6444,21.567,4.6071,10.1353,1.7019,56.317,4.3001,4.7794,70.9217,10.5385,1.5085,33.383,6.3436,33.6312,1.1023,16.177
2019-12-03,1.0,66.2123,1.6186,1.9558,4.6545,1.4747,1.0947,7.814,25.527,7.4719,132.7579,0.852,8.6675,7.44,331.75,15615.65,3.8596,79.43,134.4,120.39,1319.15,,10.6602,21.6958,4.6216,10.1668,1.7,56.583,4.2845,4.7777,71.0634,10.5653,1.5117,33.529,6.3508,33.7998,1.1071,16.2253
2019-12-04,1.0,66.3115,1.6203,1.9558,4.6521,1.4707,1.0956,7.8149,25.52,7.4715,132.8501,0.8461,8.6753,7.4385,331.01,15629.75,3.8462,79.2615,134.2,120.45,1321.2,,10.6653,21.6167,4.628,10.1723,1.698,56.519,4.2792,4.7754,70.7959,10.5523,1.5103,33.581,6.3608,33.7716,1.1081,16.1224
2019-12-05,1.0,66.4919,1.6251,1.9558,4.6794,1.461,1.0964,7.8125,25.526,7.4716,132.8895,0.8447,8.6853,7.439,330.85,15603.71,3.8418,79.0195,134.4,120.69,1320.69,,10.6785,21.4895,4.6256,10.1613,1.6997,56.402,4.2753,4.7785,70.7798,10.5418,1.5103,33.676,6.3845,33.8319,1.1094,16.2774
2019-12-06,1.0,66.5196,1.619,1.9558,4.6402,1.4618,1.0968,7.7993,25.533,7.4722,132.7297,0.84453,8.6852,7.439,330.19,15554.41,3.8465,79.0435,134.6,120.44,1317.31,,10.6847,21.4658,4.6145,10.1235,1.6886,56.348,4.2772,4.78,70.7441,10.5183,1.5084,33.645,6.3893,33.8101,1.1094,16.2232
2019-12-09,1.0,66.3481,1.6228,1.9558,4.5903,1.4675,1.0959,7.796,25.528,7.4723,132.5949,0.84195,8.6692,7.4388,331.58,15506.11,3.8434,78.707,134.3,120.15,1319.29,,10.6811,21.3499,4.6074,10.1238,1.689,56.316,4.2837,4.7789,70.5731,10.5435,1.506,33.571,6.427,33.7637,1.1075,16.178
2019-12-10,1.0,66.7002,1.6275,1.9558,4.5891,1.4666,1.0922,7.7968,25.527,7.4731,132.6305,0.84073,8.6691,7.4398,330.85,15518.88,3.8372,78.561,134.7,120.27,1320.74,,10.6862,21.2903,4.613,10.1823,1.6945,56.243,4.2903,4.7773,70.4627,10.5565,1.5062,33.558,6.43,33.7439,1.1077,16.4121
2019-12-11,1.0,66.1676,1.6194,1.9558,4.559,1.4661,1.0916,7.796,25.522,7.4728,132.5921,0.84245,8.6538,7.4385,330.74,15554.28,3.8503,78.4115,135.1,120.44,1321.5,,10.6905,21.292,4.6122,10.1495,1.6924,56.279,4.2869,4.7793,70.3925,10.4595,1.506,33.518,6.4349,33.7197,1.1075,16.3512
2019-12-12,1.0,66.5213,1.6165,1.9558,4.5788,1.4676,1.0939,7.8374,25.519,7.4732,133.0537,0.8456,8.6923,7.439,329.4,15630.78,3.8749,78.9355,136.7,120.95,1323.39,,10.695,21.2831,4.6324,10.135,1.6906,56.476,4.2836,4.7791,70.0885,10.4495,1.5117,33.606,6.439,33.7674,1.1137,16.3248
2019-12-13,1.0,66.8652,1.6159,1.9558,4.5664,1.4712,1.0982,7.79,25.508,7.4731,133.274,0.83508,8.7062,7.4398,328.85,15626.84,3.8894,79.061,137.0,122.43,1308.97,,10.6947,21.2518,4.6199,10.063,1.6873,56.441,4.2726,4.7795,69.993,10.449,1.5106,33.729,6.4822,33.7518,1.1174,16.1393
2019-12-16,1.0,66.6336,1.6177,1.9558,4.5491,1.4621,1.0953,7.8025,25.483,7.4731,133.241,0.83415,8.6856,7.4401,329.01,15609.97,3.8922,79.1063,136.8,121.97,1304.67,,10.7041,21.2022,4.6167,10.028,1.6859,56.421,4.2657,4.7791,69.8317,10.4213,1.5096,33.689,6.519,33.5811,1.1146,16.1305
2019-12-17,1.0,66.6723,1.6294,1.9558,4.5409,1.469,1.0946,7.809,25.445,7.4731,133.2241,0.84748,8.6953,7.4465,329.71,15615.64,3.8996,79.2035,136.6,122.31,1299.38,,10.7138,21.1278,4.6239,10.0648,1.6974,56.413,4.2595,4.7771,69.8758,10.4718,1.5132,33.737,6.5622,33.6267,1.1162,16.0926
2019-12-18,1.0,66.4127,1.6227,1.9558,4.5097,1.4624,1.0913,7.7783,25.49,7.472,132.9132,0.85055,8.6566,7.4486,330.77,15558.78,3.893,78.895,137.2,121.81,1296.56,,10.6932,21.09,4.5999,10.0353,1.692,56.271,4.2706,4.776,69.5288,10.4483,1.5075,33.606,6.5732,33.5158,1.1115,15.97
2019-12-19,1.0,66.5936,1.6188,1.9558,4.5163,1.4588,1.0899,7.7931,25.473,7.4723,132.896,0.85073,8.6687,7.4398,330.52,15551.77,3.8827,79.032,137.2,121.73,1296.6,,10.7008,21.1158,4.6047,9.9785,1.6898,56.263,4.2617,4.771,69.4593,10.478,1.5074,33.568,6.6022,33.5311,1.1117,15.918
2019-12-20,1.0,66.2963,1.6088,1.9558,4.5175,1.4579,1.0883,7.7764,25.445,7.472,132.7812,0.85133,8.6511,7.439,330.5,15510.83,3.8584,79.0035,136.4,121.31,1286.58,,10.6863,21.0259,4.5942,9.9463,1.6811,56.284,4.2593,4.7705,68.9657,10.434,1.5036,33.496,6.5774,33.4908,1.1097,15.7936
2019-12-23,1.0,66.2465,1.6008,1.9558,4.522,1.4577,1.087,7.7652,25.499,7.4719,132.6176,0.85708,8.6232,7.446,331.24,15489.5,3.8452,78.9455,135.4,121.18,1288.52,,10.6745,21.0016,4.5878,9.913,1.6732,56.471,4.2609,4.7733,69.0297,10.4473,1.5018,33.408,6.5834,33.3668,1.1075,15.7605
2019-12-24,1.0,66.4163,1.6019,1.9558,4.5246,1.4582,1.0878,7.7643,25.485,7.4712,132.6664,0.85533,8.629,7.4455,331.76,15495.4,3.8464,78.9525,135.6,121.19,1287.71,,10.6791,21.0106,4.5832,9.9118,1.6716,56.331,4.2598,4.779,68.7932,10.4553,1.5017,33.412,6.5994,33.3803,1.108,15.7264
2019-12-27,1.0,66.812,1.5996,1.9558,4.5157,1.4592,1.089,7.8025,25.509,7.4704,133.1428,0.8513,8.6845,7.4475,330.83,15573.91,3.8611,79.637,135.6,122.23,1294.42,,10.706,21.0989,4.6034,9.8578,1.6655,56.574,4.2671,4.7818,69.2013,10.4363,1.5083,33.632,6.6449,33.5817,1.1153,15.6649
2019-12-30,1.0,67.0277,1.5992,1.9558,4.5128,1.4621,1.0871,7.8175,25.463,7.4697,133.4009,0.85208,8.7133,7.4485,331.04,15565.65,3.8749,79.812,135.8,122.19,1294.35,,10.737,21.085,4.5948,9.846,1.6638,56.784,4.2567,4.7821,69.2781,10.44,1.5088,33.472,6.6567,33.6263,1.1189,15.7398
2019-12-31,1.0,67.2692,1.5995,1.9558,4.5157,1.4598,1.0854,7.8205,25.408,7.4715,133.6913,0.8508,8.7473,7.4395,330.53,15595.6,3.8845,80.187,135.8,121.94,1296.28,,10.7465,21.2202,4.5953,9.8638,1.6653,56.9,4.2568,4.783,69.9563,10.4468,1.5111,33.415,6.6843,33.6047,1.1234,15.7773
2020-01-02,1.0,66.8855,1.6006,1.9558,4.487,1.4549,1.0865,7.7946,25.411,7.4719,133.4094,0.84828,8.7203,7.4445,329.98,15540.92,3.869,79.9065,136.9,121.75,1298.24,,10.7241,21.1383,4.5764,9.8408,1.6718,56.825,4.2544,4.7828,69.1893,10.4728,1.5084,33.741,6.6699,33.6143,1.1193,15.7496
2020-01-03,1.0,66.751,1.6031,1.9558,4.5271,1.4471,1.084,7.7712,25.36,7.4731,133.0562,0.85115,8.6713,7.4463,330.53,15536.69,3.8766,80.0085,136.9,120.54,1300.32,,10.7169,21.1433,4.5725,9.8315,1.6718,56.983,4.2493,4.7784,69.119,10.4858,1.5047,33.614,6.6587,33.4934,1.1147,15.9222
2020-01-06,1.0,66.8774,1.6119,1.9558,4.5461,1.4525,1.085,7.8049,25.301,7.4732,133.4157,0.85215,8.6978,7.445,329.66,15604.44,3.8913,80.5175,137.3,121.02,1308.83,,10.7185,21.1418,4.594,9.8488,1.6788,57.247,4.2415,4.7743,69.4047,10.5308,1.511,33.744,6.69,33.6705,1.1194,15.9465
2020-01-07,1.0,66.7376,1.6251,1.9558,4.5625,1.452,1.085,7.7562,25.276,7.4731,133.4354,0.85183,8.6836,7.4478,331.28,15501.15,3.8731,80.265,137.3,121.15,1302.48,,10.709,21.0852,4.5727,9.8548,1.6833,56.832,4.2457,4.7778,69.2576,10.5423,1.5081,33.823,6.676,33.5722,1.1172,15.9724
2020-01-08,1.0,66.4282,1.6195,1.9558,4.5092,1.447,1.0792,7.7184,25.265,7.4731,132.9893,0.84868,8.6424,7.449,331.08,15441.51,3.8541,79.709,137.1,120.86,1297.37,,10.676,20.9079,4.5588,9.8508,1.6739,56.42,4.2429,4.7774,68.6389,10.5108,1.5014,33.74,6.6158,33.3922,1.1115,15.8166
2020-01-09,1.0,66.4656,1.6193,1.9558,4.5194,1.4505,1.0808,7.7011,25.253,7.4731,132.8478,0.85285,8.6317,7.446,332.51,15387.35,3.8556,79.162,137.7,121.54,1288.28,,10.6705,20.8637,4.5445,9.8665,1.6796,56.25,4.2422,4.7785,68.0757,10.533,1.5018,33.647,6.5331,33.2841,1.111,15.7839
2020-01-10,1.0,66.3464,1.6132,1.9558,4.5188,1.4498,1.0822,7.6773,25.265,7.4731,132.7094,0.8481,8.6137,7.4445,333.85,15263.99,3.8476,78.6915,136.6,121.6,1286.0,,10.6535,20.8634,4.5212,9.8745,1.6769,55.998,4.2462,4.7796,68.041,10.551,1.4969,33.534,6.5198,33.2395,1.1091,15.8081
2020-01-13,1.0,66.4617,1.6117,1.9558,4.5832,1.4514,1.0811,7.6697,25.23,7.4732,132.9724,0.8576,8.6504,7.4445,334.29,15243.73,3.8604,78.8225,137.2,122.25,1288.09,,10.6609,20.9084,4.5199,9.8955,1.6769,56.147,4.2348,4.7784,68.0893,10.5598,1.4989,33.62,6.5219,33.2835,1.1126,15.9948
2020-01-14,1.0,66.5511,1.611,1.9558,4.6056,1.4528,1.0767,7.6536,25.155,7.4731,132.9132,0.85618,8.6447,7.445,332.77,15219.55,3.8541,78.7285,137.2,122.32,1285.74,,10.6563,20.9406,4.5288,9.892,1.6803,56.242,4.2219,4.7795,68.2418,10.5248,1.4981,33.624,6.5448,33.2506,1.1115,16.0274
2020-01-15,1.0,66.8292,1.6188,1.9558,4.635,1.4565,1.0751,7.6746,25.144,7.4727,133.1079,0.85683,8.6591,7.4443,332.94,15262.3,3.8561,78.8825,136.6,122.43,1289.22,,10.6733,20.9542,4.5409,9.882,1.6905,56.521,4.2265,4.7803,68.4386,10.559,1.5011,33.693,6.558,33.3586,1.1142,16.0218
2020-01-16,1.0,66.8878,1.6115,1.9558,4.6519,1.4559,1.0739,7.6837,25.17,7.4729,133.2612,0.8547,8.6812,7.4418,333.84,15223.35,3.8575,79.221,137.0,122.8,1293.87,,10.6856,20.9901,4.5377,9.9058,1.6769,56.776,4.2324,4.779,68.8102,10.5678,1.5025,33.915,6.5363,33.3953,1.1169,16.1229
2020-01-17,1.0,66.5258,1.6122,1.9558,4.639,1.4498,1.0736,7.6186,25.147,7.4729,132.8628,0.85105,8.6292,7.4378,335.59,15184.91,3.8372,78.9567,137.4,122.31,1288.37,,10.673,20.8338,4.5041,9.889,1.6782,56.548,4.2367,4.7803,68.2495,10.545,1.496,33.746,6.5323,33.2722,1.1108,16.0582
2020-01-20,1.0,66.5155,1.6154,1.9558,4.636,1.4487,1.0737,7.6112,25.125,7.4726,132.7152,0.85275,8.6112,7.4358,336.39,15118.3,3.8326,78.784,137.6,122.14,1286.08,,10.6573,20.694,4.5022,9.8815,1.6796,56.489,4.2433,4.7794,68.2075,10.5548,1.4943,33.647,6.5604,33.1922,1.1085,16.1045
2020-01-21,1.0,66.6956,1.6177,1.9558,4.6661,1.4512,1.0743,7.6732,25.066,7.4725,132.872,0.8503,8.6362,7.4375,335.32,15197.89,3.8405,79.1345,137.8,122.31,1298.12,,10.6602,20.8194,4.5255,9.936,1.6811,56.689,4.2438,4.7785,68.73,10.5523,1.4994,33.79,6.5938,33.3684,1.1115,16.0899
2020-01-22,1.0,66.6333,1.6184,1.9558,4.6486,1.4465,1.0757,7.653,25.136,7.4729,132.6347,0.84445,8.617,7.4375,335.61,15137.71,3.8279,78.8665,137.8,121.93,1290.57,,10.6557,20.7417,4.5078,9.959,1.6782,56.499,4.2378,4.7784,68.6934,10.5528,1.4954,33.685,6.5673,33.2563,1.1088,15.975
2020-01-23,1.0,66.632,1.6149,1.9558,4.6253,1.4599,1.0734,7.6897,25.159,7.4732,132.7033,0.84498,8.6201,7.4438,337.19,15141.43,3.8336,79.0965,137.8,121.5,1295.15,,10.6606,20.7527,4.514,9.9678,1.6797,56.514,4.2439,4.7788,68.6301,10.5473,1.4971,33.883,6.5771,33.3174,1.1091,15.9503
2020-01-24,1.0,66.3204,1.6127,1.9558,4.6084,1.4491,1.0712,7.6509,25.16,7.473,132.2159,0.84313,8.577,7.4415,336.01,15002.91,3.81,78.67,137.4,120.96,1289.12,,10.6395,20.717,4.4857,9.9375,1.6684,56.092,4.2565,4.7799,68.1692,10.5363,1.491,33.723,6.5539,33.1475,1.1035,15.8585
2020-01-27,1.0,66.2933,1.6291,1.9558,4.6467,1.4539,1.0689,7.6477,25.231,7.4728,132.1732,0.84358,8.5745,7.4415,337.53,14999.51,3.8151,78.7425,137.4,120.11,1298.34,,10.6254,20.8715,4.4822,10.0363,1.6814,56.084,4.2715,4.7808,69.0442,10.5795,1.4965,33.869,6.5566,33.2378,1.1025,16.0431
2020-01-28,1.0,66.1301,1.629,1.9558,4.6196,1.4516,1.0703,7.6338,25.221,7.4728,132.1274,0.84603,8.5578,7.441,337.18,15008.07,3.8033,78.4545,137.2,120.02,1297.2,,10.6294,20.7316,4.4972,10.0758,1.6844,55.878,4.2731,4.7784,68.9032,10.5993,1.4949,33.945,6.5475,33.1325,1.1005,16.1249
2020-01-29,1.0,66.259,1.6299,1.9558,4.6089,1.4496,1.0729,7.631,25.208,7.4728,132.1975,0.8458,8.5503,7.442,337.39,14991.61,3.8053,78.417,135.9,120.06,1296.65,,10.6157,20.6109,4.4884,10.0563,1.6868,55.929,4.2837,4.777,68.9755,10.5753,1.4971,34.07,6.5559,33.1108,1.1001,16.0719
2020-01-30,1.0,66.4442,1.6412,1.9558,4.6836,1.4577,1.069,7.6504,25.25,7.4729,132.4478,0.84183,8.5678,7.4423,338.36,15094.84,3.808,79.011,135.9,120.03,1315.0,,10.6209,20.6985,4.5087,10.1738,1.6973,56.246,4.2873,4.777,69.6719,10.6398,1.503,34.405,6.597,33.4576,1.1029,16.2673
2020-01-31,1.0,66.638,1.6494,1.9558,4.7157,1.4627,1.0694,7.6664,25.21,7.4731,132.4118,0.84175,8.5843,7.444,337.05,15091.51,3.809,78.9055,136.3,120.35,1321.6,,10.6209,20.8044,4.5297,10.1893,1.7083,56.382,4.3009,4.7789,70.3375,10.6768,1.5092,34.46,6.6117,33.502,1.1052,16.49
2020-02-03,1.0,66.7064,1.6521,1.9558,4.717,1.4647,1.0672,7.7681,25.177,7.4729,132.4938,0.84775,8.5935,7.4465,337.7,15207.45,3.8135,79.0035,137.3,120.1,1319.12,,10.6313,20.8183,4.5526,10.259,1.7106,56.293,4.2968,4.7788,70.5988,10.6808,1.5138,34.349,6.6221,33.509,1.1066,16.4806
2020-02-04,1.0,66.9122,1.6439,1.9558,4.6704,1.4671,1.0702,7.7298,25.143,7.4729,132.4588,0.8488,8.5805,7.4518,336.32,15146.81,3.813,78.712,137.9,120.52,1310.75,,10.6247,20.6722,4.5424,10.1948,1.7102,56.102,4.2753,4.7763,69.8725,10.6278,1.5139,34.194,6.6073,33.3171,1.1048,16.3262
2020-02-05,1.0,66.7801,1.6299,1.9558,4.6614,1.4644,1.0717,7.6858,25.055,7.4728,132.293,0.84444,8.5572,7.4568,335.76,15036.47,3.7981,78.433,138.1,120.94,1302.97,,10.6116,20.4923,4.5382,10.1173,1.7006,55.961,4.2491,4.7734,69.032,10.545,1.5202,34.133,6.5975,33.0447,1.1023,16.2246
2020-02-06,1.0,66.6358,1.6282,1.9558,4.6553,1.461,1.0715,7.6676,24.893,7.4725,132.1634,0.84835,8.542,7.4563,336.76,15000.81,3.777,78.2845,138.1,120.87,1301.78,,10.6082,20.4852,4.5349,10.1288,1.6994,55.817,4.2451,4.7655,69.4575,10.555,1.5233,34.197,6.5886,33.0475,1.1003,16.3028
2020-02-07,1.0,66.4979,1.6417,1.9558,4.7078,1.4604,1.0705,7.6711,25.03,7.4724,131.82,0.8472,8.5168,7.455,338.15,15063.25,3.7585,78.3625,137.9,120.51,1309.78,,10.584,20.5281,4.5412,10.1673,1.7094,55.816,4.2653,4.7613,70.0203,10.5455,1.5255,34.333,6.5688,33.0785,1.0969,16.4204
2020-02-10,1.0,66.4791,1.6373,1.9558,4.721,1.458,1.07,7.6471,25.026,7.4724,131.746,0.84628,8.5039,7.455,337.37,15037.15,3.7483,78.107,137.9,120.18,1301.41,,10.5866,20.5466,4.5425,10.1188,1.7108,55.657,4.2656,4.7663,70.112,10.5728,1.5209,34.277,6.5897,32.9662,1.0951,16.4786
2020-02-11,1.0,66.4034,1.626,1.9558,4.6995,1.4495,1.0667,7.6025,24.965,7.4721,131.368,0.84325,8.4658,7.459,337.93,14919.11,3.72,77.6945,137.9,119.73,1290.63,,10.5627,20.3563,4.5059,10.0953,1.7055,55.061,4.2569,4.7693,69.3198,10.5373,1.5127,34.082,6.5775,32.7183,1.0901,16.2331
2020-02-12,1.0,66.7664,1.6175,1.9558,4.7286,1.4468,1.0645,7.6073,24.878,7.4718,131.4591,0.84058,8.4788,7.4575,339.49,14912.89,3.7325,77.8345,137.9,120.03,1288.0,,10.5672,20.3274,4.514,10.0445,1.6832,55.189,4.2554,4.7663,68.753,10.4965,1.5122,33.948,6.5923,32.7373,1.0914,16.1266
2020-02-13,1.0,66.6364,1.6138,1.9558,4.7182,1.4406,1.0633,7.589,24.835,7.4721,131.1104,0.83375,8.4398,7.4513,337.12,14892.14,3.7231,77.4495,137.7,119.21,1286.02,,10.5479,20.2411,4.5006,10.0415,1.6835,54.863,4.2513,4.7645,69.0209,10.4823,1.5096,33.839,6.5843,32.5952,1.0867,16.1313
2020-02-14,1.0,66.597,1.6151,1.9558,4.6927,1.4363,1.0641,7.5757,24.828,7.4713,131.1055,0.83208,8.4214,7.449,335.67,14870.88,3.7177,77.466,137.5,119.11,1283.75,,10.5346,20.1606,4.4886,10.0258,1.6864,54.806,4.249,4.7684,68.9116,10.5085,1.509,33.848,6.5735,32.5644,1.0842,16.1139
2020-02-17,1.0,66.5914,1.6129,1.9558,4.6739,1.4334,1.0641,7.5645,24.793,7.4701,130.8001,0.83238,8.416,7.4465,334.64,14792.48,3.7131,77.342,137.7,119.05,1282.7,,10.5349,20.1243,4.4911,10.0373,1.6864,54.787,4.262,4.7768,68.7554,10.5323,1.5047,33.778,6.5542,32.5224,1.0835,16.2095
2020-02-18,1.0,66.6482,1.6195,1.9558,4.7009,1.4345,1.0619,7.5732,24.898,7.4702,130.6627,0.82985,8.4024,7.444,334.83,14780.06,3.7028,77.39,137.7,118.7,1288.74,,10.5238,20.1596,4.4919,10.0883,1.6921,54.799,4.2746,4.7823,68.9685,10.5498,1.5058,33.773,6.5643,32.5986,1.0816,16.2792
2020-02-19,1.0,66.6517,1.6142,1.9558,4.7184,1.4281,1.0621,7.5538,24.962,7.4693,130.5666,0.83148,8.3925,7.4453,336.33,14783.04,3.6946,77.2345,138.1,119.35,1284.75,,10.5134,20.069,4.4955,10.0178,1.6883,54.616,4.2712,4.7792,68.6245,10.5743,1.5033,33.696,6.5606,32.5443,1.08,16.1425
2020-02-20,1.0,66.6229,1.6294,1.9558,4.7341,1.4304,1.0616,7.5787,25.037,7.4681,130.7968,0.8384,8.396,7.4495,338.0,14790.39,3.7009,77.2745,138.1,120.86,1301.79,,10.5049,20.1685,4.5145,10.0455,1.7046,54.725,4.2825,4.7979,68.806,10.5985,1.5111,33.924,6.5806,32.7576,1.079,16.2966
2020-02-21,1.0,66.7602,1.6363,1.9558,4.755,1.432,1.061,7.5945,25.061,7.4702,130.6111,0.8351,8.4117,7.449,337.1,14867.58,3.6985,77.754,138.3,120.96,1309.45,,10.5155,20.5183,4.5294,10.0873,1.7104,54.955,4.2835,4.804,69.548,10.569,1.5131,34.164,6.6131,32.8977,1.0801,16.2965
2020-02-24,1.0,66.8287,1.6384,1.9558,4.7474,1.4372,1.06,7.6102,25.186,7.4699,130.7409,0.83833,8.4324,7.465,337.61,15098.95,3.7208,77.8265,139.3,120.52,1319.2,,10.5207,20.7234,4.5728,10.1328,1.7095,55.248,4.2989,4.8063,70.6675,10.5833,1.5164,34.336,6.6599,32.9619,1.0818,16.3592
2020-02-25,1.0,66.9262,1.6442,1.9558,4.7569,1.4403,1.0605,7.6045,25.226,7.4701,130.8876,0.8363,8.4445,7.4567,337.41,15094.7,3.7158,77.724,139.3,119.92,1315.68,,10.5208,20.6185,4.5886,10.16,1.716,55.36,4.3012,4.8098,70.7943,10.5688,1.5166,34.39,6.6688,32.9145,1.084,16.4649
2020-02-26,1.0,67.1613,1.6565,1.9558,4.7741,1.4469,1.0606,7.6329,25.344,7.471,131.1525,0.8415,8.4742,7.4605,339.28,15221.86,3.7429,77.9195,139.3,120.13,1322.29,,10.5141,20.806,4.5952,10.2113,1.7273,55.538,4.3094,4.805,71.2368,10.5813,1.5204,34.664,6.6981,32.9926,1.0875,16.4555
2020-02-27,1.0,68.1193,1.6672,1.9558,4.8975,1.4636,1.0627,7.6813,25.283,7.4725,131.8366,0.84995,8.5456,7.4625,338.37,15387.97,3.7671,78.538,139.3,120.46,1327.83,,10.5451,21.2601,4.6164,10.2918,1.7326,55.767,4.3124,4.81,72.1052,10.5753,1.5294,34.701,6.7538,33.1475,1.0964,16.842
2020-02-28,1.0,68.2631,1.6875,1.9558,4.9232,1.4757,1.0614,7.6662,25.39,7.4723,131.8996,0.85315,8.555,7.4695,337.57,15749.25,3.8052,79.285,139.3,119.36,1324.98,,10.5661,21.637,4.6263,10.3888,1.7608,56.027,4.3259,4.813,73.6096,10.6738,1.5317,34.632,6.8348,33.1484,1.0977,17.0961
2020-03-02,1.0,69.1121,1.6998,1.9558,4.9938,1.4857,1.0655,7.7469,25.525,7.473,132.9858,0.87113,8.6525,7.4835,336.92,15909.41,3.8826,80.917,141.7,119.82,1325.85,,10.6293,21.9963,4.6751,10.4043,1.7738,56.511,4.3276,4.8106,74.56,10.6063,1.5449,34.968,6.9253,33.3416,1.1122,17.4202
2020-03-03,1.0,69.1144,1.6911,1.9558,5.0032,1.4857,1.0646,7.7572,25.475,7.473,132.9664,0.8701,8.6471,7.4853,336.68,15877.0,3.847,81.429,142.9,119.77,1327.59,,10.632,21.6599,4.6758,10.3328,1.7728,56.467,4.3166,4.8087,74.005,10.559,1.5479,35.063,6.8626,33.3032,1.1117,17.3245
2020-03-04,1.0,69.2476,1.6794,1.9558,5.0146,1.4862,1.0647,7.7014,25.34,7.4727,132.853,0.8685,8.6437,7.4848,334.96,15702.94,3.8451,81.5025,142.2,119.58,1314.96,,10.6409,21.4105,4.6491,10.3051,1.7667,56.288,4.2968,4.8073,73.218,10.5555,1.54,34.866,6.7828,33.2604,1.1125,16.9784
2020-03-05,1.0,69.6329,1.6917,1.9558,5.148,1.5021,1.0663,7.7579,25.346,7.4712,133.405,0.8667,8.6936,7.4905,335.7,15851.98,3.8814,82.153,142.2,119.63,1327.01,,10.663,22.0737,4.6532,10.371,1.7744,56.785,4.3029,4.811,74.307,10.5915,1.5495,35.295,6.8038,33.4805,1.1187,17.2746
2020-03-06,1.0,70.6817,1.7103,1.9558,5.2748,1.5213,1.0589,7.8511,25.458,7.4697,134.6722,0.87165,8.8089,7.5035,335.48,16558.49,3.9576,83.586,143.0,119.08,1351.63,,10.7363,22.9958,4.7294,10.4983,1.7858,57.542,4.3042,4.811,77.5058,10.6145,1.563,35.64,6.9209,33.9706,1.1336,17.8514
2020-03-09,1.0,71.6057,1.733,1.9558,5.4418,1.5613,1.0594,7.96,25.504,7.4695,136.3264,0.87383,8.9041,7.55,336.25,16488.05,4.0275,84.96,145.0,117.12,1374.71,,10.7679,24.3268,4.8304,10.89,1.8021,58.013,4.3132,4.8175,85.1553,10.7203,1.5841,36.081,7.0002,34.3795,1.1456,18.2898
2020-03-10,1.0,71.1323,1.7377,1.9558,5.3243,1.5579,1.0594,7.924,25.725,7.4714,135.8713,0.87385,8.8496,7.5425,336.2,16282.0,4.0147,84.11,145.3,118.65,1357.12,,10.7565,23.8739,4.8265,10.8433,1.8006,57.537,4.326,4.8178,81.5975,10.8015,1.5817,35.809,6.9884,34.1541,1.139,18.1596
2020-03-11,1.0,70.9027,1.7389,1.9558,5.2874,1.5579,1.0591,7.8801,25.77,7.4726,135.4765,0.8769,8.8071,7.5745,335.46,16269.99,4.0316,83.5215,145.7,118.55,1348.07,,10.7358,23.9025,4.8002,10.8558,1.7951,57.383,4.318,4.8213,81.3785,10.7238,1.5741,35.584,7.0236,34.0632,1.1336,18.21
2020-03-12,1.0,70.3343,1.7674,1.9558,5.5081,1.5524,1.0549,7.8877,26.203,7.4727,134.7957,0.88623,8.7466,7.6,338.37,16434.0,4.0909,83.468,148.64,116.84,1359.4,,10.7016,24.8028,4.7944,11.3682,1.8173,57.645,4.3599,4.8213,84.0284,10.8945,1.5779,35.586,7.0361,33.8707,1.124,18.4447
2020-03-13,1.0,69.5766,1.7684,1.9558,5.2042,1.5389,1.0608,7.7587,26.042,7.4732,133.8532,0.8907,8.6255,7.563,338.88,16400.61,4.0867,81.8765,150.0,119.11,1341.38,,10.6515,23.7835,4.7508,11.0966,1.812,56.453,4.357,4.8213,80.7385,10.8453,1.5684,35.244,6.985,33.3928,1.1104,17.9235
2020-03-16,1.0,70.0855,1.8198,1.9558,5.5381,1.5539,1.0546,7.8351,26.96,7.4731,134.3191,0.90918,8.6682,7.5785,344.97,16756.2,4.1795,82.8075,151.2,117.76,1373.34,,10.6705,25.4478,4.8092,11.4765,1.8499,57.625,4.407,4.8343,83.5905,10.8998,1.5868,35.937,7.1568,33.741,1.1157,18.5602
2020-03-17,1.0,69.1454,1.8287,1.9558,5.528,1.5512,1.0561,7.7095,26.985,7.4732,133.0085,0.90823,8.5274,7.5823,347.04,16681.66,4.2411,81.567,154.4,117.5,1365.21,,10.611,25.0491,4.7777,11.5063,1.842,56.563,4.4628,4.8418,82.346,10.9593,1.5691,35.461,7.1286,33.234,1.0982,18.2288
2020-03-18,1.0,68.9864,1.8568,1.9558,5.6133,1.5749,1.0546,7.6925,27.154,7.4732,132.6294,0.9219,8.4917,7.5935,351.38,16892.54,4.1654,81.1355,152.7,117.78,1377.8,,10.589,26.2014,4.7793,11.701,1.8727,56.441,4.501,4.845,87.0959,11.0223,1.576,35.448,7.0491,33.1467,1.0934,18.5624
2020-03-19,1.0,68.4022,1.8635,1.9558,5.6037,1.5623,1.0535,7.6849,27.606,7.4731,132.5661,0.92985,8.3849,7.608,356.06,17187.09,3.9802,81.14,152.2,118.63,1364.14,,10.5495,26.2955,4.7686,12.3165,1.8903,55.593,4.5604,4.8445,86.9346,11.1523,1.5643,35.076,7.0625,32.8522,1.0801,18.68
2020-03-20,1.0,68.2565,1.8226,1.9558,5.3937,1.5257,1.0546,7.5919,27.191,7.4691,132.1565,0.91028,8.3056,7.6098,350.91,17050.9,3.8683,80.465,150.7,118.37,1335.64,,10.5335,25.6864,4.7052,12.1215,1.8521,54.895,4.5315,4.8505,85.1038,11.0598,1.5515,34.851,6.9806,32.3732,1.0707,18.5127
2020-03-23,1.0,68.6829,1.8586,1.9558,5.4652,1.551,1.059,7.6385,27.635,7.4706,132.8897,0.9297,8.3631,7.606,352.33,17872.82,3.9572,82.1255,151.5,119.11,1355.1,,10.578,26.613,4.793,12.2568,1.8939,55.425,4.6056,4.8481,86.08,11.0715,1.5745,35.438,7.1016,32.6143,1.0783,19.014
2020-03-24,1.0,69.1453,1.8315,1.9558,5.5116,1.5716,1.0572,7.6549,27.808,7.4669,133.3147,0.921,8.4088,7.6118,353.07,17701.2,3.9379,82.358,151.7,119.99,1346.65,,10.631,26.9302,4.804,11.9745,1.8676,55.375,4.6146,4.8357,85.1561,11.0888,1.5692,35.533,7.011,32.7567,1.0843,19.0754
2020-03-25,1.0,69.236,1.7993,1.9558,5.4937,1.5539,1.0602,7.6844,27.446,7.4682,133.2067,0.91503,8.3941,7.6083,354.97,17447.71,3.9411,82.699,151.9,120.67,1334.82,,10.6845,26.5704,4.7493,11.7745,1.8479,55.25,4.5817,4.8446,84.8015,10.9638,1.5651,35.491,6.9672,32.7528,1.0827,18.8478
2020-03-26,1.0,70.5132,1.8162,1.9558,5.4806,1.5466,1.0634,7.7675,27.55,7.4659,135.8734,0.91348,8.5136,7.6115,354.99,17686.0,3.9585,82.5345,153.5,120.18,1336.46,,10.8218,26.0735,4.7603,11.5273,1.853,55.981,4.5748,4.8335,85.31,11.007,1.5759,35.836,7.0407,33.1873,1.0981,19.1484
2020-03-27,1.0,70.6425,1.8209,1.9558,5.5905,1.5521,1.0581,7.7894,27.299,7.4606,136.2174,0.89743,8.5095,7.614,355.65,17716.88,3.9413,82.8695,154.0,119.36,1346.31,,10.931,25.8329,4.7619,11.6558,1.8548,56.125,4.5306,4.8375,86.3819,11.0158,1.5762,35.769,7.0935,33.2241,1.0977,19.3415
2020-03-30,1.0,71.0694,1.8021,1.9558,5.6511,1.5626,1.0571,7.8337,27.315,7.4667,136.89,0.889,8.5559,7.6265,358.72,18088.04,3.9544,83.5,154.3,119.34,1351.52,,11.092,26.246,4.7806,11.6888,1.8405,56.196,4.5509,4.8278,88.1385,11.0375,1.5732,36.081,7.2475,33.4065,1.1034,19.7286
2020-03-31,1.0,70.5479,1.7967,1.9558,5.7001,1.5617,1.0585,7.7784,27.312,7.4674,136.6432,0.88643,8.4945,7.6255,360.02,17869.24,3.9018,82.8985,155.6,118.9,1341.03,,11.1094,26.1772,4.733,11.51,1.8417,55.865,4.5506,4.8283,85.9486,11.0613,1.5633,35.925,7.2063,33.196,1.0956,19.6095
2020-04-01,1.0,70.3316,1.8053,1.9558,5.7349,1.5601,1.0564,7.7653,27.369,7.4642,136.8148,0.8846,8.4781,7.6285,369.36,18239.61,3.9015,83.6004,156.1,117.55,1346.48,,11.1266,26.4097,4.7654,11.2685,1.8547,55.709,4.5815,4.834,86.475,10.9368,1.5689,36.111,7.2925,33.102,1.0936,19.6619
2020-04-02,1.0,70.3012,1.797,1.9558,5.7023,1.5451,1.0551,7.7387,27.553,7.4661,136.6522,0.87738,8.4545,7.6305,363.73,18166.12,3.9777,83.326,155.3,117.06,1339.88,,11.1548,26.4999,4.7524,11.2345,1.838,55.485,4.5697,4.832,85.8405,10.9265,1.5617,35.961,7.2665,32.9638,1.0906,20.177
2020-04-03,1.0,69.6646,1.8004,1.9558,5.6893,1.5299,1.0547,7.6476,27.539,7.4689,136.6621,0.8785,8.3625,7.63,365.15,17918.68,3.9267,82.216,155.7,117.1,1332.82,,11.1105,26.547,4.7006,11.2628,1.8423,54.805,4.5765,4.8307,82.8075,10.952,1.5489,35.601,7.2296,32.6279,1.0785,20.2642
2020-04-06,1.0,69.9467,1.779,1.9558,5.7056,1.528,1.056,7.6519,27.603,7.466,136.8299,0.878,8.3651,7.6255,365.24,17710.73,3.9144,82.106,155.5,117.54,1326.04,,11.1172,27.0896,4.7097,11.3875,1.82,54.667,4.5643,4.8335,82.481,10.9788,1.548,35.459,7.3136,32.6275,1.0791,20.3534
2020-04-07,1.0,70.6736,1.7578,1.9558,5.6678,1.5259,1.0582,7.6802,27.215,7.4675,137.7497,0.88093,8.4381,7.632,357.62,17562.95,3.9178,82.252,155.3,118.55,1319.39,,11.1598,26.4166,4.7268,11.0945,1.816,54.915,4.5356,4.8315,82.5675,10.8788,1.5501,35.665,7.3562,32.7639,1.0885,19.9838
2020-04-08,1.0,70.6528,1.7596,1.9558,5.6741,1.5233,1.0557,7.6818,27.183,7.464,137.7791,0.87948,8.4277,7.6235,359.34,17636.02,3.9054,82.873,155.8,118.36,1324.36,,11.1545,26.3367,4.7274,11.194,1.8194,54.977,4.5442,4.8365,82.1046,10.9385,1.5517,35.613,7.3798,32.7473,1.0871,19.7624
2020-04-09,1.0,70.7083,1.7444,1.9558,5.5956,1.5265,1.0558,7.6709,26.909,7.4657,137.8794,0.87565,8.4259,7.6175,354.76,17243.21,3.8919,82.9275,155.9,118.33,1322.49,,11.1525,26.0321,4.7136,11.2143,1.8128,54.939,4.5586,4.833,80.69,10.9455,1.5479,35.665,7.3233,32.6879,1.0867,19.6383
2020-04-14,1.0,71.5972,1.7139,1.9558,5.6585,1.5257,1.0543,7.7366,26.864,7.4623,139.2411,0.87253,8.4975,7.613,350.7,17229.09,3.928,83.494,155.9,117.66,1332.53,,11.1775,25.8485,4.7508,11.3118,1.8008,55.453,4.5473,4.8343,80.3923,10.9158,1.5521,35.86,7.4472,32.9629,1.0963,20.0255
2020-04-15,1.0,71.3274,1.7299,1.9558,5.7116,1.533,1.0534,7.6998,26.991,7.4637,138.9037,0.87385,8.4513,7.61,350.3,17201.21,3.9412,83.414,156.1,117.12,1330.54,,11.1332,26.0801,4.7314,11.4503,1.8223,55.311,4.5381,4.8378,81.2045,10.9323,1.5533,35.631,7.5093,32.8171,1.0903,20.4137
2020-04-16,1.0,71.3823,1.7266,1.9558,5.699,1.5359,1.0516,7.6991,27.053,7.4619,139.0833,0.87163,8.4391,7.601,349.56,17089.8,3.9082,83.705,156.5,117.12,1334.51,,11.117,26.2939,4.7655,11.4145,1.821,55.414,4.5288,4.8373,80.621,10.8895,1.5539,35.56,7.5506,32.7675,1.0888,20.2373
2020-04-17,1.0,71.3507,1.7088,1.9558,5.6798,1.528,1.0515,7.6821,27.163,7.4603,139.1492,0.86978,8.4171,7.5715,351.81,16925.99,3.8988,83.0565,156.5,116.86,1321.53,,11.0856,26.0926,4.7458,11.2845,1.8043,55.295,4.5185,4.8356,80.365,10.8548,1.5447,35.328,7.4981,32.6483,1.086,20.3626
2020-04-20,1.0,71.4642,1.7085,1.9558,5.7463,1.5325,1.0518,7.6819,27.328,7.4584,139.1383,0.87343,8.4168,7.5503,354.57,16871.01,3.8783,83.1435,156.9,117.11,1323.52,,10.8665,26.1086,4.7507,11.2698,1.7962,55.126,4.5272,4.8377,80.9728,10.8623,1.5455,35.284,7.522,32.6126,1.086,20.3486
2020-04-21,1.0,71.437,1.7266,1.9558,5.7619,1.5393,1.0517,7.6888,27.447,7.4582,139.2191,0.8812,8.3987,7.57,355.02,17001.63,3.8522,83.376,157.8,116.39,1335.34,,10.8579,26.3957,4.7634,11.4843,1.8181,55.096,4.5291,4.8373,83.2936,10.9543,1.551,35.269,7.5658,32.6226,1.0837,20.5853
2020-04-22,1.0,71.8195,1.7199,1.9558,5.7866,1.5375,1.0523,7.6964,27.534,7.4589,139.4127,0.8792,8.422,7.57,355.11,16935.13,3.85,83.1685,158.6,117.01,1339.66,,10.868,26.3895,4.7437,11.6775,1.82,55.096,4.5349,4.8391,83.1961,10.9423,1.5508,35.176,7.6008,32.7075,1.0867,20.4413
2020-04-23,1.0,71.2735,1.6918,1.9558,5.8666,1.5226,1.0511,7.6259,27.551,7.4577,138.6518,0.872,8.3489,7.575,357.51,16772.0,3.8207,81.94,158.6,115.75,1326.8,,10.7685,26.3418,4.6966,11.5165,1.7947,54.571,4.5379,4.8425,80.6062,10.8883,1.5331,34.815,7.4788,32.4059,1.0772,20.5432
2020-04-24,1.0,71.5694,1.6943,1.9558,6.0128,1.5173,1.0525,7.6455,27.31,7.4577,138.861,0.87498,8.3706,7.5523,355.19,16875.0,3.7985,82.366,158.6,116.22,1332.59,,10.7801,26.8331,4.7093,11.4785,1.7991,54.891,4.5284,4.8419,80.3991,10.8723,1.5396,35.03,7.5365,32.4914,1.08,20.5019
2020-04-27,1.0,72.0264,1.6795,1.9558,6.0328,1.5255,1.0557,7.686,27.184,7.4591,139.2474,0.87263,8.4104,7.5525,354.57,16695.8,3.8109,82.6195,158.8,116.22,1328.82,,10.7975,27.0245,4.725,11.4513,1.7893,54.987,4.5287,4.837,80.4926,10.8748,1.5391,35.236,7.5775,32.6003,1.0852,20.4109
2020-04-28,1.0,72.2913,1.6734,1.9558,6.1004,1.5179,1.0586,7.6977,27.227,7.457,139.3996,0.87078,8.4301,7.56,355.94,16714.69,3.808,82.522,159.5,116.06,1325.8,,10.7826,26.5269,4.7451,11.2783,1.7956,55.032,4.5468,4.8445,80.6862,10.748,1.5407,35.28,7.6115,32.6114,1.0877,20.2913
2020-04-29,1.0,72.186,1.6655,1.9558,5.9318,1.5129,1.0571,7.6723,27.125,7.4571,139.13,0.87378,8.4029,7.564,355.55,16611.03,3.8058,82.0215,159.5,115.52,1321.59,,10.7654,26.1528,4.7136,11.2728,1.7831,54.763,4.5442,4.8435,79.821,10.7338,1.5344,35.15,7.5767,32.4206,1.0842,19.9836
2020-04-30,1.0,72.5212,1.6598,1.9558,5.8565,1.5077,1.0558,7.6665,27.097,7.4584,139.3923,0.86905,8.43,7.579,352.72,16178.05,3.8069,81.6108,159.3,115.87,1313.09,,10.766,25.7953,4.6767,11.184,1.7705,54.772,4.5336,4.8431,79.892,10.6639,1.5324,35.216,7.5979,32.3496,1.0876,19.6572
2020-05-04,1.0,73.0619,1.7022,1.9558,6.0781,1.539,1.0548,7.7275,27.119,7.4622,140.8484,0.87898,8.4838,7.582,353.27,16522.42,3.8581,82.787,159.5,116.84,1340.0,,10.7935,26.8862,4.7226,11.328,1.8083,55.379,4.5668,4.8368,82.3404,10.8113,1.5495,35.397,7.6932,32.6105,1.0942,20.3924
2020-05-05,1.0,72.5668,1.6825,1.9558,5.9576,1.5201,1.0525,7.6575,26.978,7.4612,139.4627,0.8706,8.4057,7.5735,350.27,16372.93,3.8193,82.1435,159.3,115.71,1324.81,,10.7425,25.885,4.6674,11.173,1.791,54.863,4.5316,4.826,80.4713,10.698,1.5359,35.126,7.6866,32.3621,1.0843,19.9018
2020-05-06,1.0,72.3475,1.7046,1.9558,6.0896,1.5225,1.053,7.6707,26.987,7.4618,139.4273,0.87253,8.3763,7.569,349.59,16259.13,3.7914,81.9815,159.3,114.65,1323.48,,10.7081,26.0485,4.6713,11.09,1.7839,54.62,4.5394,4.8233,80.7789,10.6278,1.5335,35.004,7.7178,32.3843,1.0807,20.0603
2020-05-07,1.0,72.2995,1.6704,1.9558,6.2271,1.5177,1.053,7.6427,27.158,7.4605,138.9875,0.87478,8.358,7.5665,349.36,16223.02,3.7881,81.7685,159.1,114.91,1320.18,,10.6668,26.0677,4.6631,11.0405,1.782,54.497,4.5467,4.8235,79.5801,10.62,1.5303,34.969,7.7792,32.3066,1.0783,20.0698
2020-05-08,1.0,72.6861,1.6613,1.9558,6.3074,1.5118,1.0529,7.6719,27.251,7.4598,139.4572,0.87535,8.4052,7.5573,349.38,16229.26,3.8031,81.9615,158.5,115.34,1322.41,,10.6623,25.9023,4.6994,11.0695,1.7668,54.681,4.5482,4.828,79.8383,10.5875,1.5326,34.958,7.7252,32.4033,1.0843,19.997
2020-05-11,1.0,72.7616,1.6709,1.9558,6.2691,1.5136,1.0519,7.6783,27.6,7.4595,139.3265,0.87875,8.3893,7.565,349.84,16202.32,3.8072,82.096,158.7,116.16,1325.57,,10.6576,25.9201,4.6911,11.046,1.7808,54.527,4.5591,4.8303,79.6981,10.5998,1.5335,34.837,7.6596,32.4074,1.0824,19.96
2020-05-12,1.0,73.0885,1.6625,1.9558,6.2708,1.5178,1.052,7.6933,27.423,7.4577,139.6355,0.87773,8.4154,7.5653,350.75,16073.64,3.807,81.593,158.7,116.56,1326.17,,10.6725,25.8251,4.6977,11.0518,1.7742,54.388,4.5449,4.8301,79.4157,10.5968,1.5357,34.854,7.5979,32.4405,1.0858,19.7382
2020-05-13,1.0,73.2986,1.6687,1.9558,6.3606,1.5243,1.0528,7.7102,27.408,7.4556,139.7492,0.88245,8.4286,7.5705,353.58,16092.26,3.819,81.8825,158.3,116.28,1331.08,,10.6836,26.2304,4.704,10.938,1.7983,54.545,4.5636,4.8353,79.5893,10.5843,1.538,34.844,7.5861,32.5105,1.0875,19.919
2020-05-14,1.0,72.8293,1.6805,1.9558,6.3925,1.5224,1.0512,7.6655,27.571,7.4573,139.1116,0.88495,8.3647,7.573,354.66,16134.8,3.8209,81.592,158.3,115.48,1329.17,,10.649,26.247,4.6843,11.0598,1.8068,54.591,4.5666,4.8375,80.0145,10.6418,1.5374,34.675,7.5159,32.3033,1.0792,20.1637
2020-05-15,1.0,72.975,1.6805,1.9558,6.3172,1.5231,1.0513,7.6759,27.589,7.4576,139.1166,0.88738,8.3693,7.5693,354.7,16127.82,3.8178,81.9885,157.5,115.53,1332.6,,10.674,25.8966,4.6982,11.0568,1.8145,54.778,4.565,4.84,79.6208,10.6695,1.5397,34.656,7.4689,32.3681,1.0798,20.0761
2020-05-18,1.0,73.3018,1.6736,1.9558,6.2701,1.5202,1.0521,7.7068,27.61,7.4548,139.3808,0.89153,8.3964,7.558,353.39,16077.45,3.8321,82.1435,157.1,116.31,1332.42,,10.7069,25.6337,4.732,10.9663,1.8096,55.102,4.5596,4.8388,78.908,10.6103,1.5426,34.684,7.4276,32.4934,1.0832,19.8913
2020-05-19,1.0,74.252,1.6751,1.9558,6.2357,1.5251,1.0633,7.7816,27.49,7.4562,140.6418,0.89535,8.487,7.5713,350.35,16177.5,3.8601,82.8535,156.5,118.0,1341.19,,10.7577,25.8567,4.7583,10.9153,1.8004,55.567,4.551,4.8428,79.3839,10.5685,1.5513,34.947,7.4448,32.8161,1.095,19.9649
2020-05-20,1.0,74.4158,1.6653,1.9558,6.2656,1.5211,1.0584,7.7806,27.43,7.4565,140.6788,0.89358,8.4926,7.577,350.61,16127.44,3.8397,82.8635,156.5,117.95,1345.71,,10.7536,25.6425,4.7684,10.8765,1.7859,55.447,4.5441,4.842,78.6001,10.5568,1.5503,34.868,7.4419,32.8343,1.0958,19.7503
2020-05-21,1.0,74.728,1.671,1.9558,6.2532,1.531,1.0628,7.8153,27.212,7.4563,141.108,0.89943,8.5298,7.5805,348.59,16205.75,3.8659,83.0545,156.3,118.42,1354.6,,10.7893,25.5043,4.7801,10.903,1.7949,55.649,4.5298,4.8423,77.9883,10.53,1.5561,34.991,7.4781,32.919,1.1,19.6577
2020-05-22,1.0,74.1963,1.6694,1.9558,6.0857,1.5273,1.0591,7.7797,27.21,7.4578,140.4163,0.89563,8.4571,7.5845,349.4,16249.14,3.8459,82.7265,156.3,117.26,1353.51,,10.774,25.045,4.7569,10.9078,1.787,55.349,4.5209,4.8435,77.9139,10.5373,1.5521,34.778,7.4227,32.743,1.0904,19.2476
2020-05-25,1.0,74.3789,1.6678,1.9558,6.0243,1.5261,1.0597,7.7856,27.275,7.4568,140.6097,0.89515,8.4599,7.5845,350.72,16048.61,3.843,82.7925,155.3,117.47,1354.63,,10.7554,24.7353,4.7606,10.9358,1.789,55.382,4.5031,4.842,78.2874,10.549,1.5545,34.89,7.4352,32.8129,1.091,19.2807
2020-05-26,1.0,74.7688,1.6539,1.9558,5.9114,1.5184,1.06,7.8269,27.073,7.4558,140.9656,0.88878,8.5078,7.584,349.6,16193.61,3.8543,82.927,154.1,117.92,1352.23,,10.8293,24.3102,4.7889,10.8943,1.7717,55.358,4.4506,4.844,77.7494,10.5563,1.556,34.988,7.4014,32.894,1.0975,19.065
2020-05-27,1.0,74.9669,1.6565,1.9558,5.8679,1.5126,1.0675,7.8682,27.051,7.4583,141.0596,0.89595,8.5204,7.5893,348.7,16167.76,3.8511,83.245,151.2,118.58,1359.04,,10.8341,24.5396,4.7783,10.8283,1.7719,55.668,4.4372,4.8433,78.1096,10.5608,1.5588,35.056,7.4542,32.9979,1.0991,19.1477
2020-05-28,1.0,75.2327,1.6624,1.9558,5.8495,1.5155,1.0683,7.8804,27.017,7.4544,141.4427,0.89728,8.5407,7.59,349.74,16210.04,3.865,83.4635,150.8,118.68,1363.76,,10.8439,24.558,4.798,10.8553,1.7776,55.792,4.4242,4.8435,77.9343,10.548,1.5621,35.108,7.5072,33.0465,1.1016,19.1981
2020-05-29,1.0,76.1675,1.6681,1.9558,5.9654,1.528,1.072,7.9456,26.921,7.4542,142.9473,0.90088,8.6347,7.587,348.73,16269.7,3.9065,84.1025,150.8,119.29,1376.21,,10.8887,24.57,4.8414,10.788,1.7863,56.231,4.4495,4.8493,78.4416,10.487,1.5712,35.424,7.6101,33.3951,1.1136,19.4239
2020-06-01,1.0,76.1207,1.6488,1.9558,5.9276,1.5228,1.0686,7.9327,26.859,7.4549,142.7645,0.89673,8.6165,7.5895,345.45,16240.48,3.8947,83.938,151.0,119.75,1364.44,,10.8716,24.452,4.8004,10.789,1.7824,55.947,4.4278,4.8437,77.4378,10.4635,1.5669,35.204,7.5743,33.2973,1.1116,19.3993
2020-06-02,1.0,76.6201,1.631,1.9558,5.9499,1.5106,1.0741,7.9413,26.645,7.4541,143.3904,0.89083,8.6609,7.5848,345.67,16107.32,3.8864,84.039,151.0,120.83,1364.42,,10.857,24.4448,4.7797,10.6798,1.768,56.071,4.3993,4.8423,76.8001,10.452,1.5668,35.271,7.5698,33.4349,1.1174,19.2755
2020-06-03,1.0,76.8642,1.628,1.9558,5.7993,1.5173,1.0793,7.9599,26.66,7.4547,143.8882,0.89065,8.6757,7.572,345.89,15885.35,3.8769,84.5055,151.0,121.54,1364.09,,10.8855,24.2772,4.7703,10.6777,1.7532,55.923,4.4135,4.8393,77.0055,10.4588,1.5656,35.339,7.5703,33.5067,1.1194,19.0844
2020-06-04,1.0,77.3657,1.6276,1.9558,5.6989,1.5203,1.0786,8.0066,26.623,7.4557,144.6313,0.89685,8.7189,7.5725,344.9,15856.88,3.9068,84.932,148.5,122.48,1368.73,,10.9067,24.4761,4.8077,10.6048,1.751,56.109,4.4372,4.8373,77.8132,10.4172,1.5758,35.539,7.5868,33.6668,1.125,19.0059
2020-06-05,1.0,77.9963,1.6227,1.9558,5.7329,1.5237,1.0866,8.0349,26.589,7.4564,145.4027,0.89448,8.7809,7.5715,344.62,15882.4,3.9172,85.63,148.9,123.77,1365.57,,10.9445,24.6466,4.8345,10.5403,1.7392,56.457,4.4425,4.8382,77.8155,10.425,1.5775,35.65,7.6747,33.7057,1.133,19.0823
2020-06-08,1.0,77.8496,1.6156,1.9558,5.5702,1.5126,1.0861,7.9836,26.585,7.4555,145.1035,0.89173,8.746,7.565,344.16,15815.42,3.8911,85.241,149.5,123.41,1353.2,,10.9233,24.322,4.8159,10.4603,1.7291,56.301,4.4333,4.8359,77.0563,10.3978,1.57,35.474,7.6574,33.5495,1.1285,18.9799
2020-06-09,1.0,77.9416,1.6267,1.9558,5.4944,1.5187,1.077,8.0025,26.634,7.4568,145.2726,0.8912,8.753,7.5719,345.0,15917.2,3.8974,85.3085,149.7,122.14,1353.3,,10.928,24.5766,4.8287,10.5418,1.7375,56.521,4.4464,4.8365,77.7388,10.4188,1.5708,35.418,7.6859,33.5707,1.1294,18.8935
2020-06-10,1.0,78.6013,1.622,1.9558,5.5213,1.5228,1.0762,8.0305,26.609,7.4553,145.6034,0.88963,8.8157,7.569,343.13,16022.03,3.9045,85.903,150.7,122.16,1352.17,,10.9466,24.8255,4.8361,10.5383,1.7357,56.767,4.4524,4.8349,78.1468,10.4605,1.5746,35.422,7.7145,33.6097,1.1375,18.8376
2020-06-11,1.0,78.5265,1.6421,1.9558,5.6471,1.5321,1.0697,8.025,26.679,7.4549,145.6221,0.89665,8.795,7.5675,344.85,15904.22,3.9183,86.057,151.7,121.52,1359.18,,10.925,25.4183,4.8223,10.72,1.753,56.889,4.4729,4.8345,78.4949,10.5018,1.5758,35.122,7.7391,33.6401,1.1348,19.1372
2020-06-12,1.0,78.3537,1.6447,1.9558,5.7388,1.5347,1.0697,7.999,26.698,7.4551,145.3011,0.89653,8.7607,7.566,346.0,16058.24,3.9189,85.7875,152.1,121.26,1360.45,,10.9059,25.445,4.824,10.8475,1.7553,56.763,4.4484,4.8343,78.7662,10.5103,1.5718,34.986,7.7224,33.4993,1.1304,19.2794
2020-06-15,1.0,78.0109,1.6476,1.9558,5.8049,1.5342,1.0679,7.984,26.683,7.4559,144.9409,0.89648,8.7211,7.557,347.06,16039.58,3.9348,85.5275,151.7,120.83,1366.08,,10.8869,25.4098,4.814,10.8894,1.7471,56.653,4.4352,4.8335,78.8516,10.5393,1.5692,35.008,7.6967,33.4031,1.1253,19.322
2020-06-16,1.0,78.3876,1.6324,1.9558,5.7647,1.532,1.0717,8.0041,26.564,7.4561,145.331,0.8937,8.7634,7.5475,345.5,15978.26,3.9244,86.048,152.81,121.39,1369.11,,10.901,24.9681,4.8342,10.7389,1.7474,56.664,4.4272,4.8359,78.439,10.5136,1.5713,35.18,7.7442,33.5268,1.1308,19.2518
2020-06-17,1.0,78.1427,1.6292,1.9558,5.8521,1.5204,1.0669,7.9602,26.561,7.456,144.7485,0.89448,8.7049,7.546,344.5,15948.04,3.8747,85.5505,152.4,120.65,1362.21,,10.8691,24.9416,4.8095,10.705,1.7395,56.273,4.4467,4.8355,78.1853,10.5123,1.565,35.055,7.7012,33.2678,1.1232,19.2289
2020-06-18,1.0,78.1191,1.6356,1.9558,5.9738,1.5218,1.0667,7.9545,26.689,7.4556,144.9377,0.90028,8.6972,7.5463,345.94,15806.19,3.8811,85.673,153.5,120.0,1359.26,,10.8658,25.2628,4.8008,10.7083,1.742,56.302,4.4647,4.8393,78.2063,10.5525,1.5642,34.928,7.6968,33.2508,1.1222,19.5334
2020-06-19,1.0,78.113,1.6261,1.9558,6.0029,1.5209,1.0656,7.9332,26.683,7.4554,144.7547,0.90505,8.6889,7.5665,345.44,15927.67,3.862,85.352,154.6,119.77,1353.53,,10.8369,25.3126,4.7854,10.7135,1.7403,56.133,4.4516,4.8428,77.6565,10.567,1.5623,34.765,7.6887,33.1211,1.121,19.444
2020-06-22,1.0,78.2219,1.6292,1.9558,5.9248,1.521,1.0654,7.9348,26.681,7.4543,144.8604,0.90328,8.6902,7.5926,346.6,15988.62,3.8672,85.2585,155.1,119.89,1361.3,,10.8388,25.2313,4.7997,10.7985,1.735,56.2,4.4493,4.8422,77.8799,10.5525,1.5639,34.76,7.6829,33.2043,1.1213,19.5077
2020-06-23,1.0,79.1264,1.6272,1.9558,5.9006,1.5269,1.0705,7.9944,26.612,7.4537,145.6822,0.9063,8.7716,7.577,350.43,16026.29,3.8808,85.438,156.8,121.05,1366.51,,10.8799,25.2497,4.839,10.7345,1.7391,56.685,4.4371,4.8438,77.7474,10.5175,1.5743,34.995,7.7622,33.4164,1.1318,19.4719
2020-06-24,1.0,78.9995,1.6342,1.9558,5.8422,1.5331,1.0679,7.9772,26.733,7.453,145.3492,0.90343,8.7421,7.5745,351.58,15982.07,3.8691,85.3285,157.1,120.3,1356.39,,10.8778,25.4773,4.8194,10.7958,1.7552,56.453,4.448,4.8433,78.0079,10.5145,1.5668,34.788,7.7322,33.2523,1.128,19.5264
2020-06-25,1.0,78.4442,1.6321,1.9558,6.0012,1.5282,1.0637,7.9206,26.796,7.4534,144.7384,0.90133,8.6805,7.567,354.35,15988.0,3.8545,84.712,155.6,120.25,1347.73,,10.8684,25.6315,4.7914,10.8748,1.7465,56.075,4.4653,4.842,77.7516,10.4865,1.56,34.647,7.6776,33.0747,1.12,19.4883
2020-06-26,1.0,78.5942,1.6313,1.9558,6.0595,1.5318,1.0631,7.9298,26.808,7.4523,144.7245,0.90575,8.6904,7.5575,355.15,15944.89,3.847,84.8215,155.0,119.93,1346.19,,10.895,25.5836,4.8115,10.885,1.7428,56.053,4.4684,4.8426,77.88,10.4773,1.5608,34.674,7.6865,33.0859,1.1213,19.3799
2020-06-29,1.0,79.1759,1.6406,1.9558,6.1105,1.5409,1.0669,7.9841,26.848,7.4531,145.4479,0.9154,8.7456,7.569,356.3,16213.08,3.8745,85.192,155.4,121.07,1352.81,,10.9265,25.923,4.8352,10.9013,1.7533,56.258,4.4664,4.844,78.9169,10.478,1.5708,34.845,7.7351,33.2585,1.1284,19.4262
2020-06-30,1.0,78.7852,1.6344,1.9558,6.1118,1.5324,1.0651,7.9219,26.74,7.4526,144.7892,0.91243,8.6788,7.5708,356.58,16184.41,3.8821,84.6235,155.4,120.66,1345.83,,10.8803,25.947,4.7989,10.912,1.748,55.834,4.456,4.8397,79.63,10.4948,1.5648,34.624,7.6761,32.9733,1.1198,19.4425
2020-07-01,1.0,78.9152,1.6268,1.9558,6.096,1.5217,1.062,7.9151,26.67,7.4528,144.7712,0.9043,8.6808,7.5645,354.5,15976.8,3.8704,84.622,155.6,120.31,1347.84,,10.8915,25.7005,4.8009,10.7736,1.7362,55.791,4.4583,4.8366,79.6793,10.4965,1.563,34.709,7.6777,33.0143,1.12,19.2935
2020-07-02,1.0,79.5832,1.6296,1.9558,5.9823,1.5343,1.0648,7.9759,26.632,7.4506,145.454,0.90225,8.7469,7.5605,351.59,16227.58,3.8903,84.354,156.2,121.24,1353.9,,10.923,25.536,4.8366,10.6873,1.7297,56.078,4.474,4.8355,79.4434,10.4635,1.5726,35.054,7.7368,33.2441,1.1286,19.0952
2020-07-03,1.0,79.219,1.6175,1.9558,6.0117,1.5233,1.0623,7.931,26.665,7.4516,144.9299,0.9012,8.6987,7.557,352.55,16286.02,3.8567,83.821,156.3,120.68,1346.54,,10.8908,25.3049,4.8123,10.6775,1.7204,55.536,4.4687,4.837,80.2153,10.4715,1.5654,34.918,7.6957,33.0704,1.1224,19.1761
2020-07-06,1.0,79.9307,1.623,1.9558,5.9745,1.5333,1.0642,7.9498,26.705,7.4516,145.7471,0.90505,8.7769,7.561,352.83,16328.0,3.8992,84.4535,157.2,121.78,1350.51,,10.9125,25.1207,4.8441,10.6218,1.7293,55.871,4.4689,4.8375,81.3769,10.4848,1.5753,35.158,7.7743,33.3121,1.1325,19.2761
2020-07-07,1.0,79.8768,1.6261,1.9558,6.0701,1.5317,1.0643,7.9287,26.681,7.4522,145.5055,0.9015,8.7499,7.549,353.62,16302.76,3.895,84.4645,157.0,121.61,1349.06,,10.8957,25.4764,4.8259,10.6428,1.726,55.892,4.4683,4.8393,80.8888,10.4555,1.5751,35.262,7.7508,33.2698,1.129,19.2908
2020-07-08,1.0,79.9726,1.6242,1.9558,6.0439,1.5338,1.0624,7.9163,26.748,7.4493,145.4314,0.89923,8.7468,7.5385,355.49,16268.0,3.8949,84.6455,157.4,121.39,1348.86,,10.8895,25.6433,4.8219,10.6885,1.7237,55.898,4.4765,4.8408,80.4584,10.431,1.5745,35.252,7.7478,33.2444,1.1286,19.1628
2020-07-09,1.0,80.4136,1.6239,1.9558,6.052,1.5314,1.0634,7.923,26.622,7.4503,145.8751,0.89655,8.7901,7.5365,354.25,16326.81,3.9005,85.0455,158.7,121.67,1354.35,,10.9096,25.6985,4.8345,10.6173,1.7223,56.062,4.4655,4.8408,80.0425,10.397,1.5774,35.381,7.7845,33.3591,1.1342,19.0691
2020-07-10,1.0,79.922,1.6247,1.9558,6.0691,1.5336,1.0625,7.8952,26.691,7.4483,145.3307,0.8957,8.7396,7.5345,353.7,16276.91,3.9006,84.841,159.0,120.48,1354.7,,10.8683,25.6953,4.8109,10.7163,1.7189,55.794,4.4743,4.8428,80.2104,10.398,1.5703,35.316,7.7417,33.2526,1.1276,19.0889
2020-07-13,1.0,80.2886,1.6248,1.9558,6.0494,1.5366,1.0685,7.9309,26.648,7.4448,145.7702,0.89938,8.7809,7.534,353.83,16342.08,3.9026,85.216,159.4,121.4,1361.37,,10.9046,25.4857,4.8306,10.665,1.7226,55.998,4.4758,4.8443,80.147,10.3833,1.5743,35.562,7.7824,33.367,1.1329,18.9726
2020-07-14,1.0,80.9616,1.6348,1.9558,6.0925,1.5488,1.0691,7.9805,26.638,7.4447,146.2143,0.90778,8.8171,7.5295,355.48,16436.88,3.9092,85.7725,159.4,122.17,1371.98,,10.9194,25.7383,4.8588,10.711,1.7417,56.305,4.4781,4.8435,80.837,10.3855,1.5846,35.922,7.8111,33.5521,1.1375,19.0732
2020-07-15,1.0,81.515,1.6293,1.9558,6.0911,1.5527,1.0783,7.9975,26.587,7.4465,146.7235,0.9054,8.8718,7.5308,353.25,16693.94,3.9244,85.971,160.7,122.25,1373.55,,10.935,25.4759,4.878,10.6275,1.7397,56.584,4.4688,4.8439,81.0468,10.3468,1.5884,36.037,7.8568,33.7438,1.1444,18.9061
2020-07-16,1.0,81.3704,1.6338,1.9558,6.1154,1.5452,1.0787,7.9861,26.693,7.4452,146.5329,0.90875,8.851,7.5356,354.08,16692.98,3.9207,85.8555,160.0,122.24,1373.74,,10.945,25.5051,4.8755,10.6148,1.7439,56.499,4.4928,4.8433,81.1888,10.35,1.5888,36.148,7.832,33.6356,1.1414,19.0181
2020-07-17,1.0,81.5474,1.636,1.9558,6.0839,1.551,1.0753,7.9975,26.682,7.4453,146.6555,0.91078,8.8617,7.538,353.72,16793.45,3.9253,85.67,160.2,122.53,1376.55,,10.9301,25.6132,4.8723,10.5995,1.7463,56.511,4.4827,4.8422,81.8409,10.333,1.5887,36.238,7.8413,33.7009,1.1428,19.0496
2020-07-20,1.0,81.7748,1.6359,1.9558,6.148,1.5532,1.0736,7.9992,26.598,7.448,146.7863,0.90575,8.8744,7.534,352.56,16925.87,3.9279,85.6355,160.2,122.63,1377.07,,10.9541,25.8217,4.8797,10.606,1.7435,56.5,4.4592,4.8418,81.875,10.301,1.5909,36.376,7.8508,33.759,1.1448,19.1409
2020-07-21,1.0,81.9204,1.6154,1.9558,6.0416,1.5399,1.074,7.9982,26.429,7.4449,146.6557,0.90055,8.8704,7.53,350.64,16830.0,3.9202,85.3805,159.3,122.7,1367.96,,10.9184,25.591,4.8764,10.4933,1.7305,56.455,4.4362,4.8392,81.0833,10.239,1.5891,36.194,7.8369,33.671,1.1443,18.8806
2020-07-22,1.0,83.0316,1.6139,1.9558,5.992,1.554,1.0785,8.0999,26.365,7.4442,147.8974,0.91123,8.9741,7.522,349.27,16867.99,3.9621,86.288,157.8,123.94,1384.38,,10.9405,25.8715,4.9235,10.5343,1.7328,57.11,4.4288,4.8413,81.9588,10.2415,1.6015,36.546,7.9299,34.0493,1.1578,18.952
2020-07-23,1.0,82.9769,1.6246,1.9558,5.9524,1.5486,1.0731,8.1057,26.342,7.4429,147.6638,0.91195,8.9676,7.5215,347.31,16948.0,3.956,86.577,157.8,123.98,1389.31,,10.937,25.9685,4.9267,10.6073,1.7384,57.202,4.4141,4.8355,82.5723,10.264,1.6033,36.685,7.9229,34.0612,1.1569,19.2203
2020-07-24,1.0,83.3327,1.6376,1.9558,6.0777,1.5578,1.073,8.1453,26.268,7.4438,147.9834,0.90985,8.9978,7.517,346.98,16982.0,3.9642,86.866,157.8,123.36,1396.83,,10.942,26.0804,4.9502,10.6953,1.7506,57.316,4.4046,4.8325,83.3938,10.269,1.6083,36.821,7.9496,34.2297,1.1608,19.435
2020-07-27,1.0,84.4838,1.6472,1.9558,6.0919,1.5729,1.0838,8.2344,26.193,7.4436,150.5615,0.9134,9.1154,7.5163,345.91,17075.52,4.0143,87.885,158.4,123.88,1407.15,,10.9904,26.0083,5.0009,10.6683,1.7605,57.817,4.4016,4.8303,84.0682,10.2678,1.6216,37.05,8.0552,34.5021,1.176,19.338
2020-07-28,1.0,84.3817,1.6412,1.9558,6.065,1.5693,1.0758,8.2041,26.251,7.4429,149.7648,0.90968,9.081,7.507,346.98,17030.66,4.0021,87.714,158.6,123.34,1406.13,,10.9859,25.8438,4.9827,10.694,1.763,57.664,4.4054,4.8355,84.8413,10.282,1.6168,36.92,8.1283,34.3344,1.1717,19.4315
2020-07-29,1.0,84.4962,1.6348,1.9558,6.0149,1.5665,1.0766,8.2067,26.291,7.4427,149.8572,0.90385,9.0869,7.494,347.67,17042.29,3.9985,87.694,159.0,123.28,1400.22,,10.98,25.631,4.9755,10.6573,1.764,57.538,4.4194,4.8345,84.9125,10.287,1.6142,36.899,8.1748,34.3461,1.1725,19.3269
2020-07-30,1.0,84.7181,1.6446,1.9558,6.1189,1.5771,1.0744,8.224,26.248,7.4426,150.3515,0.90268,9.1011,7.488,345.6,17144.78,3.9947,87.94,159.2,123.58,1404.16,,10.9629,26.0101,4.9784,10.7213,1.7727,57.682,4.408,4.8318,86.6233,10.3068,1.6161,36.92,8.1978,34.434,1.1743,19.707
2020-07-31,1.0,85.5473,1.6488,1.9558,6.1219,1.5898,1.0769,8.2637,26.175,7.4442,152.0596,0.90053,9.1825,7.4815,344.95,17364.0,4.0312,88.6355,160.0,124.31,1409.56,,11.0025,26.278,5.023,10.7323,1.7771,58.124,4.4034,4.8315,87.69,10.2835,1.6245,36.948,8.2595,34.7514,1.1848,20.096
2020-08-03,1.0,84.7966,1.6508,1.9558,6.1375,1.5755,1.0784,8.19,26.319,7.4466,151.0074,0.90013,9.0882,7.4755,345.72,17254.0,4.0056,88.1805,160.0,124.51,1401.26,,10.9578,26.269,4.9501,10.7188,1.7701,57.579,4.4201,4.8355,86.6018,10.2958,1.6147,36.644,8.1864,34.4528,1.1726,20.2777
2020-08-04,1.0,85.2374,1.6495,1.9558,6.2743,1.5773,1.0761,8.2157,26.221,7.4462,151.3097,0.90335,9.1179,7.4683,344.73,17276.9,4.0292,88.3805,160.0,124.78,1406.49,,10.9792,26.7401,4.9654,10.7568,1.7807,57.774,4.4055,4.8358,86.7275,10.3025,1.6195,36.608,8.199,34.6021,1.1765,20.4879
2020-08-05,1.0,85.9593,1.6415,1.9558,6.2311,1.5703,1.077,8.2277,26.097,7.4508,152.0038,0.90265,9.1871,7.4683,344.5,17247.57,4.0397,88.709,160.2,125.37,1405.74,,10.992,26.7125,4.9698,10.6585,1.7809,58.12,4.3935,4.8345,86.3692,10.2865,1.6228,36.759,8.3311,34.7986,1.1854,20.4221
2020-08-06,1.0,85.9488,1.6492,1.9558,6.334,1.5748,1.0759,8.2325,26.202,7.45,151.8924,0.90033,9.1786,7.468,346.23,17304.0,4.0309,88.765,160.2,124.96,1404.99,,10.942,26.615,4.9604,10.6538,1.7828,58.136,4.4073,4.836,86.9321,10.3165,1.6236,36.832,8.5853,34.7909,1.1843,20.7655
2020-08-07,1.0,85.847,1.6403,1.9558,6.3274,1.577,1.0804,8.2238,26.279,7.4483,151.7941,0.90373,9.1585,7.4595,345.93,17335.54,4.0256,88.633,160.6,124.91,1401.9,,10.9438,26.5127,4.9484,10.6433,1.7786,57.958,4.4081,4.8374,86.9753,10.3163,1.6203,36.816,8.5019,34.7482,1.1817,20.7086
2020-08-10,1.0,85.5229,1.6445,1.9558,6.3697,1.5739,1.079,8.2003,26.183,7.4479,151.2957,0.90155,9.1166,7.4828,345.19,17221.03,4.0124,88.1125,160.6,124.74,1396.28,,10.8936,26.3047,4.9352,10.629,1.784,57.787,4.4021,4.836,86.6154,10.2805,1.6158,36.63,8.6055,34.5927,1.1763,20.8452
2020-08-11,1.0,85.9063,1.6406,1.9558,6.4068,1.5656,1.0743,8.1857,26.155,7.4469,151.5294,0.89843,9.132,7.4795,345.03,17348.0,4.0085,87.862,161.1,124.97,1393.79,,10.9001,26.3028,4.94,10.5658,1.7833,57.615,4.4018,4.8355,85.6858,10.2835,1.6154,36.598,8.541,34.6309,1.1783,20.6263
2020-08-12,1.0,85.86,1.6514,1.9558,6.3782,1.5644,1.0755,8.1758,26.117,7.4472,151.4516,0.90475,9.1236,7.4885,345.15,17374.0,4.0101,88.051,161.1,125.92,1393.92,,10.8734,26.3381,4.9362,10.5463,1.7997,57.631,4.4033,4.8356,86.3013,10.2513,1.6166,36.62,8.6074,34.6259,1.1771,20.5097
2020-08-13,1.0,86.3803,1.6522,1.9558,6.3766,1.5637,1.0784,8.2187,26.125,7.4474,151.8351,0.90373,9.1709,7.5125,344.93,17559.0,4.0271,88.564,161.1,126.58,1402.22,,10.9175,26.4372,4.961,10.5148,1.8042,57.768,4.3968,4.8348,87.1809,10.2748,1.6231,36.741,8.6794,34.8464,1.1833,20.6405
2020-08-14,1.0,86.2827,1.6525,1.9558,6.375,1.5649,1.0754,8.21,26.118,7.447,151.6258,0.90173,9.1555,7.5356,346.11,17612.0,4.023,88.468,161.1,126.01,1402.11,,10.9119,26.2027,4.9538,10.5403,1.8071,57.553,4.3984,4.836,86.585,10.2933,1.6209,36.75,8.7149,34.7456,1.1813,20.6121
2020-08-17,1.0,86.6508,1.6485,1.9558,6.4166,1.5684,1.0765,8.2262,26.14,7.447,151.9318,0.90625,9.1864,7.53,348.53,17638.45,4.0403,88.6895,161.5,125.99,1405.87,,10.9016,26.0924,4.9688,10.512,1.8179,57.693,4.3966,4.8343,87.15,10.3108,1.6237,36.993,8.7656,34.8573,1.1853,20.6764
2020-08-18,1.0,87.0293,1.6447,1.9558,6.4778,1.5672,1.0773,8.2407,26.134,7.4466,152.3968,0.90375,9.2274,7.5296,349.85,17674.46,4.0507,88.879,161.8,125.54,1410.08,,10.931,26.2626,4.9797,10.501,1.8119,57.804,4.387,4.8355,87.0531,10.32,1.625,37.051,8.8024,34.9882,1.1906,20.715
2020-08-19,1.0,87.5154,1.6428,1.9558,6.5115,1.5688,1.0811,8.2472,26.118,7.4453,152.5992,0.90345,9.2483,7.5328,349.79,17626.23,4.0571,89.316,162.0,125.74,1405.97,,10.9492,26.383,4.979,10.5455,1.7969,57.911,4.3942,4.8403,87.5706,10.314,1.6278,37.279,8.7785,35.0438,1.1933,20.5183
2020-08-20,1.0,87.0074,1.6544,1.9558,6.6454,1.5654,1.0786,8.1985,26.061,7.4451,151.8382,0.90173,9.184,7.5356,350.39,17503.64,4.0305,88.992,162.6,125.46,1408.22,,10.8982,26.3712,4.9444,10.6068,1.8158,57.707,4.3914,4.8391,87.63,10.3555,1.622,37.245,8.7129,34.8589,1.185,20.4136
2020-08-21,1.0,86.4869,1.6442,1.9558,6.5908,1.5563,1.0744,8.1483,26.083,7.4441,151.1887,0.89755,9.1212,7.5243,350.68,17383.99,4.0029,88.198,162.6,124.53,1403.15,,10.8681,26.066,4.9194,10.5913,1.8045,57.324,4.3979,4.8405,87.735,10.363,1.6131,37.161,8.5925,34.615,1.1769,20.2977
2020-08-24,1.0,87.1258,1.6454,1.9558,6.5941,1.5574,1.0761,8.1897,26.091,7.4435,151.8294,0.90175,9.1817,7.533,350.83,17380.14,4.0293,87.772,163.0,125.26,1406.32,,10.9135,25.9307,4.9467,10.6188,1.8059,57.447,4.3986,4.84,87.9975,10.369,1.6203,37.211,8.7314,34.8287,1.1847,20.0609
2020-08-25,1.0,87.0391,1.6472,1.9558,6.586,1.5597,1.0752,8.1671,26.121,7.4423,151.7863,0.89945,9.1563,7.529,353.46,17301.6,4.0187,87.7165,163.1,125.67,1402.12,,10.903,25.8774,4.9247,10.5688,1.8082,57.357,4.3919,4.8403,88.36,10.3525,1.617,37.185,8.7352,34.7178,1.1814,19.8084
2020-08-26,1.0,86.9657,1.6371,1.9558,6.5317,1.5543,1.0738,8.1262,26.262,7.4439,151.412,0.8969,9.1368,7.5273,354.74,17297.41,4.0094,87.613,163.2,125.34,1398.97,,10.8803,25.875,4.916,10.5603,1.7971,57.264,4.4074,4.8419,89.3568,10.3348,1.613,36.947,8.6706,34.6334,1.1789,19.7996
2020-08-27,1.0,87.1495,1.6291,1.9558,6.601,1.5521,1.075,8.1323,26.276,7.4429,151.4243,0.89505,9.1497,7.5262,355.98,17380.08,3.9779,87.2655,163.5,125.34,1399.75,,10.8853,25.9205,4.9261,10.5178,1.7799,57.384,4.3993,4.8415,88.64,10.3138,1.6128,36.87,8.6665,34.6778,1.1806,20.0275
2020-08-28,1.0,88.0429,1.6216,1.9558,6.5608,1.5553,1.0758,8.1749,26.2,7.4439,152.6031,0.89468,9.2345,7.5275,355.18,17330.67,4.0083,87.2125,163.5,125.39,1407.24,,10.9076,26.069,4.9632,10.47,1.7723,57.676,4.3921,4.8395,88.625,10.2603,1.6195,37.091,8.7176,34.9762,1.1915,19.8829
2020-08-31,1.0,88.3053,1.6214,1.9558,6.4739,1.5601,1.0774,8.1711,26.208,7.4439,152.8165,0.89605,9.2536,7.528,354.54,17404.4,4.0131,87.4685,164.3,126.47,1415.76,,10.9081,26.059,4.9736,10.455,1.7728,57.837,4.3971,4.8398,88.2993,10.2888,1.6235,37.098,8.777,35.0699,1.194,19.9589
2020-09-01,1.0,88.8698,1.6242,1.9558,6.5126,1.56,1.0865,8.1739,26.226,7.4434,153.1603,0.88975,9.29,7.532,354.02,17465.06,4.0183,87.4085,164.5,126.92,1420.12,,10.9215,26.0278,4.9656,10.4378,1.7727,58.171,4.3925,4.8398,88.1474,10.3605,1.6274,37.25,8.8196,35.1855,1.1987,19.9459
2020-09-02,1.0,88.062,1.6171,1.9558,6.4205,1.5495,1.0799,8.0976,26.338,7.4412,151.6678,0.8884,9.1925,7.5335,358.77,17489.04,3.9901,86.8225,164.5,126.0,1408.07,,10.883,25.915,4.9176,10.406,1.7541,57.665,4.4186,4.8423,88.0675,10.3065,1.6153,37.095,8.7588,34.8153,1.1861,19.9154
2020-09-03,1.0,87.7174,1.6219,1.9558,6.3424,1.5491,1.0776,8.0802,26.368,7.4401,151.5826,0.89135,9.1555,7.5355,358.05,17536.99,3.9777,86.8615,164.5,125.85,1406.65,,10.8696,25.7175,4.8994,10.5315,1.7579,57.389,4.4269,4.8473,88.9825,10.3393,1.6131,37.14,8.7907,34.6889,1.1813,19.8058
2020-09-04,1.0,88.0044,1.6291,1.9558,6.2775,1.5508,1.0793,8.1006,26.435,7.4403,151.9548,0.89325,9.178,7.539,359.6,17453.41,3.9874,86.678,164.7,125.79,1409.07,,10.8776,25.5275,4.9138,10.5768,1.764,57.53,4.4514,4.8528,88.973,10.3688,1.6158,37.172,8.8215,34.7454,1.1842,19.6278
2020-09-07,1.0,88.006,1.6232,1.9558,6.2664,1.5484,1.0809,8.0789,26.468,7.4411,152.0921,0.89835,9.1641,7.536,359.92,17490.0,3.9926,86.8485,164.9,125.59,1405.09,,10.855,25.5127,4.9158,10.5453,1.7642,57.547,4.4504,4.8555,89.8231,10.369,1.616,37.092,8.8168,34.6813,1.1824,19.7654
2020-09-08,1.0,87.899,1.6286,1.9558,6.3427,1.5523,1.082,8.0658,26.521,7.4407,151.8138,0.90453,9.1338,7.533,361.37,17512.55,3.9974,87.106,165.3,125.2,1402.14,,10.8385,25.7685,4.9126,10.6713,1.7722,57.333,4.4483,4.8595,90.0213,10.3735,1.6149,37.082,8.8202,34.4882,1.1785,20.0033
2020-09-09,1.0,87.8801,1.6264,1.9558,6.2785,1.5563,1.0806,8.0584,26.519,7.4403,151.7657,0.91213,9.1246,7.537,357.7,17406.38,4.0042,86.6065,165.8,125.05,1397.84,,10.8326,25.5626,4.9111,10.715,1.7714,57.276,4.4498,4.8588,89.3613,10.362,1.6118,36.928,8.824,34.497,1.1773,19.7044
2020-09-10,1.0,88.518,1.6282,1.9558,6.2919,1.5586,1.0766,8.1022,26.585,7.4404,152.3722,0.9159,9.1834,7.537,357.85,17714.0,4.0455,87.034,163.7,125.76,1405.84,,10.8555,25.3147,4.9339,10.687,1.7737,57.592,4.4525,4.8579,88.89,10.3703,1.6199,37.046,8.8371,34.7057,1.1849,19.8598
2020-09-11,1.0,88.6294,1.6244,1.9558,6.2561,1.5622,1.0777,8.1043,26.566,7.4402,152.3604,0.92408,9.1871,7.539,357.13,17772.61,4.1004,87.2431,161.8,125.82,1407.07,,10.8687,25.2387,4.9224,10.7028,1.7738,57.551,4.4467,4.8584,88.7275,10.3713,1.62,37.139,8.8565,34.7263,1.1854,19.8527
2020-09-14,1.0,88.874,1.6327,1.9558,6.3109,1.5641,1.0768,8.0987,26.66,7.4398,152.6007,0.9219,9.2041,7.5368,357.65,17671.49,4.0807,87.3415,160.0,125.82,1404.73,,10.8875,25.1792,4.9232,10.6933,1.7739,57.587,4.4504,4.858,89.5924,10.4178,1.6207,37.172,8.8997,34.7516,1.1876,19.7876
2020-09-15,1.0,89.2554,1.6219,1.9558,6.2272,1.5634,1.0768,8.0526,26.827,7.4396,152.729,0.92095,9.2164,7.5375,357.68,17653.67,4.0675,87.5205,160.6,125.39,1400.73,,10.944,24.9307,4.912,10.6963,1.7675,57.509,4.4461,4.8578,89.1013,10.404,1.6163,37.079,8.9023,34.7077,1.1892,19.5669
2020-09-16,1.0,89.1659,1.6174,1.9558,6.2211,1.5628,1.0753,8.0229,26.726,7.4396,152.2971,0.91423,9.1985,7.5415,358.54,17607.66,4.0589,87.2665,160.6,124.72,1390.72,,10.9397,24.9614,4.9025,10.6608,1.7586,57.398,4.4466,4.859,88.8038,10.4118,1.611,36.913,8.898,34.6632,1.1869,19.3726
2020-09-17,1.0,88.6898,1.6152,1.9558,6.2117,1.5567,1.0742,7.9861,26.747,7.4396,151.9336,0.9153,9.1428,7.5418,361.16,17501.07,4.0382,86.861,162.2,123.38,1383.16,,10.91,24.8461,4.8822,10.7238,1.7533,57.167,4.4579,4.86,88.6075,10.408,1.6039,36.801,8.9037,34.396,1.1797,19.2673
2020-09-18,1.0,89.0398,1.6242,1.9558,6.2176,1.5601,1.0776,8.0146,26.727,7.4403,152.2463,0.91318,9.1707,7.5415,360.78,17435.93,4.0511,87.014,160.8,123.49,1375.96,,10.9426,24.7344,4.8687,10.7538,1.7489,57.306,4.4602,4.858,89.1439,10.399,1.6082,36.889,8.96,34.3631,1.1833,19.152
2020-09-21,1.0,88.762,1.624,1.9558,6.4262,1.5604,1.0761,7.9992,26.98,7.4408,151.8006,0.91608,9.1349,7.5413,363.08,17437.0,4.0576,86.695,161.6,122.7,1372.84,,10.9037,25.3145,4.8592,10.884,1.759,57.142,4.4837,4.86,89.9825,10.4055,1.6027,36.823,8.971,34.1847,1.1787,19.7416
2020-09-22,1.0,88.6546,1.6288,1.9558,6.3677,1.5631,1.0748,7.955,27.007,7.4417,151.1954,0.91743,9.0986,7.5443,362.05,17357.59,4.0425,86.262,162.0,122.78,1363.87,,10.85,25.1194,4.8539,10.9528,1.763,56.898,4.4934,4.8613,89.15,10.407,1.5998,36.84,8.985,34.1232,1.174,19.5779
2020-09-23,1.0,88.3816,1.6439,1.9558,6.4498,1.5594,1.0773,7.9433,26.965,7.4429,150.8853,0.91885,9.0614,7.5505,365.01,17375.0,4.0386,85.9845,161.4,122.91,1362.8,,10.8286,25.8339,4.8574,10.9938,1.7756,56.778,4.5001,4.8686,89.7875,10.4388,1.5989,36.841,8.992,34.0606,1.1692,19.9607
2020-09-24,1.0,88.0944,1.6539,1.9558,6.4935,1.56,1.0772,7.9527,27.015,7.4425,150.6356,0.91228,9.025,7.553,364.45,17339.41,4.0505,86.1145,161.8,122.73,1367.55,,10.8087,26.1062,4.8542,11.1023,1.7847,56.547,4.5293,4.8755,89.8713,10.5793,1.6029,36.821,8.8851,34.1505,1.1645,19.8675
2020-09-25,1.0,88.0223,1.6548,1.9558,6.456,1.556,1.0798,7.9451,27.107,7.4465,150.5475,0.91343,9.0165,7.549,363.16,17299.76,4.0528,85.7175,161.8,122.74,1367.57,,10.812,26.0006,4.8485,11.1445,1.7756,56.431,4.5557,4.8753,90.405,10.6285,1.6022,36.781,8.8709,34.0394,1.1634,19.9
2020-09-28,1.0,88.4568,1.6513,1.9558,6.4552,1.562,1.0816,7.951,27.133,7.4459,151.1032,0.90508,9.0443,7.55,364.12,17388.3,4.0474,86.0255,162.4,123.02,1364.72,,10.826,25.9525,4.8728,11.058,1.7791,56.612,4.5502,4.8743,91.8152,10.5863,1.6028,36.965,9.1073,33.9626,1.167,19.8905
2020-09-29,1.0,88.9399,1.6412,1.9558,6.6022,1.5655,1.0795,7.9777,27.148,7.4461,151.2366,0.90963,9.0691,7.551,365.7,17419.0,4.0421,86.275,162.0,123.61,1365.89,,10.8375,26.0452,4.8639,11.0543,1.7749,56.695,4.5435,4.8721,92.1625,10.5343,1.6018,36.988,9.1649,33.9932,1.1702,19.8685
2020-09-30,1.0,89.1154,1.6438,1.9558,6.6308,1.5676,1.0804,7.972,27.233,7.4462,151.2966,0.91235,9.0742,7.5565,365.53,17497.84,4.0277,86.299,162.2,123.76,1368.51,,10.83,26.1848,4.8653,11.1008,1.7799,56.774,4.5462,4.8725,91.7763,10.5713,1.6035,37.079,9.099,33.9272,1.1708,19.7092
2020-10-01,1.0,89.4492,1.6319,1.9558,6.5821,1.5616,1.0787,7.9805,26.918,7.4421,151.6419,0.90723,9.1082,7.563,359.89,17423.28,4.0236,85.8275,162.2,123.98,1365.03,,10.852,25.6764,4.8788,10.9073,1.7667,56.931,4.4935,4.874,90.605,10.4853,1.6004,37.101,9.0606,33.948,1.1752,19.5373
2020-10-02,1.0,89.3644,1.6372,1.9558,6.6039,1.5603,1.079,7.9656,27.02,7.4414,151.6648,0.90673,9.091,7.562,358.88,17445.33,4.0244,86.0375,162.2,123.4,1364.68,,10.8574,25.6582,4.885,10.904,1.7674,56.864,4.4944,4.8715,92.0825,10.425,1.5988,36.991,9.0787,33.9164,1.173,19.4002
2020-10-05,1.0,90.4883,1.6379,1.9558,6.6568,1.5614,1.0781,8.0128,27.096,7.44,151.7248,0.9081,9.1203,7.568,358.17,17324.61,4.0243,86.087,162.4,124.25,1363.72,,10.8845,25.2551,4.8867,10.8855,1.7703,56.961,4.498,4.874,92.5353,10.4645,1.6007,36.846,9.1614,33.8472,1.1768,19.3447
2020-10-06,1.0,90.7566,1.6472,1.9558,6.5363,1.563,1.0781,8.0111,27.035,7.4408,151.9432,0.91058,9.1412,7.5688,359.72,17379.93,4.0193,86.5715,162.8,124.58,1368.49,,10.904,25.1631,4.8991,10.8603,1.7733,57.137,4.4872,4.876,91.772,10.5138,1.6032,36.795,9.1625,33.9144,1.1795,19.453
2020-10-07,1.0,90.6472,1.65,1.9558,6.5448,1.564,1.0787,7.9934,27.064,7.4421,151.7859,0.91413,9.1219,7.5685,359.25,17359.51,4.0044,86.263,162.8,124.73,1362.7,,10.8925,25.2609,4.8917,10.9313,1.7862,56.979,4.4862,4.8748,91.9715,10.483,1.5995,36.758,9.2722,33.7258,1.177,19.5793
2020-10-08,1.0,90.714,1.6421,1.9558,6.5832,1.5583,1.0799,7.9894,27.092,7.4423,151.7744,0.91035,9.1181,7.568,357.48,17362.2,3.9909,86.186,162.8,124.69,1355.48,,10.874,25.1418,4.8854,10.9038,1.7856,57.004,4.4843,4.8758,91.0675,10.4468,1.5979,36.724,9.3304,33.742,1.1765,19.4995
2020-10-09,1.0,90.894,1.6405,1.9558,6.5796,1.5542,1.0773,7.9047,27.11,7.4422,152.0022,0.91167,9.1412,7.5765,356.28,17340.01,3.9859,86.1985,162.8,124.95,1350.52,,10.8625,25.0833,4.8808,10.8623,1.7821,57.083,4.4702,4.8715,90.9413,10.42,1.5986,36.629,9.3279,33.7597,1.1795,19.4315
2020-10-12,1.0,91.0234,1.6357,1.9558,6.5268,1.5493,1.0742,7.9578,27.177,7.443,151.9357,0.90598,9.1443,7.5713,356.83,17378.69,3.9933,86.476,163.2,124.41,1355.3,,10.8533,25.073,4.893,10.7925,1.7744,57.268,4.481,4.8727,90.765,10.3933,1.6011,36.754,9.282,33.7711,1.1799,19.481
2020-10-13,1.0,90.8648,1.6403,1.9558,6.5389,1.545,1.0734,7.9388,27.356,7.4432,151.846,0.90591,9.135,7.5785,360.2,17403.27,3.9895,86.425,163.2,124.38,1351.0,,10.8529,25.0183,4.8822,10.7923,1.7715,57.325,4.4851,4.875,90.8041,10.343,1.6007,36.676,9.3155,33.8226,1.1787,19.4446
2020-10-14,1.0,90.9098,1.6378,1.9558,6.5426,1.5432,1.0738,7.9092,27.313,7.4439,151.5691,0.90395,9.1063,7.5785,363.49,17311.28,3.9734,86.0995,163.2,123.7,1346.7,,10.8238,25.1075,4.8768,10.8218,1.7633,57.244,4.5073,4.8738,90.9325,10.3653,1.5947,36.648,9.3334,33.8001,1.175,19.3897
2020-10-15,1.0,90.5595,1.6554,1.9558,6.5942,1.5453,1.0697,7.8756,27.34,7.4429,151.2551,0.90535,9.066,7.5818,364.58,17278.41,3.9734,85.951,163.2,123.15,1344.08,,10.788,25.1559,4.8599,10.9678,1.7762,57.056,4.5518,4.8765,91.4345,10.378,1.5935,36.574,9.2868,33.6736,1.1698,19.5329
2020-10-16,1.0,90.883,1.6555,1.9558,6.6054,1.5497,1.0721,7.8639,27.279,7.442,151.5646,0.90915,9.0993,7.582,364.36,17317.86,3.9673,86.0715,163.2,123.59,1341.16,,10.7978,24.872,4.8708,10.957,1.7746,57.148,4.5558,4.8763,91.5767,10.3593,1.5942,36.608,9.33,33.7554,1.1741,19.3867
2020-10-19,1.0,91.3078,1.6575,1.9558,6.6139,1.5523,1.0724,7.8767,27.346,7.441,151.8733,0.90588,9.1334,7.5825,365.05,17347.64,3.9836,86.3945,163.4,124.11,1341.33,,10.8145,24.8118,4.8819,10.947,1.7751,57.231,4.5723,4.8768,91.4401,10.3578,1.599,36.746,9.3057,33.8401,1.1785,19.3806
2020-10-20,1.0,91.5346,1.6801,1.9558,6.6182,1.5577,1.0724,7.8918,27.233,7.4425,152.2368,0.91329,9.1528,7.5826,365.68,17373.1,3.9911,86.8465,164.0,124.79,1346.35,,10.8245,25.0315,4.9017,10.9698,1.8006,57.333,4.5809,4.8761,92.0238,10.3805,1.6036,36.965,9.3301,33.9028,1.181,19.5245
2020-10-21,1.0,92.0361,1.6733,1.9558,6.6118,1.5557,1.0715,7.8879,27.185,7.4432,152.476,0.90754,9.1854,7.5755,364.01,17342.44,4.014,87.3745,164.6,124.27,1343.08,,10.8532,24.9348,4.9115,10.9315,1.7875,57.539,4.574,4.8758,91.4095,10.3645,1.6067,37.026,9.3084,33.9887,1.1852,19.4374
2020-10-22,1.0,91.8379,1.6644,1.9558,6.6389,1.5559,1.0726,7.898,27.23,7.4409,152.1008,0.90273,9.1614,7.5788,364.6,17426.16,3.9983,87.112,164.6,123.72,1341.66,,10.842,24.999,4.8992,10.9325,1.7739,57.467,4.5783,4.874,90.8256,10.374,1.6043,37.0,9.3815,33.9157,1.1821,19.2759
2020-10-23,1.0,92.4649,1.6578,1.9558,6.6052,1.5563,1.0715,7.9157,27.222,7.4407,152.397,0.90675,9.1885,7.5778,364.17,17410.24,4.0032,87.3245,164.9,124.17,1338.52,,10.8603,24.753,4.9291,10.9178,1.7703,57.388,4.5823,4.874,90.6421,10.3618,1.6089,37.056,9.4418,33.9767,1.1856,19.1905
2020-10-26,1.0,92.3891,1.6592,1.9558,6.6714,1.558,1.0719,7.9342,27.295,7.4412,152.1046,0.90755,9.1598,7.578,365.02,17390.95,3.9965,87.5485,165.3,124.14,1338.31,,10.8295,24.8705,4.922,10.9465,1.7677,57.205,4.5799,4.8748,90.2935,10.3475,1.6095,36.97,9.5593,33.8376,1.1819,19.208
2020-10-27,1.0,92.6031,1.6585,1.9558,6.6711,1.5589,1.0732,7.9345,27.337,7.4406,152.2068,0.90718,9.1699,7.5745,365.41,17344.17,4.0021,87.1635,165.3,123.74,1332.89,,10.8203,24.6622,4.9274,10.8398,1.7639,57.157,4.5842,4.8765,90.571,10.306,1.6078,36.94,9.6466,33.8088,1.1832,19.062
2020-10-28,1.0,91.7796,1.6603,1.9558,6.7191,1.5578,1.0693,7.8845,27.422,7.4435,151.419,0.90662,9.0885,7.5778,367.11,17288.41,3.9794,86.804,164.8,122.36,1332.51,,10.7848,24.9759,4.8732,10.9693,1.7647,56.708,4.6202,4.8768,92.3025,10.371,1.6014,36.659,9.6906,33.5577,1.1727,19.2187
2020-10-29,1.0,91.5897,1.6673,1.9558,6.768,1.5658,1.0684,7.8531,27.368,7.4462,151.0934,0.9043,9.0735,7.573,368.0,17306.12,3.9993,87.0865,165.0,122.09,1326.92,,10.7747,25.0028,4.8648,11.1495,1.7677,56.685,4.6225,4.8751,93.0481,10.4225,1.5988,36.598,9.7418,33.4765,1.1704,19.2322
2020-10-30,1.0,91.5953,1.6563,1.9558,6.7607,1.5556,1.0698,7.8158,27.251,7.4466,151.4382,0.90208,9.0706,7.5748,367.45,17108.33,3.9881,87.1115,164.4,122.36,1324.2,,10.7485,24.8416,4.8588,11.094,1.7565,56.635,4.6222,4.8725,92.4606,10.365,1.5952,36.439,9.794,33.4243,1.1698,19.0359
2020-11-02,1.0,,1.6533,1.9558,6.6916,1.5466,1.0695,7.7962,27.131,7.4455,,0.90053,9.0327,7.5695,366.24,17064.82,3.9681,86.7555,163.5,121.93,1320.61,,,24.7327,4.8443,11.1128,1.7565,56.407,4.6018,4.8674,93.745,10.3625,1.5903,36.249,9.8332,,1.1652,18.8972
2020-11-03,1.0,,1.6406,1.9558,6.6742,1.5385,1.0709,7.8198,26.913,7.4462,,0.90042,9.0694,7.5595,363.82,16946.31,3.997,87.0695,163.7,122.56,1323.74,,,24.7581,4.8634,11.0103,1.7531,56.584,4.568,4.8675,92.8975,10.3835,1.5931,36.329,9.984,,1.1702,18.7681
2020-11-04,1.0,,1.6346,1.9558,6.676,1.5411,1.0675,7.8038,26.781,7.4466,,0.89954,9.0872,7.553,362.42,16892.54,3.9976,87.1955,164.1,122.31,1327.24,,,24.6474,4.8853,10.9583,1.7541,56.717,4.5368,4.8675,92.467,10.352,1.5926,36.37,9.9037,,1.1721,18.809
2020-11-05,1.0,,1.6356,1.9558,6.5906,1.5478,1.0724,7.8331,26.766,7.4467,,0.9045,9.1922,7.5518,357.83,16901.14,4.0035,87.7405,163.7,122.86,1330.68,,,24.5016,4.9169,10.85,1.754,57.218,4.5134,4.8648,91.745,10.277,1.6014,36.525,9.998,,1.1855,18.6894
2020-11-06,1.0,,1.6359,1.9558,6.6072,1.5525,1.0682,7.8468,26.667,7.4493,,0.9043,9.203,7.559,359.02,16943.12,4.0076,88.0085,163.5,122.66,1332.6,,,24.684,4.9005,10.9203,1.7507,57.192,4.5263,4.867,92.42,10.2805,1.5999,36.287,10.1489,,1.187,18.6933
2020-11-09,1.0,,1.6234,1.9558,6.2447,1.5388,1.0778,7.8475,26.475,7.4476,,0.90224,9.2128,7.564,356.98,16710.47,3.9926,87.638,163.1,124.67,1321.43,,,23.8949,4.8821,10.7101,1.7378,57.213,4.467,4.8655,90.1763,10.197,1.595,36.101,9.5786,,1.1883,18.1305
2020-11-10,1.0,,1.6237,1.9558,6.3563,1.5393,1.0817,7.8107,26.431,7.4445,,0.89183,9.1568,7.5625,357.36,16590.24,3.9884,87.6665,162.3,124.36,1318.93,,,24.1004,4.8655,10.6618,1.7304,57.05,4.499,4.8667,90.2297,10.2,1.5926,35.825,9.7675,,1.1808,18.3507
2020-11-11,1.0,,1.6172,1.9558,6.3835,1.5364,1.0793,7.7943,26.447,7.4432,,0.88935,9.1241,7.5635,356.02,16674.19,3.9811,87.562,162.9,124.07,1311.14,,,24.0319,4.8588,10.6773,1.7112,57.052,4.4873,4.8672,90.105,10.1748,1.5878,35.686,9.2823,,1.1766,18.432
2020-11-12,1.0,,1.6263,1.9558,6.3638,1.5443,1.0805,7.8105,26.465,7.4459,,0.89765,9.1429,7.5715,355.2,16747.23,3.9847,88.066,162.1,124.25,1314.39,,,24.2625,4.8703,10.7658,1.7196,57.175,4.4886,4.8683,91.2463,10.1825,1.5921,35.715,9.1207,,1.1791,18.4908
2020-11-13,1.0,,1.63,1.9558,6.4508,1.5528,1.0805,7.8071,26.461,7.4468,,0.89683,9.1608,7.572,355.71,16741.86,3.979,88.186,161.9,123.88,1311.84,,,24.2239,4.8707,10.8123,1.7304,56.954,4.4888,4.8698,91.6113,10.2537,1.5934,35.646,9.1303,,1.1815,18.4068
2020-11-16,1.0,,1.6226,1.9558,6.393,1.5476,1.0819,7.7945,26.353,7.448,,0.89819,9.1725,7.567,358.16,16680.89,3.9733,88.0795,161.3,124.15,1310.5,,,23.9849,4.871,10.731,1.7227,56.983,4.4692,4.8728,90.5157,10.2538,1.5934,35.75,9.1749,,1.183,18.2346
2020-11-17,1.0,,1.6236,1.9558,6.4375,1.556,1.0816,7.7892,26.508,7.448,,0.89585,9.2119,7.5668,361.5,16779.76,3.9945,88.4825,161.5,123.78,1314.74,,,24.2129,4.877,10.7683,1.7234,57.389,4.4964,4.872,90.734,10.2375,1.5962,35.836,9.2071,,1.1882,18.3062
2020-11-18,1.0,,1.6226,1.9558,6.2974,1.5514,1.0812,7.782,26.401,7.4516,,0.89373,9.2005,7.567,360.25,16746.93,3.9742,88.011,161.5,123.28,1310.55,,,24.0105,4.851,10.7115,1.7145,57.267,4.4694,4.873,90.061,10.2135,1.5917,35.984,9.156,,1.1868,18.2814
2020-11-19,1.0,,1.6272,1.9558,6.3371,1.5501,1.0797,7.7927,26.358,7.4498,,0.89378,9.1737,7.5655,360.9,16820.13,3.9595,87.797,161.3,123.08,1321.07,,,24.0426,4.8517,10.69,1.7155,57.147,4.4714,4.8732,90.2638,10.206,1.5924,35.975,8.9373,,1.1832,18.3153
2020-11-20,1.0,,1.6227,1.9558,6.3347,1.5484,1.0811,7.7916,26.34,7.4489,,0.89393,9.1972,7.5665,359.5,16840.24,3.9608,87.941,161.3,123.18,1323.26,,,23.8656,4.8549,10.6613,1.7086,57.206,4.4639,4.8735,90.2622,10.2168,1.5934,35.922,9.047,,1.1863,18.2192
2020-11-23,1.0,,1.6233,1.9558,6.3795,1.553,1.0806,7.8178,26.311,7.4472,,0.88888,9.2257,7.5615,360.21,16844.67,3.9747,88.104,161.1,123.47,1323.33,,,23.7978,4.8681,10.6903,1.7082,57.339,4.4735,4.874,90.3507,10.2145,1.5955,36.048,9.2636,,1.1901,18.2466
2020-11-24,1.0,,1.6175,1.9558,6.3943,1.5504,1.0833,7.8152,26.258,7.4424,,0.89012,9.197,7.561,361.35,16895.4,3.961,87.9045,160.9,124.06,1318.77,,,23.8129,4.8498,10.6768,1.7011,57.233,4.4666,4.8728,90.1119,10.204,1.5941,36.07,9.4452,,1.1865,18.2206
2020-11-25,1.0,,1.619,1.9558,6.365,1.5478,1.0835,7.8189,26.175,7.4419,,0.89129,9.2161,7.5595,361.13,16812.46,3.9528,87.854,160.9,124.19,1315.62,,,23.8614,4.86,10.5488,1.7036,57.227,4.4679,4.8735,90.0123,10.1358,1.5965,36.08,9.485,,1.189,18.148
2020-11-26,1.0,,1.6163,1.9558,6.3494,1.5472,1.0813,7.8254,26.138,7.442,,0.89129,9.2235,7.5552,361.18,16843.08,3.9538,87.8655,161.3,124.04,1318.24,,,23.8479,4.8403,10.5705,1.7,57.257,4.4749,4.8743,90.1153,10.1568,1.593,36.057,9.3878,,1.19,18.1098
2020-11-27,1.0,,1.6182,1.9558,6.4021,1.5497,1.0826,7.8422,26.213,7.4415,,0.89442,9.2404,7.5577,362.32,16868.74,3.9557,88.3015,159.0,124.23,1318.04,,,23.9402,4.8517,10.563,1.7,57.375,4.4907,4.8736,90.9894,10.1723,1.5955,36.148,9.3286,,1.1922,18.2657
2020-11-30,1.0,,1.6246,1.9558,6.3519,1.5516,1.0839,7.8798,26.192,7.4412,,0.89845,9.2862,7.5538,359.59,16966.44,3.9644,88.7322,159.06,124.79,1326.08,,,24.0499,4.8807,10.561,1.7027,57.69,4.471,4.8732,91.1439,10.1778,1.6029,36.257,9.3155,,1.198,18.4251
2020-12-01,1.0,,1.6274,1.9558,6.3573,1.5522,1.0836,7.8639,26.235,7.4441,,0.89798,9.2774,7.5515,357.2,16981.99,3.9541,88.1535,158.2,124.92,1326.72,,,24.0465,4.8835,10.6028,1.701,57.598,4.4788,4.871,90.7837,10.2135,1.6048,36.215,9.4122,,1.1968,18.3311
2020-12-02,1.0,,1.6384,1.9558,6.2962,1.5619,1.0819,7.9203,26.411,7.4438,,0.9049,9.3535,7.552,357.4,17145.18,3.9705,88.9695,155.4,126.13,1330.2,,,24.2499,4.9199,10.7003,1.7137,57.984,4.4783,4.8714,91.3194,10.2813,1.6176,36.5,9.457,,1.2066,18.5579
2020-12-03,1.0,,1.6361,1.9558,6.3037,1.5692,1.0831,7.9567,26.42,7.4439,,0.90358,9.4188,7.547,357.63,17181.51,3.974,89.709,153.0,126.49,1325.91,,,24.1384,4.9453,10.707,1.7175,58.299,4.4733,4.873,90.8441,10.3025,1.6228,36.66,9.5021,,1.2151,18.5475
2020-12-04,1.0,,1.6387,1.9558,6.2759,1.5633,1.0822,7.9421,26.518,7.4429,,0.90282,9.424,7.5415,358.57,17222.37,3.972,89.6755,152.1,126.44,1320.6,,,24.1091,4.9366,10.6598,1.7254,58.43,4.4769,4.8725,90.0679,10.2578,1.6206,36.672,9.4636,,1.2159,18.4674
2020-12-07,1.0,,1.6374,1.9558,6.2124,1.5537,1.0802,7.931,26.482,7.4433,,0.91215,9.3999,7.54,359.49,17214.85,3.9562,89.6285,152.7,126.3,1316.88,,,24.0901,4.9385,10.6328,1.7252,58.421,4.467,4.8735,89.79,10.2018,1.6212,36.669,9.5053,,1.2128,18.4244
2020-12-08,1.0,,1.6334,1.9558,6.1906,1.5508,1.0781,7.9115,26.398,7.4436,,0.91143,9.3895,7.5403,360.1,17134.16,3.9414,89.203,152.9,126.18,1314.53,,,24.0683,4.9328,10.6283,1.722,58.359,4.4663,4.8728,88.764,10.2358,1.6209,36.415,9.487,,1.2114,18.2159
2020-12-09,1.0,,1.6185,1.9558,6.1993,1.5472,1.0764,7.9167,26.239,7.4429,,0.9,9.3866,7.549,356.64,17078.0,3.9406,89.212,153.5,126.05,1314.27,,,23.9187,4.9196,10.5763,1.7103,58.298,4.4246,4.8685,89.167,10.2745,1.6174,36.388,9.4762,,1.2109,18.0756
2020-12-10,1.0,,1.6161,1.9558,6.1606,1.5456,1.0757,7.9254,26.307,7.4423,,0.911,9.3908,7.5455,355.24,17088.21,3.9367,89.2515,154.3,126.53,1318.52,,,24.0863,4.9199,10.7,1.7184,58.302,4.4268,4.8695,88.8661,10.2395,1.6202,36.418,9.526,,1.2115,18.1755
2020-12-11,1.0,,1.609,1.9558,6.1448,1.5487,1.0786,7.9386,26.328,7.4429,,0.92294,9.3999,7.5375,354.81,17074.82,3.9469,89.4705,154.8,126.28,1325.32,,,24.4157,4.9133,10.6968,1.71,58.339,4.4358,4.8698,88.7373,10.256,1.6213,36.496,9.5678,,1.2127,18.3435
2020-12-14,1.0,,1.6064,1.9558,6.1237,1.5476,1.0776,7.9588,26.317,7.4421,,0.907,9.4274,7.529,353.63,17216.41,3.9614,89.4505,155.0,126.11,1327.5,,,24.3753,4.9299,10.5833,1.7101,58.417,4.4373,4.8707,88.7888,10.193,1.6202,36.583,9.5728,,1.2162,18.2339
2020-12-15,1.0,,1.6113,1.9558,6.1783,1.5473,1.077,7.9462,26.361,7.4427,,0.90795,9.411,7.5262,355.32,17196.01,3.9515,89.34,154.8,126.08,1327.69,,,24.4905,4.9222,10.614,1.7174,58.334,4.4426,4.8688,89.4183,10.1928,1.6195,36.467,9.5295,,1.214,18.1409
2020-12-16,1.0,,1.6103,1.9558,6.2306,1.5551,1.0786,7.9633,26.2,7.4415,,0.8995,9.4489,7.5373,355.52,17259.87,3.9663,89.773,155.2,125.97,1332.9,,,24.2123,4.9384,10.5788,1.7168,58.605,4.4354,4.8688,89.4535,10.1785,1.6203,36.616,9.5219,,1.2189,18.1175
2020-12-17,1.0,,1.6052,1.9558,6.2136,1.5546,1.0821,8.0006,26.204,7.4398,,0.9005,9.4939,7.5315,355.27,17293.8,3.9785,90.116,155.4,126.19,1338.48,,,24.2407,4.9419,10.5015,1.7093,58.799,4.4423,4.8695,89.3049,10.1335,1.6227,36.554,9.4828,,1.2246,17.982
2020-12-18,1.0,,1.6107,1.9558,6.2668,1.5638,1.0845,8.0146,26.139,7.4393,,0.90828,9.5039,7.5328,357.24,17337.6,3.9676,90.117,156.4,126.69,1346.95,,,24.328,4.9532,10.5163,1.7201,58.93,4.4779,4.8688,90.2025,10.1333,1.6282,36.556,9.3988,,1.2259,17.8699
2020-12-21,1.0,,1.62,1.9558,6.3144,1.5686,1.081,7.9784,26.275,7.4401,,0.9161,9.4378,7.5375,360.93,17351.52,3.9564,90.1338,156.6,126.04,1350.52,,,24.8514,4.9313,10.6518,1.7306,58.833,4.5111,4.8603,91.7285,10.1313,1.6286,36.653,9.3519,,1.2173,18.0849
2020-12-22,1.0,,1.6191,1.9558,6.2842,1.5753,1.0837,8.0056,26.303,7.4401,,0.91148,9.4885,7.542,362.33,17410.1,3.9621,90.3975,156.1,126.52,1353.44,,,24.4948,4.9703,10.5938,1.7299,58.87,4.5116,4.8665,92.2025,10.1143,1.6327,36.901,9.3325,,1.2239,17.8544
2020-12-23,1.0,,1.6118,1.9558,6.2867,1.5671,1.0837,7.9549,26.372,7.438,,0.907,9.4321,7.544,362.65,17351.03,3.9193,89.7945,155.9,125.99,1347.45,,,24.4449,4.9437,10.6238,1.7208,58.453,4.5025,4.871,91.636,10.1213,1.6235,36.772,9.2946,,1.2166,17.7895
2020-12-24,1.0,,1.6039,1.9558,6.3608,1.5656,1.0851,7.9624,26.299,7.4389,,0.89795,9.4532,7.5461,361.62,17314.06,3.9221,89.6845,155.9,126.38,1344.97,,,24.3475,4.951,10.5108,1.7168,58.559,4.5022,4.8725,90.5914,10.0763,1.6195,36.689,9.2275,,1.2193,17.8252
2020-12-28,1.0,,1.6083,1.9558,6.3443,1.5677,1.0854,7.9906,26.247,7.4361,,0.90408,9.4731,7.5435,363.46,17337.66,3.9275,89.8145,156.1,126.54,1340.87,,,24.3136,4.949,10.5713,1.716,58.7,4.4907,4.8745,90.0681,10.107,1.6237,36.865,9.1254,,1.2219,17.8008
2020-12-29,1.0,,1.6121,1.9558,6.3717,1.5713,1.0862,8.007,26.302,7.4382,,0.90863,9.5043,7.5447,364.53,17305.6,3.9363,89.942,156.3,127.23,1340.33,,,24.4001,4.9655,10.55,1.7171,58.903,4.5308,4.8757,90.1883,10.084,1.6274,36.826,9.0177,,1.2259,17.9651
2020-12-30,1.0,,1.6025,1.9558,6.3574,1.5701,1.0857,8.0134,26.252,7.4393,,0.90307,9.521,7.546,364.88,17254.81,3.9429,89.8824,156.1,126.57,1335.83,,,24.3733,4.9578,10.547,1.7071,59.026,4.5565,4.8681,91.8851,10.0568,1.6257,36.769,9.0321,,1.2281,18.0053
2020-12-31,1.0,,1.5896,1.9558,6.3735,1.5633,1.0802,8.0225,26.242,7.4409,,0.89903,9.5142,7.5519,363.89,17240.76,3.9447,89.6605,156.1,126.49,1336.0,,,24.416,4.934,10.4703,1.6984,59.125,4.5597,4.8683,91.4671,10.0343,1.6218,36.727,9.1131,,1.2271,18.0219
2021-01-04,1.0,,1.5928,1.9558,6.3241,1.5621,1.0811,7.9484,26.141,7.4379,,0.9016,9.533,7.5565,361.32,17062.67,3.943,89.789,156.1,126.62,1332.03,,,24.3031,4.9264,10.444,1.7065,59.058,4.5475,4.8713,90.342,10.0895,1.6198,36.728,9.0579,,1.2296,17.9214
2021-01-05,1.0,,1.5927,1.9558,6.5517,1.5651,1.0803,7.9315,26.227,7.4387,,0.90333,9.5136,7.5588,360.27,17075.1,3.9277,89.867,156.1,126.25,1335.85,,,24.586,4.9293,10.4713,1.7036,59.02,4.5473,4.8721,91.6715,10.057,1.618,36.776,9.0694,,1.2271,18.4194
2021-01-06,1.0,,1.5824,1.9558,6.5119,1.564,1.0821,7.9653,26.145,7.4393,,0.90635,9.5659,7.5595,357.86,17168.2,3.9289,90.204,156.3,127.03,1339.3,,,24.3543,4.9482,10.381,1.6916,59.296,4.516,4.872,90.8175,10.0653,1.6246,36.921,9.0554,,1.2338,18.5123
2021-01-07,1.0,,1.5836,1.9558,6.5172,1.5601,1.0833,7.9392,26.147,7.4392,,0.9019,9.5176,7.566,357.79,17259.99,3.9027,90.0455,155.3,127.13,1342.29,,,24.2552,4.957,10.3435,1.6907,59.043,4.4998,4.8712,91.2,10.0575,1.6253,36.859,8.9987,,1.2276,18.7919
2021-01-08,1.0,,1.5758,1.9558,6.5748,1.5543,1.0827,7.9184,26.163,7.4369,,0.90128,9.4982,7.569,359.62,17247.33,3.8981,89.7975,155.5,127.26,1337.9,,,24.4718,4.9359,10.2863,1.6883,58.947,4.5113,4.8708,90.8,10.051,1.6228,36.848,9.0146,,1.225,18.7212
2021-01-11,1.0,,1.5783,1.9558,6.6562,1.5551,1.0838,7.8806,26.239,7.4372,,0.90235,9.433,7.58,360.7,17267.14,3.8676,89.346,157.1,126.76,1335.76,,,24.5301,4.9284,10.368,1.6918,58.486,4.5294,4.8705,90.8075,10.076,1.618,36.659,9.055,,1.2163,18.8079
2021-01-12,1.0,,1.5742,1.9558,6.6592,1.551,1.0812,7.8576,26.19,7.4385,,0.8944,9.4314,7.5805,359.66,17201.73,3.8441,89.0915,156.2,126.74,1336.38,,,24.301,4.9343,10.3765,1.694,58.434,4.5248,4.8713,90.0537,10.0878,1.6146,36.641,9.105,,1.2161,18.7269
2021-01-13,1.0,,1.5734,1.9558,6.4869,1.5487,1.0812,7.8716,26.173,7.4392,,0.88983,9.4336,7.5805,360.25,17188.25,3.8212,89.0095,156.0,126.44,1335.2,,,24.1414,4.9205,10.339,1.6954,58.472,4.5253,4.8725,89.7859,10.1383,1.6139,36.547,9.0531,,1.2166,18.6329
2021-01-14,1.0,,1.5642,1.9558,6.3888,1.5381,1.0805,7.8409,26.19,7.4393,,0.88943,9.4005,7.569,359.57,17026.94,3.8095,88.6625,156.6,126.21,1330.37,,,24.0418,4.8932,10.3108,1.6853,58.232,4.5379,4.8738,89.09,10.1059,1.609,36.396,8.9492,,1.2124,18.4147
2021-01-15,1.0,,1.568,1.9558,6.3697,1.5413,1.077,7.8499,26.163,7.4393,,0.88998,9.4005,7.5535,359.99,17032.57,3.9546,88.6365,156.4,125.74,1333.6,,,24.0231,4.8939,10.3135,1.6896,58.226,4.5375,4.8733,89.0364,10.1305,1.6105,36.411,9.0179,,1.2123,18.4627
2021-01-18,1.0,,1.5721,1.9558,6.391,1.5413,1.0747,7.8359,26.185,7.4393,,0.89073,9.3538,7.5535,360.39,17053.67,3.9018,88.4365,156.8,125.18,1335.05,,,23.9785,4.8883,10.3858,1.6975,57.989,4.5389,4.8743,89.5913,10.154,1.6078,36.361,9.0546,,1.2064,18.4919
2021-01-19,1.0,,1.5723,1.9558,6.3848,1.5438,1.0769,7.861,26.161,7.4393,,0.891,9.4052,7.5655,358.52,17080.95,3.9354,88.7525,157.0,126.16,1337.54,,,23.787,4.9135,10.3423,1.702,58.251,4.5352,4.8744,89.44,10.0953,1.6114,36.426,9.0257,,1.2132,18.1181
2021-01-20,1.0,,1.5666,1.9558,6.439,1.5379,1.0778,7.8292,26.125,7.4382,,0.88563,9.3804,7.5635,357.38,17004.08,3.9373,88.368,157.2,125.62,1333.62,,,23.7719,4.8949,10.323,1.6965,58.122,4.5322,4.8738,89.085,10.1383,1.6054,36.315,9.0111,,1.2101,18.1101
2021-01-21,1.0,,1.5635,1.9558,6.4073,1.5345,1.0773,7.8552,26.094,7.4395,,0.88625,9.4245,7.565,357.38,17009.04,3.9775,88.722,156.8,125.72,1337.11,,,23.8443,4.8997,10.2513,1.6853,58.406,4.5284,4.874,89.6369,10.0825,1.6081,36.389,8.9555,,1.2158,17.9988
2021-01-22,1.0,,1.577,1.9558,6.5765,1.5458,1.0773,7.8822,26.152,7.4404,,0.89045,9.4255,7.5655,357.61,17140.23,3.9892,88.767,157.0,126.19,1344.48,,,24.2345,4.9155,10.3308,1.6945,58.444,4.5385,4.874,91.1009,10.0815,1.6149,36.486,9.0195,,1.2158,18.381
2021-01-25,1.0,,1.5728,1.9558,6.6434,1.5459,1.0772,7.8712,26.08,7.4406,,0.888,9.4199,7.5665,357.33,17108.31,3.9716,88.63,157.0,126.06,1340.18,,,24.2927,4.9149,10.3478,1.6854,58.427,4.5409,4.8744,91.6732,10.0625,1.6124,36.438,8.9865,,1.2152,18.493
2021-01-26,1.0,,1.5709,1.9558,6.5816,1.5444,1.0789,7.8537,26.08,7.439,,0.88698,9.4132,7.563,358.61,17126.85,3.9692,88.5555,157.0,125.93,1339.51,,,24.3386,4.9161,10.3873,1.6793,58.379,4.5465,4.8748,91.2538,10.0715,1.6099,36.405,8.9269,,1.2143,18.4065
2021-01-27,1.0,,1.5744,1.9558,6.4967,1.5453,1.0759,7.8411,26.025,7.4377,,0.88395,9.3911,7.559,360.9,17123.2,3.9556,88.438,157.0,125.87,1340.79,,,24.4497,4.9007,10.4555,1.6844,58.27,4.552,4.8753,91.7258,10.1139,1.6088,36.342,8.9542,,1.2114,18.4379
2021-01-28,1.0,,1.5914,1.9558,6.5857,1.5564,1.0783,7.8226,26.114,7.4368,,0.88603,9.3742,7.5652,360.34,17069.17,3.9825,88.321,156.0,126.2,1350.76,,,24.7187,4.8914,10.5205,1.7008,58.126,4.5471,4.8761,92.3842,10.1353,1.6119,36.315,8.9313,,1.2091,18.4355
2021-01-29,1.0,,1.5819,1.9558,6.6568,1.552,1.0798,7.8047,26.02,7.437,,0.88383,9.4093,7.5658,358.39,16994.16,3.9814,88.432,156.1,127.05,1354.98,,,24.5417,4.906,10.343,1.6863,58.333,4.5304,4.875,91.8979,10.111,1.6121,36.287,8.8772,,1.2136,18.3058
2021-02-01,1.0,,1.5831,1.9558,6.5765,1.5474,1.0816,7.8143,25.975,7.4373,,0.882,9.3687,7.5745,356.35,17011.92,3.9739,88.345,156.3,126.77,1351.21,,,24.5157,4.885,10.389,1.6844,58.083,4.508,4.8735,91.6248,10.1627,1.6092,36.228,8.6902,,1.2084,18.1574
2021-02-02,1.0,,1.5847,1.9558,6.4904,1.5422,1.0808,7.7756,25.9,7.4373,,0.88075,9.3361,7.581,355.7,16878.4,3.9727,87.906,156.1,126.46,1344.07,,,24.3492,4.8712,10.3463,1.6793,57.708,4.4953,4.8743,90.9307,10.1593,1.6041,36.12,8.6629,,1.2044,18.0067
2021-02-03,1.0,,1.5781,1.9558,6.4256,1.5373,1.0804,7.7623,25.925,7.4375,,0.88145,9.315,7.5693,355.51,16852.88,3.9695,87.6185,156.1,126.25,1341.03,,,24.219,4.8681,10.354,1.6695,57.721,4.4917,4.8734,91.2217,10.1303,1.6021,36.111,8.6136,,1.2017,17.9412
2021-02-04,1.0,,1.5727,1.9558,6.4285,1.5358,1.0818,7.7542,25.895,7.4367,,0.87693,9.3003,7.5715,355.59,16838.85,3.9549,87.4345,156.1,126.24,1341.26,,,24.2904,4.8686,10.338,1.6666,57.668,4.4941,4.8755,90.6192,10.1358,1.6025,36.06,8.549,,1.1996,18.0297
2021-02-05,1.0,,1.5761,1.9558,6.5248,1.5344,1.0825,7.7535,25.806,7.4362,,0.87538,9.29,7.5613,356.58,16820.24,3.9456,87.367,154.9,126.72,1345.45,,,24.349,4.8777,10.3068,1.6776,57.641,4.5023,4.8747,89.6325,10.1228,1.6033,36.069,8.4753,,1.1983,17.9407
2021-02-08,1.0,,1.5693,1.9558,6.4955,1.5363,1.0842,7.7618,25.739,7.4365,,0.87833,9.3219,7.5583,358.33,16876.31,3.9487,87.724,154.7,126.97,1347.77,,,24.305,4.8888,10.2725,1.674,57.843,4.4824,4.8748,89.4049,10.1148,1.6067,36.098,8.5308,,1.2025,17.9701
2021-02-09,1.0,,1.5681,1.9558,6.553,1.5414,1.0817,7.7894,25.738,7.4369,,0.87828,9.3827,7.567,358.88,16929.8,3.9401,88.2765,154.1,126.58,1347.42,,,24.3205,4.8997,10.2588,1.6741,58.142,4.4761,4.8753,89.6164,10.1058,1.6074,36.239,8.5883,,1.2104,17.8953
2021-02-10,1.0,,1.5682,1.9558,6.5641,1.5394,1.0805,7.8235,25.835,7.4373,,0.8765,9.4014,7.5645,357.53,16956.58,3.9441,88.3185,155.2,127.04,1340.67,,,24.3776,4.9042,10.228,1.6803,58.269,4.4819,4.8752,89.5116,10.08,1.608,36.266,8.5503,,1.2127,17.8301
2021-02-11,1.0,,1.5638,1.9558,6.4936,1.5384,1.0802,7.8448,25.772,7.438,,0.87755,9.4171,7.5688,357.18,16963.1,3.9531,88.404,155.8,127.12,1339.97,,,24.2037,4.9104,10.2595,1.6772,58.343,4.4975,4.8745,89.3792,10.0868,1.608,36.271,8.5254,,1.2147,17.7533
2021-02-12,1.0,,1.5666,1.9558,6.5302,1.5418,1.0803,7.8207,25.753,7.4361,,0.87753,9.3868,7.571,358.87,16936.37,3.9377,87.877,155.8,127.15,1337.98,,,24.2515,4.8947,10.285,1.684,58.181,4.4999,4.8746,89.8055,10.0818,1.6066,36.215,8.501,,1.2108,17.7362
2021-02-15,1.0,,1.5602,1.9558,6.5134,1.5346,1.0802,7.8332,25.682,7.4366,,0.87225,9.4033,7.572,358.15,16857.31,3.9349,88.068,155.6,127.72,1337.12,,,24.1825,4.8934,10.1963,1.6785,58.136,4.4864,4.8753,88.9548,10.0435,1.6046,36.254,8.4418,,1.2129,17.5006
2021-02-16,1.0,,1.5613,1.9558,6.5209,1.5365,1.08,7.8422,25.753,7.4367,,0.87333,9.4139,7.572,358.51,16974.4,3.9304,88.4195,155.6,128.16,1341.09,,,24.3866,4.8936,10.1938,1.6774,58.606,4.4942,4.876,89.3431,10.0415,1.6086,36.332,8.4673,,1.2143,17.6544
2021-02-17,1.0,,1.5573,1.9558,6.4771,1.5304,1.0806,7.7886,25.883,7.4368,,0.8696,9.3493,7.5705,359.03,16959.38,3.9278,87.794,155.8,127.94,1334.77,,,24.4836,4.8702,10.2113,1.6786,58.433,4.5012,4.875,89.0524,10.0413,1.6028,36.168,8.4348,,1.206,17.8247
2021-02-18,1.0,,1.5518,1.9558,6.5252,1.5307,1.0829,7.8172,25.864,7.4362,,0.8654,9.3684,7.5765,358.73,16998.02,3.9403,87.6695,155.8,127.69,1336.85,,,24.389,4.8844,10.2178,1.6735,58.616,4.4888,4.8751,88.9872,10.0328,1.6028,36.276,8.3975,,1.2084,17.5602
2021-02-19,1.0,,1.5445,1.9558,6.5633,1.5307,1.0851,7.8318,25.849,7.4368,,0.86508,9.4121,7.578,358.5,17094.81,3.97,88.0145,155.6,127.81,1339.59,,,24.7094,4.9048,10.2095,1.6642,58.846,4.483,4.8758,89.6089,10.033,1.6059,36.386,8.447,,1.2139,17.7391
2021-02-22,1.0,,1.5392,1.9558,6.6843,1.5328,1.0888,7.8447,25.954,7.4365,,0.8653,9.407,7.5714,359.09,17197.5,3.9683,87.972,155.6,128.0,1350.83,,,25.2189,4.9048,10.3185,1.6583,59.112,4.4982,4.8758,90.98,10.0315,1.6058,36.448,8.5684,,1.2133,18.0732
2021-02-23,1.0,,1.5378,1.9558,6.6062,1.5319,1.0946,7.8506,25.906,7.4366,,0.86308,9.4153,7.577,359.14,17129.52,3.9655,88.0575,155.2,127.98,1351.72,,,25.1611,4.91,10.319,1.6585,59.021,4.5066,4.876,89.9219,10.0747,1.6048,36.453,8.5681,,1.2143,17.8599
2021-02-24,1.0,,1.5347,1.9558,6.5642,1.5266,1.1029,7.8362,25.978,7.4364,,0.8603,9.4189,7.5805,359.74,17070.23,3.9682,87.876,154.6,128.69,1346.15,,,24.77,4.91,10.2483,1.6451,59.072,4.5178,4.8749,89.4919,10.0893,1.6049,36.487,8.7071,,1.2146,17.5723
2021-02-25,1.0,,1.5317,1.9558,6.6663,1.5257,1.1076,7.8898,26.11,7.4363,,0.86408,9.4793,7.5895,360.18,17352.1,4.0086,88.794,153.3,129.73,1359.14,,,25.3424,4.9383,10.2275,1.6409,59.492,4.5122,4.8748,90.3519,10.0668,1.612,36.858,8.8344,,1.2225,18.1101
2021-02-26,1.0,,1.5605,1.9558,6.6644,1.5331,1.0986,7.8385,26.195,7.4361,,0.87053,9.401,7.583,361.43,17353.51,4.0072,89.5766,152.9,128.83,1367.1,,,25.2879,4.9096,10.4012,1.6622,59.09,4.5186,4.875,90.6697,10.1388,1.6106,36.799,9.0168,,1.2121,18.1025
2021-03-01,1.0,,1.557,1.9558,6.7244,1.5274,1.1014,7.797,26.087,7.436,,0.86558,9.3498,7.5775,362.86,17254.29,3.9828,88.6665,153.9,128.63,1352.8,,,25.0317,4.8881,10.36,1.6629,58.531,4.5263,4.8749,89.3155,10.1833,1.6042,36.436,8.7175,,1.2053,18.1498
2021-03-02,1.0,,1.5422,1.9558,6.8387,1.5225,1.105,7.784,26.142,7.4361,,0.86433,9.3297,7.5825,363.7,17230.11,3.97,88.259,152.1,128.58,1354.37,,,24.8772,4.8804,10.2555,1.6565,58.338,4.5322,4.8762,88.6885,10.14,1.6016,36.401,8.8151,,1.2028,18.1353
2021-03-03,1.0,,1.5455,1.9558,6.8827,1.5234,1.1064,7.7897,26.138,7.4362,,0.86351,9.3452,7.5805,363.75,17175.15,3.964,87.7665,152.5,128.81,1347.23,,,24.9919,4.8806,10.2451,1.6581,58.42,4.5336,4.8775,88.8857,10.125,1.6041,36.566,8.9009,,1.2048,18.0073
2021-03-04,1.0,,1.5449,1.9558,6.7469,1.5213,1.1114,7.7846,26.208,7.4361,,0.8627,9.3363,7.587,364.53,17166.5,3.983,87.552,153.3,129.23,1353.89,,,25.0615,4.8828,10.2595,1.6599,58.399,4.5529,4.8813,88.6563,10.1595,1.6024,36.511,8.9666,,1.2034,18.0926
2021-03-05,1.0,,1.5565,1.9558,6.7979,1.516,1.1066,7.7489,26.303,7.4363,,0.863,9.2695,7.5745,366.29,17184.09,3.9606,87.2305,152.9,129.3,1347.11,,,25.3204,4.8635,10.211,1.6737,58.048,4.5748,4.8813,88.8807,10.1863,1.6008,36.422,8.9502,,1.1938,18.2619
2021-03-08,1.0,,1.5499,1.9558,6.8228,1.5035,1.1087,7.7446,26.417,7.4362,,0.85728,9.2183,7.578,367.19,17039.58,3.9612,87.0475,152.7,128.9,1351.68,,,25.5759,4.874,10.1785,1.6673,57.803,4.6002,4.8852,88.7408,10.1803,1.5996,36.535,9.1062,,1.1866,18.3582
2021-03-09,1.0,,1.544,1.9558,6.9553,1.499,1.1071,7.7478,26.288,7.4366,,0.85704,9.2325,7.5913,366.83,17140.98,3.9602,86.827,151.75,129.5,1353.91,,,25.3635,4.8974,10.0838,1.6607,57.724,4.5843,4.887,87.9711,10.136,1.6011,36.597,9.1023,,1.1894,18.3128
2021-03-10,1.0,,1.543,1.9558,6.8807,1.5041,1.1069,7.7433,26.226,7.4366,,0.85655,9.2307,7.5865,367.48,17130.43,3.9532,86.81,152.1,129.12,1357.05,,,25.2221,4.9072,10.0813,1.659,57.78,4.5752,4.8865,87.9744,10.1305,1.6019,36.592,9.0269,,1.1892,18.174
2021-03-11,1.0,,1.5384,1.9558,6.7039,1.5051,1.1066,7.7614,26.154,7.4366,,0.8567,9.287,7.586,365.88,17241.34,3.9537,86.888,153.3,129.82,1353.09,,,24.7978,4.9163,10.091,1.6546,57.971,4.576,4.884,88.0432,10.1295,1.6032,36.57,8.9028,,1.1969,17.8077
2021-03-12,1.0,,1.5394,1.9558,6.6421,1.4975,1.1094,7.7636,26.15,7.4366,,0.85835,9.2642,7.5885,366.18,17174.63,3.9637,86.726,153.9,130.14,1354.93,,,24.8556,4.914,10.0863,1.6633,57.772,4.5867,4.885,87.703,10.1388,1.6053,36.73,9.0452,,1.1933,17.8505
2021-03-15,1.0,,1.5419,1.9558,6.6896,1.4874,1.1084,7.7508,26.193,7.4362,,0.8567,9.2553,7.5798,367.63,17165.81,3.9428,86.4925,153.5,130.17,1351.97,,,24.661,4.9021,10.0988,1.6588,57.868,4.5914,4.8845,87.1471,10.185,1.604,36.63,8.9852,,1.192,17.7316
2021-03-16,1.0,,1.539,1.9558,6.6722,1.4867,1.1033,7.7519,26.197,7.436,,0.85945,9.2626,7.5765,367.3,17206.59,3.9297,86.479,151.6,129.88,1347.36,,,24.6021,4.9064,10.1028,1.6578,57.994,4.5933,4.8868,86.6948,10.1388,1.6049,36.655,8.935,,1.1926,17.7067
2021-03-17,1.0,,1.5427,1.9558,6.7299,1.4852,1.1047,7.7435,26.159,7.436,,0.85668,9.2476,7.5765,367.74,17216.3,3.9155,86.429,151.4,130.02,1346.65,,,24.6882,4.9075,10.1213,1.6618,57.982,4.6136,4.8874,87.8245,10.1355,1.6036,36.656,8.9498,,1.1907,17.718
2021-03-18,1.0,,1.5347,1.9558,6.6225,1.4824,1.1069,7.7507,26.17,7.436,,0.85575,9.2493,7.575,368.18,17165.19,3.929,86.6105,151.6,130.08,1343.25,,,24.5306,4.8976,10.1058,1.6567,57.997,4.6253,4.8858,88.1313,10.157,1.6013,36.772,8.7701,,1.1912,17.6202
2021-03-19,1.0,,1.5365,1.9558,6.571,1.4877,1.1066,7.7413,26.127,7.4364,,0.85763,9.2352,7.5758,367.94,17128.99,3.9213,86.2155,151.4,129.54,1344.69,,,24.16,4.8842,10.2018,1.6598,57.795,4.62,4.8853,88.075,10.1743,1.597,36.672,8.6354,,1.1891,17.5051
2021-03-22,1.0,,1.54,1.9558,6.5917,1.4903,1.1023,7.7582,26.075,7.436,,0.86233,9.2614,7.574,366.9,17176.42,3.9404,86.2895,151.2,129.77,1344.78,,,24.6337,4.9064,10.1393,1.6617,57.843,4.6017,4.8862,88.9011,10.158,1.5992,36.816,9.4097,,1.1926,17.5657
2021-03-23,1.0,,1.5491,1.9558,6.5562,1.4938,1.1066,7.7367,26.198,7.436,,0.86198,9.229,7.5755,366.51,17105.58,3.9099,86.1025,148.3,128.99,1342.48,,,24.5926,4.8988,10.1783,1.6918,57.779,4.6191,4.8893,90.2781,10.1813,1.5955,36.819,9.3638,,1.1883,17.5818
2021-03-24,1.0,,1.5532,1.9558,6.5258,1.4884,1.1068,7.7133,26.206,7.436,,0.8625,9.1863,7.573,364.93,17082.0,3.8918,85.8585,150.1,128.6,1338.12,,,24.5236,4.8843,10.1563,1.6963,57.468,4.628,4.888,90.2013,10.1635,1.5917,36.658,9.4009,,1.1825,17.5248
2021-03-25,1.0,,1.5548,1.9558,6.696,1.4849,1.1045,7.722,26.233,7.436,,0.86068,9.17,7.5748,364.78,17024.39,3.9091,85.7605,149.8,128.75,1340.88,,,24.6616,4.8937,10.1653,1.6948,57.335,4.6399,4.8865,90.0115,10.1935,1.5899,36.746,9.4313,,1.1802,17.6852
2021-03-26,1.0,,1.5459,1.9558,6.711,1.4814,1.109,7.7063,26.081,7.4361,,0.85503,9.154,7.574,363.58,16986.7,3.9261,85.4845,149.8,129.34,1332.17,,,24.2575,4.8854,10.1258,1.6863,57.132,4.6493,4.8878,89.5075,10.1905,1.5865,36.654,9.4523,,1.1782,17.6845
2021-03-29,1.0,,1.5398,1.9558,6.7964,1.4833,1.1075,7.7334,26.079,7.436,,0.8512,9.1618,7.5723,362.32,17021.99,3.9254,85.5038,151.0,129.19,1334.49,,,24.4513,4.8803,10.0738,1.6805,57.112,4.6457,4.9025,89.4425,10.2205,1.586,36.731,9.6209,,1.1784,17.6924
2021-03-30,1.0,,1.5419,1.9558,6.7685,1.4814,1.1057,7.7154,26.122,7.4369,,0.85378,9.1283,7.5698,363.3,17063.2,3.9133,86.254,148.5,129.48,1331.35,,,24.2262,4.8737,10.0613,1.6794,57.015,4.6582,4.921,89.1591,10.2473,1.5815,36.714,9.78,,1.1741,17.5396
2021-03-31,1.0,,1.5412,1.9558,6.7409,1.4782,1.107,7.6812,26.143,7.4373,,0.85209,9.1153,7.5705,363.27,17030.56,3.9178,85.813,148.1,129.91,1324.19,,,24.0506,4.8618,9.9955,1.6769,56.901,4.6508,4.9223,88.3175,10.2383,1.5768,36.658,9.725,,1.1725,17.3484
2021-04-01,1.0,,1.55,1.9558,6.6149,1.4787,1.1099,7.7195,26.085,7.4379,,0.85195,9.1346,7.5705,361.84,17068.23,3.915,86.2275,148.7,130.03,1328.36,,,23.8792,4.8693,10.0408,1.6806,57.076,4.6089,4.9088,89.5944,10.2753,1.5801,36.73,9.5903,,1.1746,17.2074
2021-04-06,1.0,,1.5482,1.9558,6.6644,1.484,1.107,7.739,26.051,7.4379,,0.85358,9.186,7.57,360.31,17133.31,3.9005,86.7,149.5,130.27,1323.16,,,23.9395,4.8801,10.0768,1.6814,57.424,4.5914,4.9175,90.5074,10.261,1.584,37.054,9.6281,,1.1812,17.1399
2021-04-07,1.0,,1.5581,1.9558,6.644,1.4982,1.1044,7.7761,25.919,7.4365,,0.86065,9.2527,7.5763,359.68,17304.71,3.9236,88.3675,150.4,130.56,1328.05,,,24.0091,4.9099,10.0535,1.6907,57.965,4.5756,4.9185,92.3359,10.236,1.5917,37.286,9.7227,,1.1884,17.2803
2021-04-08,1.0,,1.5539,1.9558,6.6545,1.4947,1.1021,7.7749,25.875,7.4377,,0.8629,9.2356,7.5835,358.65,17257.41,3.8994,88.5885,151.0,129.71,1324.91,,,23.9497,4.9125,10.078,1.6855,57.713,4.5513,4.9198,91.4618,10.2073,1.5916,37.347,9.6799,,1.1873,17.2677
2021-04-09,1.0,,1.5579,1.9558,6.6641,1.495,1.101,7.7934,25.945,7.4372,,0.86658,9.247,7.5755,357.97,17354.52,3.9093,88.8145,151.9,130.42,1331.28,,,23.9374,4.9157,10.113,1.686,57.764,4.5392,4.9198,91.8152,10.1725,1.5941,37.388,9.6903,,1.1888,17.31
2021-04-12,1.0,,1.5613,1.9558,6.746,1.4931,1.0998,7.7907,26.031,7.4369,,0.86518,9.2564,7.5673,356.43,17391.62,3.9185,89.302,151.9,130.2,1338.46,,,23.969,4.9199,10.094,1.6914,57.845,4.5246,4.9203,91.9588,10.1975,1.5964,37.504,9.7038,,1.1904,17.3878
2021-04-13,1.0,,1.5652,1.9558,6.8216,1.5006,1.1001,7.7905,26.016,7.4374,,0.86698,9.2477,7.5695,359.44,17431.21,3.93,89.7215,151.9,130.23,1337.32,,,24.0251,4.919,10.1675,1.6946,57.854,4.5668,4.9223,91.845,10.211,1.5981,37.579,9.6893,,1.1896,17.4228
2021-04-14,1.0,,1.5561,1.9558,6.8189,1.5026,1.1033,7.8146,25.929,7.4372,,0.86918,9.2915,7.5703,358.61,17496.57,3.9311,89.833,151.7,130.33,1333.87,,,24.0508,4.9393,10.0745,1.6821,58.031,4.5537,4.924,90.5504,10.1433,1.5998,37.519,9.6792,,1.1964,17.2989
2021-04-15,1.0,,1.5448,1.9558,6.7631,1.4955,1.1046,7.8129,25.942,7.4372,,0.86753,9.2984,7.5615,358.93,17497.09,3.9279,89.801,151.9,130.14,1335.3,,,23.9455,4.937,10.0433,1.6716,58.013,4.5554,4.925,92.2336,10.1298,1.5974,37.376,9.7111,,1.197,17.0453
2021-04-16,1.0,,1.5459,1.9558,6.74,1.4986,1.1011,7.8157,25.927,7.4368,,0.86793,9.3152,7.5668,361.1,17420.96,3.9286,89.2355,151.9,130.37,1335.7,,,23.8806,4.9466,10.018,1.6725,58.001,4.5509,4.9263,90.8921,10.1055,1.598,37.42,9.6692,,1.1986,17.0967
2021-04-19,1.0,,1.5491,1.9558,6.7056,1.5038,1.0998,7.8323,25.903,7.4364,,0.86355,9.3475,7.5713,360.23,17463.33,3.9262,90.0675,151.7,130.09,1340.89,,,23.886,4.9626,9.9733,1.675,58.223,4.5473,4.926,91.7527,10.0985,1.6014,37.589,9.7198,,1.2035,17.1398
2021-04-20,1.0,,1.5492,1.9558,6.7117,1.5089,1.1029,7.8303,25.903,7.4365,,0.86295,9.355,7.5715,361.11,17508.48,3.9166,90.548,151.9,130.64,1342.91,,,23.9731,4.9596,9.9965,1.6735,58.214,4.5525,4.9278,92.2786,10.1288,1.6009,37.69,9.7764,,1.2051,17.2287
2021-04-21,1.0,,1.5554,1.9558,6.6869,1.5137,1.1026,7.8011,25.893,7.4364,,0.8625,9.3209,7.575,362.3,17464.9,3.9099,90.5955,150.6,129.8,1344.21,,,23.9052,4.9481,10.0423,1.6726,58.147,4.5561,4.926,92.0836,10.1513,1.5971,37.666,9.8156,,1.2007,17.145
2021-04-22,1.0,,1.5581,1.9558,6.6546,1.5067,1.1035,7.8181,25.86,7.4366,,0.86855,9.3474,7.5718,363.52,17515.06,3.9297,90.394,151.0,130.3,1346.21,,,24.0079,4.9539,10.0475,1.6789,58.304,4.5567,4.9274,91.3275,10.1237,1.6001,37.77,9.9553,,1.2046,17.2348
2021-04-23,1.0,,1.559,1.9558,6.5572,1.5062,1.1038,7.832,25.847,7.4361,,0.86905,9.3653,7.5705,363.47,17526.35,3.9256,90.4715,151.2,129.98,1347.03,,,23.9455,4.9585,10.043,1.6802,58.333,4.5623,4.9245,90.3287,10.1405,1.601,37.85,10.0635,,1.2066,17.2068
2021-04-26,1.0,,1.5518,1.9558,6.5895,1.503,1.1067,7.8379,25.807,7.4362,,0.86975,9.3777,7.5652,363.3,17502.08,3.917,90.378,151.0,130.54,1343.56,,,23.9814,4.9524,10.0358,1.6727,58.433,4.5571,4.9233,90.5838,10.1308,1.6027,37.995,10.0428,,1.2085,17.2441
2021-04-27,1.0,,1.5533,1.9558,6.5723,1.4985,1.1038,7.8373,25.895,7.436,,0.86895,9.3825,7.56,362.77,17539.51,3.9174,90.152,150.0,130.88,1343.47,,,24.0829,4.9531,10.0073,1.6724,58.517,4.5644,4.9253,90.555,10.1403,1.6024,37.92,9.9189,,1.2088,17.3383
2021-04-28,1.0,,1.5576,1.9558,6.562,1.4955,1.1044,7.8268,25.96,7.436,,0.86988,9.3696,7.5593,361.75,17501.5,3.9264,89.889,148.8,131.47,1344.95,,,24.1724,4.9523,9.9795,1.6711,58.547,4.5859,4.9288,90.022,10.111,1.601,37.852,9.8677,,1.207,17.3156
2021-04-29,1.0,,1.5554,1.9558,6.4984,1.4902,1.102,7.8463,25.817,7.436,,0.8691,9.4156,7.555,360.39,17486.41,3.9373,89.8545,148.4,132.2,1343.39,,,24.2355,4.977,9.9145,1.6703,58.641,4.5654,4.9227,90.0538,10.1123,1.6076,37.842,9.9694,,1.2129,17.2752
2021-04-30,1.0,,1.5581,1.9558,6.4597,1.4834,1.0998,7.8134,25.883,7.436,,0.86863,9.3816,7.5465,359.86,17424.24,3.9199,89.4795,149.6,131.62,1346.24,,,24.2345,4.9482,9.9533,1.6738,58.286,4.5635,4.9285,90.7108,10.164,1.6045,37.648,9.9777,,1.2082,17.3875
2021-05-03,1.0,,1.5573,1.9558,6.5507,1.4807,1.1016,7.7967,25.773,7.4365,,0.86838,9.3554,7.5433,359.94,17374.55,3.9053,88.996,151.0,131.9,1351.95,,,24.4071,4.9432,10.016,1.6786,58.081,4.5518,4.9269,90.7472,10.1803,1.6044,37.565,10.0087,,1.2044,17.3953
2021-05-04,1.0,,1.5608,1.9558,6.5785,1.4836,1.098,7.8136,25.841,7.4361,,0.8677,9.3374,7.5408,360.31,17395.47,3.9097,88.814,148.8,131.26,1353.56,,,24.404,4.9563,10.0123,1.6887,57.787,4.5584,4.9275,90.2438,10.1673,1.6073,37.475,10.011,,1.2021,17.4433
2021-05-05,1.0,,1.551,1.9558,6.5174,1.4731,1.0965,7.7636,25.825,7.436,,0.86274,9.3267,7.5315,359.65,17313.31,3.9212,88.6925,150.8,131.2,1350.98,,,24.2675,4.9431,9.9848,1.6683,57.658,4.5778,4.9271,89.7964,10.1945,1.6035,37.366,10.0174,,1.2005,17.3013
2021-05-06,1.0,,1.5547,1.9558,6.4707,1.4764,1.0953,7.8054,25.847,7.436,,0.86708,9.3685,7.5335,358.18,17246.34,3.9312,88.9405,150.9,131.69,1352.78,,,24.4195,4.9711,10.0558,1.6715,57.845,4.5868,4.9264,89.8825,10.194,1.6096,37.712,10.049,,1.206,17.2081
2021-05-07,1.0,,1.5523,1.9558,6.3801,1.4689,1.0963,7.7809,25.682,7.4361,,0.8681,9.3661,7.5345,358.01,17208.37,3.9438,88.6375,150.5,131.76,1350.52,,,24.2006,4.9587,10.0125,1.673,57.747,4.5754,4.9265,89.4671,10.1263,1.6061,37.588,10.0019,,1.2059,17.1863
2021-05-10,1.0,,1.5433,1.9558,6.3848,1.4743,1.0939,7.8045,25.591,7.4361,,0.86195,9.4504,7.5415,357.26,17189.26,3.9537,89.2585,150.9,132.31,1353.14,,,24.2464,4.9984,10.0008,1.6673,58.247,4.5631,4.9248,90.0154,10.1235,1.611,37.809,10.0495,,1.2169,17.0843
2021-05-11,1.0,,1.5509,1.9558,6.3576,1.4729,1.0976,7.8177,25.571,7.436,,0.86013,9.4527,7.5387,358.34,17254.2,3.9958,89.289,150.9,132.12,1361.23,,,24.1364,5.0122,10.032,1.6718,58.23,4.5522,4.927,89.9947,10.113,1.6125,37.849,10.0811,,1.217,16.9847
2021-05-12,1.0,,1.5526,1.9558,6.349,1.4643,1.0966,7.8051,25.522,7.436,,0.85798,9.4115,7.5276,357.4,17284.09,3.9732,88.963,150.7,131.82,1362.98,,,24.1783,4.9993,10.0263,1.6753,57.924,4.5438,4.9263,89.8963,10.106,1.6103,37.832,10.112,,1.2118,16.9354
2021-05-13,1.0,,1.5673,1.9558,6.4027,1.4665,1.096,7.7969,25.575,7.4365,,0.86063,9.3841,7.5275,357.13,17317.81,3.9774,88.8595,150.5,132.37,1368.03,,,24.3353,4.9835,10.127,1.6885,57.903,4.5467,4.9273,89.7244,10.172,1.612,37.874,10.2653,,1.2081,17.1055
2021-05-14,1.0,,1.5634,1.9558,6.3942,1.47,1.0952,7.8024,25.492,7.4362,,0.86083,9.4151,7.519,355.52,17331.95,3.9757,88.807,150.9,132.49,1368.07,,,24.0232,5.0013,10.0074,1.6771,57.867,4.5218,4.9259,89.6216,10.1265,1.6161,38.012,10.2174,,1.2123,17.0722
2021-05-17,1.0,,1.5683,1.9558,6.4365,1.472,1.095,7.8226,25.498,7.4363,,0.86215,9.4318,7.5164,352.9,17422.72,3.9888,89.0282,151.1,132.6,1382.18,,,24.1677,5.016,10.0665,1.6879,58.201,4.5428,4.9259,89.9493,10.1552,1.623,38.214,10.166,,1.2143,17.2064
2021-05-18,1.0,,1.5652,1.9558,6.4085,1.4693,1.0963,7.8501,25.427,7.4363,,0.85998,9.4912,7.5205,350.5,17443.85,4.0008,89.231,150.3,133.09,1378.11,,,24.1211,5.0434,10.0125,1.6821,58.515,4.5243,4.9273,90.0375,10.1363,1.6245,38.402,10.1885,,1.2222,17.0837
2021-05-19,1.0,,1.5765,1.9558,6.452,1.4747,1.1008,7.8594,25.445,7.436,,0.86233,9.4819,7.51,350.85,17552.0,3.9838,89.329,149.9,133.3,1379.9,,,24.2954,5.0533,10.1058,1.6981,58.431,4.5188,4.9278,90.0135,10.1633,1.6265,38.388,10.291,,1.2212,17.1447
2021-05-20,1.0,,1.5736,1.9558,6.4567,1.4778,1.0991,7.8563,25.519,7.4364,,0.864,9.4726,7.5095,350.6,17589.83,3.9849,89.163,149.3,132.95,1379.9,,,24.2825,5.0594,10.1775,1.6986,58.41,4.5153,4.9278,89.8263,10.1813,1.6261,38.305,10.2114,,1.2203,17.1639
2021-05-21,1.0,,1.5698,1.9558,6.4628,1.468,1.0951,7.8393,25.452,7.4362,,0.8587,9.4639,7.5102,349.11,17495.87,3.9658,88.802,147.9,132.61,1373.05,,,24.2741,5.0471,10.142,1.6914,58.391,4.4892,4.9268,89.4741,10.122,1.6218,38.234,10.2151,,1.2188,16.988
2021-05-24,1.0,,1.5804,1.9558,6.5299,1.4731,1.0957,7.8487,25.424,7.4364,,0.86408,9.4833,7.5043,347.47,17530.33,3.9791,89.0517,150.98,132.97,1375.43,,,24.3683,5.0631,10.209,1.6997,58.731,4.485,4.9255,90.0519,10.167,1.6236,38.297,10.2427,,1.2212,17.0622
2021-05-25,1.0,,1.5785,1.9558,6.497,1.4758,1.0977,7.856,25.447,7.436,,0.86573,9.5197,7.512,348.86,17575.54,3.9733,89.236,148.3,133.49,1375.57,,,24.3183,5.0809,10.1965,1.6918,59.033,4.4839,4.925,90.0534,10.1338,1.6255,38.448,10.3176,,1.2264,16.9591
2021-05-26,1.0,,1.5732,1.9558,6.5006,1.4784,1.0958,7.8149,25.451,7.436,,0.8633,9.4922,7.5125,350.56,17473.28,3.9743,88.971,148.3,133.16,1366.0,,,24.2995,5.0659,10.178,1.6737,58.881,4.4971,4.918,90.0602,10.1503,1.6189,38.203,10.3325,,1.2229,16.9282
2021-05-27,1.0,,1.5753,1.9558,6.4683,1.4746,1.0967,7.7808,25.439,7.4363,,0.86068,9.468,7.517,348.54,17449.52,3.9619,88.563,146.7,133.42,1362.64,,,24.2556,5.05,10.1953,1.672,58.575,4.4837,4.9161,89.536,10.1298,1.6146,38.18,10.2986,,1.2198,16.7647
2021-05-28,1.0,,1.5796,1.9558,6.3844,1.4711,1.096,7.7422,25.451,7.4366,,0.85765,9.4246,7.518,347.85,17404.54,3.9482,88.086,146.5,133.65,1355.86,,,24.3191,5.0189,10.179,1.6811,58.075,4.4865,4.9196,89.4203,10.125,1.6102,38.004,10.4398,,1.2142,16.7945
2021-05-31,1.0,,1.5775,1.9558,6.3868,1.4727,1.0982,7.7722,25.454,7.4365,,0.86013,9.469,7.5062,347.61,17402.96,3.9608,88.5414,147.6,133.79,1352.04,,,24.3131,5.0323,10.2183,1.6799,58.138,4.4856,4.9195,89.535,10.121,1.613,38.067,10.3728,,1.2201,16.7974
2021-06-01,1.0,,1.5793,1.9558,6.3596,1.4708,1.0986,7.8043,25.462,7.4366,,0.86285,9.4853,7.5085,346.46,17426.6,3.9628,89.1155,147.5,134.05,1355.39,,,24.3279,5.0446,10.1113,1.6837,58.406,4.4661,4.9191,89.9113,10.0955,1.6169,38.105,10.4162,,1.2225,16.8285
2021-06-02,1.0,,1.5756,1.9558,6.2891,1.4705,1.0982,7.7812,25.465,7.4365,,0.86125,9.4555,7.5043,346.06,17391.63,3.9649,89.083,146.1,133.72,1356.11,,,24.3207,5.0267,10.1393,1.6843,58.312,4.4653,4.9208,89.5138,10.0898,1.6129,37.959,10.4641,,1.2186,16.7269
2021-06-03,1.0,,1.5792,1.9558,6.1894,1.471,1.0961,7.791,25.448,7.4365,,0.85955,9.4551,7.5013,345.82,17420.91,3.9598,88.8755,146.3,133.81,1357.75,,,24.33,5.0241,10.1501,1.6915,58.208,4.452,4.922,89.2163,10.1145,1.6141,37.938,10.565,,1.2187,16.5218
2021-06-04,1.0,,1.5804,1.9558,6.1874,1.468,1.0951,7.7667,25.451,7.4368,,0.8569,9.4,7.5035,346.56,17358.97,3.946,88.4602,147.1,133.39,1352.93,,,24.4415,5.0019,10.156,1.6936,57.874,4.4703,4.923,88.6904,10.105,1.6094,37.866,10.5183,,1.2117,16.5424
2021-06-07,1.0,,1.5678,1.9558,6.1389,1.4681,1.0934,7.7795,25.4,7.4369,,0.85825,9.4355,7.5005,345.91,17325.1,3.9522,88.5305,146.7,132.98,1351.23,,,24.045,5.0205,10.0483,1.6832,57.93,4.4662,4.9234,88.6023,10.0552,1.6093,37.933,10.4902,,1.2162,16.3923
2021-06-08,1.0,,1.5718,1.9558,6.13,1.4706,1.0914,7.7938,25.394,7.4364,,0.861,9.4526,7.4975,347.86,17358.22,3.9506,88.778,146.9,133.28,1358.73,,,24.0699,5.0196,10.048,1.6885,58.097,4.4698,4.9238,88.2824,10.0755,1.612,37.996,10.4666,,1.2182,16.4593
2021-06-09,1.0,,1.5731,1.9558,6.1345,1.4729,1.0913,7.7879,25.377,7.4366,,0.86053,9.4615,7.5025,347.19,17375.74,3.9554,88.96,146.9,133.38,1359.9,,,23.939,5.0213,10.0518,1.6925,58.241,4.456,4.9248,87.9491,10.0595,1.6133,38.0,10.4651,,1.2195,16.5303
2021-06-10,1.0,,1.5731,1.9558,6.1432,1.4739,1.0909,7.7828,25.391,7.4364,,0.86293,9.4467,7.4985,346.14,17375.34,3.9466,88.9732,146.8,133.35,1358.76,,,23.9905,5.0163,10.1118,1.6932,58.129,4.4818,4.9223,87.8666,10.0715,1.6129,37.947,10.3284,,1.2174,16.6091
2021-06-11,1.0,,1.5687,1.9558,6.158,1.4687,1.0883,7.7519,25.335,7.4361,,0.8571,9.4089,7.4915,346.24,17215.96,3.9381,88.6714,147.2,132.88,1351.09,,,23.9003,4.981,10.0828,1.6931,57.876,4.4695,4.9183,86.962,10.0643,1.606,37.666,10.1969,,1.2125,16.4782
2021-06-14,1.0,,1.5696,1.9558,6.1846,1.4737,1.0889,7.7501,25.422,7.4361,,0.85898,9.4008,7.489,351.14,17267.62,3.9303,88.7015,147.2,132.95,1355.07,,,24.1179,4.9841,10.0828,1.6959,57.969,4.5152,4.9203,87.504,10.0944,1.607,37.717,10.138,,1.2112,16.7159
2021-06-15,1.0,,1.5742,1.9558,6.1394,1.4758,1.0899,7.7502,25.45,7.4362,,0.8615,9.3991,7.4883,352.08,17254.07,3.9273,88.8031,147.2,133.28,1354.1,,,24.1978,4.9849,10.0823,1.6987,58.203,4.5235,4.9243,87.235,10.0858,1.6063,37.716,10.3586,,1.2108,16.68
2021-06-16,1.0,,1.5719,1.9558,6.1063,1.4764,1.0896,7.7582,25.472,7.4366,,0.8583,9.4107,7.498,351.67,17270.58,3.9269,88.8795,147.0,133.19,1356.23,,,24.1996,4.9921,10.1208,1.695,58.274,4.5166,4.9236,87.2354,10.1283,1.6073,37.766,10.3613,,1.2124,16.6604
2021-06-17,1.0,,1.5763,1.9558,6.0286,1.4718,1.0925,7.6877,25.51,7.4369,,0.85525,9.2694,7.495,354.3,17266.58,3.8929,88.481,146.8,132.09,1354.06,,,24.4406,4.9419,10.1973,1.7025,57.842,4.5375,4.9243,86.4188,10.1905,1.6,37.482,10.3103,,1.1937,16.8057
2021-06-18,1.0,,1.5832,1.9558,5.9575,1.4721,1.0941,7.6619,25.519,7.4364,,0.85785,9.2379,7.4985,355.41,17174.78,3.8901,88.0297,146.4,131.12,1347.13,,,24.3373,4.9246,10.2868,1.7069,57.616,4.5492,4.9249,86.0172,10.233,1.5978,37.419,10.3459,,1.1898,16.8223
2021-06-21,1.0,,1.5821,1.9558,6.0192,1.4758,1.0954,7.6916,25.569,7.4364,,0.8567,9.2326,7.4995,354.11,17175.29,3.8849,88.186,147.04,130.91,1349.19,,,24.4932,4.9318,10.2673,1.7057,57.973,4.5329,4.9237,87.1265,10.2163,1.5989,37.593,10.4483,,1.1891,16.9453
2021-06-22,1.0,,1.5818,1.9558,5.9682,1.4726,1.0943,7.7014,25.533,7.436,,0.8556,9.2365,7.4985,355.16,17196.34,3.8793,88.3735,146.6,131.5,1350.72,,,24.4812,4.9497,10.2198,1.7011,57.892,4.5328,4.9255,87.055,10.157,1.6009,37.728,10.3395,,1.1894,17.0431
2021-06-23,1.0,,1.5762,1.9558,5.9203,1.4667,1.0963,7.7393,25.408,7.4362,,0.85435,9.2807,7.5009,349.34,17265.33,3.8903,88.6476,146.4,132.44,1357.96,,,24.2265,4.9734,10.1725,1.6945,58.218,4.5227,4.9263,86.6975,10.1288,1.6064,37.986,10.3334,,1.1951,16.9387
2021-06-24,1.0,,1.5756,1.9558,5.9041,1.4678,1.0967,7.7193,25.423,7.4362,,0.85883,9.2675,7.4993,350.52,17249.38,3.8791,88.502,146.2,132.2,1351.07,,,23.9678,4.9654,10.174,1.6903,58.051,4.5245,4.9245,86.2638,10.1133,1.6039,38.016,10.3802,,1.1936,17.0028
2021-06-25,1.0,,1.5726,1.9558,5.8635,1.4696,1.0956,7.7139,25.487,7.4363,,0.8595,9.2751,7.4975,351.88,17245.4,3.8811,88.6824,147.1,132.27,1346.35,,,23.6766,4.9664,10.136,1.6881,57.96,4.5132,4.9263,86.188,10.1103,1.6035,38.013,10.3887,,1.195,16.8359
2021-06-28,1.0,,1.5753,1.9558,5.9159,1.4687,1.0969,7.6922,25.499,7.4369,,0.8571,9.2459,7.4964,351.98,17274.78,3.8834,88.494,147.3,132.13,1347.92,,,23.6527,4.9379,10.1763,1.6926,57.978,4.507,4.9268,86.0594,10.1268,1.6014,38.082,10.413,,1.191,16.9846
2021-06-29,1.0,,1.5811,1.9558,5.8826,1.4706,1.0965,7.6814,25.477,7.4363,,0.85948,9.2297,7.496,351.11,17339.93,3.876,88.305,147.3,131.54,1341.25,,,23.6108,4.9353,10.1893,1.7,57.765,4.5193,4.9275,86.4662,10.151,1.5985,38.166,10.361,,1.1888,17.052
2021-06-30,1.0,,1.5853,1.9558,5.905,1.4722,1.098,7.6742,25.488,7.4362,,0.85805,9.2293,7.4913,351.68,17280.3,3.8763,88.324,146.5,131.43,1341.41,,,23.5784,4.9336,10.1717,1.7026,58.063,4.5201,4.928,86.7725,10.111,1.5976,38.118,10.321,,1.1884,17.0114
2021-07-01,1.0,,1.5836,1.9558,5.8955,1.4698,1.0985,7.6842,25.507,7.436,,0.86033,9.2273,7.4893,351.86,17259.71,3.8748,88.559,146.7,132.42,1345.86,,,23.727,4.9426,10.2105,1.6965,58.493,4.5164,4.9275,86.6085,10.1738,1.5989,38.088,10.3307,,1.1884,16.9744
2021-07-02,1.0,,1.5836,1.9558,5.9421,1.4677,1.0945,7.6594,25.606,7.436,,0.86003,9.1838,7.4887,352.1,17191.94,3.8708,88.3055,147.3,131.74,1343.49,,,23.5936,4.9225,10.2375,1.6988,58.423,4.5264,4.9283,87.12,10.1583,1.5969,38.052,10.278,,1.1823,17.0787
2021-07-05,1.0,,1.576,1.9558,6.0069,1.4669,1.0935,7.6677,25.586,7.436,,0.85665,9.2182,7.4885,351.53,17176.31,3.8713,88.1605,147.1,131.58,1341.22,,,23.5266,4.9315,10.1778,1.6901,58.491,4.5059,4.9261,87.06,10.1435,1.596,38.114,10.2889,,1.1866,16.8813
2021-07-06,1.0,,1.5633,1.9558,6.0292,1.464,1.093,7.6545,25.61,7.4361,,0.8545,9.1942,7.4855,353.4,17151.39,3.8643,88.2126,147.1,130.99,1341.67,,,23.459,4.9193,10.215,1.6703,58.753,4.4941,4.9264,86.9726,10.149,1.592,38.13,10.2514,,1.1838,16.8278
2021-07-07,1.0,,1.5711,1.9558,6.1224,1.4708,1.0917,7.6478,25.688,7.4361,,0.855,9.19,7.4867,355.57,17146.47,3.865,88.2825,146.3,130.86,1344.89,,,23.5724,4.9241,10.2475,1.676,58.96,4.5192,4.9268,87.8009,10.1813,1.5924,38.173,10.2566,,1.1831,16.8666
2021-07-08,1.0,,1.5957,1.9558,6.2463,1.4893,1.0851,7.6832,25.894,7.4366,,0.86133,9.1967,7.4913,358.57,17280.56,3.8823,88.6073,146.3,129.91,1361.34,,,23.7922,4.9501,10.4138,1.7048,59.347,4.5504,4.9272,89.0266,10.1908,1.602,38.497,10.2904,,1.1838,17.0554
2021-07-09,1.0,,1.5868,1.9558,6.2369,1.4817,1.0852,7.6834,25.791,7.4367,,0.85758,9.2117,7.4929,355.1,17190.24,3.8924,88.371,146.3,130.46,1358.2,,,23.58,4.9691,10.3355,1.6982,59.384,4.5497,4.9286,88.0163,10.1853,1.6029,38.598,10.277,,1.1858,16.8759
2021-07-12,1.0,,1.5888,1.9558,6.2426,1.4813,1.0852,7.6751,25.723,7.4375,,0.8557,9.2052,7.4948,355.38,17199.18,3.892,88.411,146.3,130.55,1361.95,,,23.6064,4.9678,10.328,1.7019,59.847,4.5542,4.928,88.4389,10.2008,1.6027,38.732,10.2372,,1.1852,17.1471
2021-07-13,1.0,,1.584,1.9558,6.1316,1.4782,1.0857,7.6598,25.644,7.438,,0.85518,9.197,7.492,356.67,17142.99,3.8844,88.2879,146.5,130.55,1356.76,,,23.555,4.965,10.3085,1.6981,59.239,4.5687,4.9276,87.8029,10.1818,1.6014,38.635,10.1726,,1.1844,17.2735
2021-07-14,1.0,,1.5817,1.9558,6.0591,1.4732,1.084,7.6268,25.646,7.4376,,0.85158,9.1742,7.4928,358.08,17107.91,3.8672,87.9885,146.3,130.3,1355.24,,,23.5734,4.9616,10.332,1.6819,59.365,4.5736,4.9287,87.4789,10.205,1.599,38.525,10.1485,,1.1812,17.2975
2021-07-15,1.0,,1.5876,1.9558,6.0075,1.4808,1.0828,7.6304,25.587,7.4375,,0.85188,9.1726,7.4918,359.45,17143.25,3.8553,88.051,146.1,129.93,1350.13,,,23.5383,4.9627,10.3803,1.6888,59.272,4.5748,4.929,87.5176,10.2335,1.5995,38.598,10.1061,,1.1809,17.2028
2021-07-16,1.0,,1.5907,1.9558,6.0146,1.4856,1.0853,7.6373,25.538,7.4381,,0.85298,9.1684,7.4968,359.73,17083.05,3.8796,88.031,145.9,130.03,1347.94,,,23.4589,4.9681,10.3878,1.6836,59.364,4.5867,4.9285,87.5186,10.2428,1.5993,38.669,10.0521,,1.1802,16.984
2021-07-19,1.0,,1.6043,1.9558,6.0813,1.5028,1.084,7.6344,25.605,7.4377,,0.85913,9.1419,7.5065,359.48,17144.2,3.8781,88.226,146.1,128.96,1357.53,,,23.5865,4.9717,10.538,1.6986,59.865,4.5885,4.9268,87.9317,10.2533,1.6045,38.663,10.1142,,1.1766,17.0741
2021-07-20,1.0,,1.6082,1.9558,6.1633,1.5023,1.0838,7.6305,25.642,7.4381,,0.86545,9.1529,7.521,359.45,17143.51,3.881,87.921,146.9,129.03,1352.39,,,23.599,4.9743,10.617,1.7049,60.005,4.5954,4.9255,87.6775,10.2535,1.6106,38.634,10.0664,,1.1775,17.1349
2021-07-21,1.0,,1.6089,1.9558,6.1732,1.4932,1.0848,7.6201,25.695,7.4385,,0.86363,9.1518,7.5276,360.2,17119.8,3.8755,87.7895,148.0,129.63,1359.56,,,23.774,4.9825,10.5808,1.7004,59.396,4.5987,4.9255,87.5209,10.2448,1.6104,38.695,10.1063,,1.1772,17.2811
2021-07-22,1.0,,1.5959,1.9558,6.1029,1.4779,1.0829,7.6153,25.639,7.4382,,0.85563,9.1506,7.532,357.87,17063.23,3.8524,87.6615,148.2,129.83,1352.59,,,23.729,4.9726,10.3795,1.6906,58.921,4.5661,4.9227,86.9522,10.2245,1.602,38.704,10.0717,,1.1775,17.1449
2021-07-23,1.0,,1.5944,1.9558,6.1009,1.4788,1.0838,7.6224,25.65,7.4382,,0.85543,9.142,7.5353,359.13,17050.24,3.851,87.5905,149.0,130.11,1354.19,,,23.6237,4.9733,10.4065,1.6846,59.12,4.5691,4.9227,86.6254,10.2105,1.5997,38.743,10.0573,,1.1767,17.3882
2021-07-26,1.0,,1.601,1.9558,6.1546,1.4804,1.0826,7.6426,25.629,7.4372,,0.85468,9.1656,7.5245,361.65,17084.23,3.8487,87.7305,148.6,130.05,1360.69,,,23.6826,4.9877,10.427,1.6889,59.342,4.5888,4.9223,87.1713,10.205,1.6032,38.832,10.0973,,1.1787,17.4846
2021-07-27,1.0,,1.6029,1.9558,6.1288,1.4839,1.0806,7.6799,25.685,7.4371,,0.85503,9.1915,7.5064,359.43,17109.52,3.8411,87.913,149.0,129.98,1360.75,,,23.6687,4.999,10.4423,1.6956,59.553,4.5906,4.9196,87.0133,10.165,1.6059,38.926,10.107,,1.181,17.5332
2021-07-28,1.0,,1.6081,1.9558,6.0931,1.484,1.0802,7.6722,25.625,7.4373,,0.85095,9.188,7.5066,359.72,17117.84,3.8492,87.833,148.4,129.97,1362.99,,,23.5823,5.0003,10.4828,1.7013,59.465,4.5965,4.9213,86.7666,10.1963,1.6057,38.78,10.0973,,1.1807,17.4792
2021-07-29,1.0,,1.6062,1.9558,6.0419,1.4808,1.0788,7.6691,25.506,7.4376,,0.8508,9.2272,7.5085,358.08,17172.66,3.8521,88.1675,147.2,130.41,1360.07,,,23.5655,5.0324,10.3993,1.6986,59.722,4.5782,4.9215,87.0021,10.1675,1.6072,39.003,10.0851,,1.1873,17.3117
2021-07-30,1.0,,1.6133,1.9558,6.0716,1.4791,1.0771,7.6838,25.501,7.4379,,0.8514,9.2451,7.5003,357.2,17184.46,3.8403,88.3941,146.6,130.39,1368.74,,,23.6277,5.018,10.4405,1.699,59.479,4.5636,4.9203,86.7116,10.1868,1.609,39.098,9.9985,,1.1891,17.3283
2021-08-02,1.0,,1.6141,1.9558,6.1459,1.4816,1.0761,7.6807,25.476,7.4381,,0.85568,9.2398,7.4963,356.01,17089.57,3.8321,88.396,146.8,130.17,1367.67,,,23.5605,5.0218,10.4515,1.7041,59.211,4.5562,4.918,86.4182,10.191,1.6069,39.152,9.9181,,1.1886,17.0993
2021-08-03,1.0,,1.6086,1.9558,6.1791,1.4874,1.0735,7.6818,25.49,7.4376,,0.85355,9.2428,7.5005,354.59,16995.64,3.8211,88.2175,146.6,129.7,1364.59,,,23.5939,5.0161,10.4343,1.6953,58.946,4.5562,4.9183,86.7063,10.2045,1.6056,39.244,9.9576,,1.1885,17.1001
2021-08-04,1.0,,1.6002,1.9558,6.161,1.488,1.0729,7.6638,25.44,7.4367,,0.85153,9.2236,7.5009,354.24,16965.65,3.8035,87.9575,147.6,129.31,1355.44,,,23.5576,5.0077,10.455,1.6784,58.988,4.5438,4.9185,86.5106,10.197,1.6,39.272,10.0115,,1.1861,16.9211
2021-08-05,1.0,,1.599,1.9558,6.1064,1.4817,1.0733,7.6555,25.415,7.4366,,0.8506,9.216,7.5008,353.95,16993.36,3.8035,87.8256,148.0,129.79,1353.34,,,23.6112,4.9977,10.441,1.6759,59.66,4.548,4.9159,86.5784,10.1983,1.5996,39.389,10.1155,,1.185,17.0232
2021-08-06,1.0,,1.5968,1.9558,6.1594,1.4763,1.0724,7.6379,25.413,7.4371,,0.8484,9.1827,7.4978,352.72,16934.12,3.7967,87.4993,147.8,129.64,1349.15,,,23.5178,4.9814,10.423,1.6737,59.644,4.5563,4.916,86.4194,10.1683,1.5952,39.359,10.1385,,1.1807,17.0983
2021-08-09,1.0,,1.6002,1.9558,6.1735,1.4747,1.0786,7.619,25.391,7.437,,0.84745,9.1521,7.4995,353.87,16916.78,3.7851,87.3195,147.8,129.5,1345.82,,,23.5526,4.9731,10.4885,1.6763,59.275,4.5645,4.9134,86.3776,10.2175,1.5943,39.329,10.1679,,1.1761,17.2075
2021-08-10,1.0,,1.5965,1.9558,6.1471,1.4729,1.0813,7.5975,25.382,7.4373,,0.84568,9.1228,7.4985,352.86,16863.01,3.7825,87.193,148.2,129.48,1349.76,,,23.5629,4.9566,10.468,1.6758,59.007,4.5755,4.916,86.3225,10.2145,1.592,39.222,10.0813,,1.1722,17.3605
2021-08-11,1.0,,1.5958,1.9558,6.1113,1.4677,1.0818,7.5996,25.405,7.4373,,0.84698,9.1187,7.4955,354.84,16881.52,3.7694,87.1605,148.0,129.68,1357.41,,,23.5291,4.9684,10.4548,1.6704,59.126,4.5858,4.9163,86.8412,10.2305,1.5924,39.062,10.1467,,1.1718,17.3326
2021-08-12,1.0,,1.5963,1.9558,6.1263,1.4694,1.0824,7.6036,25.393,7.4371,,0.84743,9.1336,7.4988,353.25,16844.57,3.7817,87.1095,148.0,129.61,1365.19,,,23.357,4.9691,10.3755,1.6716,59.231,4.5876,4.9145,86.2888,10.1883,1.5933,38.762,10.0553,,1.1739,17.278
2021-08-13,1.0,,1.6006,1.9558,6.1611,1.4724,1.0829,7.6237,25.386,7.437,,0.85093,9.1573,7.4983,353.03,16901.56,3.7837,87.374,148.0,129.64,1369.96,,,23.3755,4.9854,10.3753,1.6776,59.543,4.574,4.9115,86.2279,10.1993,1.5967,39.213,10.0648,,1.1765,17.4561
2021-08-16,1.0,,1.6059,1.9558,6.2143,1.4782,1.0758,7.6243,25.427,7.4367,,0.84873,9.1641,7.4946,351.89,16920.96,3.7871,87.3695,148.2,128.75,1374.09,,,23.4319,4.9884,10.4048,1.6754,59.763,4.5653,4.9138,86.4513,10.2008,1.5967,39.371,9.9717,,1.1772,17.3852
2021-08-17,1.0,,1.6138,1.9558,6.2065,1.4838,1.0713,7.6244,25.441,7.4365,,0.85323,9.1704,7.491,351.15,16932.04,3.7991,87.439,148.4,128.57,1381.91,,,23.4266,4.9869,10.3983,1.6983,59.346,4.5605,4.9256,86.3767,10.1948,1.5993,39.208,9.9113,,1.1767,17.4416
2021-08-18,1.0,,1.617,1.9558,6.1913,1.4793,1.0726,7.5976,25.447,7.4368,,0.85183,9.1299,7.4953,350.52,16872.12,3.79,87.047,148.4,128.67,1371.95,,,23.4178,4.9682,10.422,1.698,59.15,4.5634,4.9254,86.3484,10.2233,1.5942,39.02,9.938,,1.1723,17.4356
2021-08-19,1.0,,1.6319,1.9558,6.3662,1.4919,1.0723,7.5901,25.501,7.4369,,0.85523,9.1121,7.5028,350.98,16922.07,3.8024,86.9975,148.8,128.21,1375.34,,,23.5852,4.9573,10.545,1.7101,59.084,4.5832,4.9295,86.7175,10.2798,1.5942,38.994,9.9731,,1.1696,17.7504
2021-08-20,1.0,,1.6373,1.9558,6.3622,1.5069,1.0711,7.5854,25.559,7.4368,,0.8575,9.0924,7.499,350.92,16887.06,3.7875,86.8025,149.4,127.97,1380.66,,,23.6848,4.9456,10.6,1.7108,58.765,4.5895,4.9344,86.9259,10.3263,1.5907,38.946,9.9571,,1.1671,17.875
2021-08-23,1.0,,1.6311,1.9558,6.2826,1.4911,1.0744,7.599,25.514,7.4369,,0.85635,9.1313,7.4958,350.13,16870.3,3.7857,86.915,150.2,129.02,1372.54,,,23.8334,4.952,10.487,1.7063,58.808,4.5868,4.9294,86.8572,10.2573,1.5924,39.091,9.915,,1.1718,17.8218
2021-08-24,1.0,,1.6203,1.9558,6.2681,1.4822,1.0711,7.6042,25.533,7.437,,0.85578,9.1448,7.4938,349.69,16897.0,3.7789,87.0625,150.0,128.74,1369.0,,,23.8606,4.9525,10.4003,1.6893,58.783,4.5792,4.928,86.7484,10.209,1.5918,38.595,9.8836,,1.174,17.6902
2021-08-25,1.0,,1.6191,1.9558,6.1707,1.4827,1.0739,7.6031,25.531,7.4366,,0.8559,9.1357,7.4925,348.76,16943.59,3.7925,87.152,148.6,129.0,1370.17,,,23.7798,4.935,10.3863,1.69,58.495,4.5779,4.929,86.6276,10.2248,1.5901,38.465,9.8787,,1.1736,17.5801
2021-08-26,1.0,,1.6206,1.9558,6.1506,1.4838,1.0789,7.6285,25.546,7.4366,,0.85718,9.1625,7.4885,349.18,16996.28,3.7932,87.234,148.6,129.6,1373.36,,,23.9001,4.9363,10.3615,1.6882,58.803,4.5779,4.9318,87.0756,10.2413,1.592,38.525,9.845,,1.1767,17.542
2021-08-27,1.0,,1.622,1.9558,6.1692,1.4914,1.0796,7.6195,25.563,7.4363,,0.85703,9.1619,7.4886,350.87,16968.95,3.8007,86.701,149.2,129.59,1375.78,,,23.9686,4.9279,10.3575,1.6927,58.754,4.5827,4.934,87.0549,10.2345,1.5888,38.406,9.8809,,1.1761,17.5356
2021-08-30,1.0,,1.6167,1.9558,6.1529,1.4867,1.0798,7.6347,25.566,7.4361,,0.85748,9.1891,7.4935,348.3,16916.81,3.7998,86.5035,149.8,129.66,1375.03,,,23.8273,4.9057,10.2395,1.6844,58.786,4.5678,4.9343,86.7119,10.1813,1.5881,38.271,9.8909,,1.1801,17.2578
2021-08-31,1.0,,1.6156,1.9558,6.1386,1.4896,1.0799,7.6465,25.523,7.436,,0.85875,9.2086,7.49,348.8,16879.69,3.7951,86.385,149.6,129.95,1370.03,,,23.7864,4.9194,10.26,1.676,58.765,4.5296,4.9359,86.76,10.1625,1.5897,38.129,9.831,,1.1834,17.2282
2021-09-01,1.0,,1.6088,1.9558,6.0886,1.4879,1.0845,7.6421,25.406,7.4361,,0.85863,9.1907,7.49,348.03,16872.69,3.7846,86.348,149.0,130.35,1369.25,,,23.6484,4.9085,10.2633,1.6776,59.163,4.5078,4.9346,86.3373,10.1961,1.5916,38.204,9.7985,,1.1817,17.0532
2021-09-02,1.0,,1.6038,1.9558,6.1429,1.4944,1.0848,7.6503,25.382,7.436,,0.85915,9.2075,7.501,347.85,16874.01,3.8029,86.5205,150.6,130.31,1372.66,,,23.6529,4.9256,10.2938,1.6702,59.039,4.5069,4.9393,86.2301,10.1939,1.5921,38.446,9.7942,,1.1846,16.9882
2021-09-03,1.0,,1.5961,1.9558,6.1279,1.4879,1.0863,7.6555,25.422,7.4361,,0.8584,9.2285,7.4973,348.4,16934.44,3.8023,86.7045,150.6,130.54,1374.06,,,23.6503,4.9227,10.2738,1.6654,59.202,4.5088,4.9438,86.381,10.1708,1.5941,38.62,9.8574,,1.1872,17.0285
2021-09-06,1.0,,1.5952,1.9558,6.1638,1.4883,1.0869,7.6611,25.401,7.436,,0.8571,9.2226,7.487,347.03,16876.96,3.7974,86.7135,150.6,130.34,1372.45,,,23.6212,4.9212,10.2728,1.6612,59.267,4.5208,4.9478,86.5584,10.1658,1.5926,38.516,9.8199,,1.1864,16.9075
2021-09-07,1.0,,1.6044,1.9558,6.1323,1.4936,1.0853,7.667,25.423,7.4362,,0.86115,9.2197,7.479,348.59,16911.96,3.8018,87.1355,150.8,130.51,1380.15,,,23.6659,4.9284,10.299,1.6667,59.566,4.518,4.9506,86.92,10.1515,1.5956,38.64,9.8735,,1.186,16.9774
2021-09-08,1.0,,1.6027,1.9558,6.1718,1.4982,1.0888,7.6376,25.394,7.436,,0.85873,9.1971,7.479,350.14,16871.1,3.7936,87.0105,150.6,130.31,1377.95,,,23.5314,4.9135,10.265,1.6633,59.282,4.5178,4.9495,86.626,10.174,1.5909,38.71,9.9891,,1.1827,16.8839
2021-09-09,1.0,,1.6035,1.9558,6.267,1.5002,1.0861,7.6402,25.398,7.4362,,0.85555,9.2072,7.4859,350.88,16858.46,3.7926,87.0705,150.8,130.1,1382.73,,,23.5363,4.9123,10.2648,1.6617,59.085,4.5335,4.9466,86.276,10.1863,1.5901,38.687,10.0272,,1.1838,16.7458
2021-09-10,1.0,,1.5986,1.9558,6.1436,1.4919,1.0854,7.6228,25.288,7.4362,,0.8526,9.2086,7.4861,349.88,16812.55,3.7871,86.9469,151.4,130.03,1380.55,,,23.5404,4.8998,10.2028,1.6554,59.045,4.5417,4.9413,86.1085,10.1843,1.5847,38.655,9.9558,,1.1841,16.6627
2021-09-13,1.0,,1.6015,1.9558,6.1563,1.4931,1.0873,7.6059,25.348,7.4362,,0.8512,9.1641,7.4775,349.58,16787.94,3.7795,86.844,151.4,129.62,1383.74,,,23.401,4.8893,10.1885,1.6575,58.819,4.5518,4.9453,85.8875,10.1853,1.5821,38.762,9.9468,,1.178,16.7103
2021-09-14,1.0,,1.6114,1.9558,6.1788,1.4951,1.0887,7.6168,25.389,7.4361,,0.8526,9.1899,7.476,350.05,16857.27,3.7968,87.037,151.2,130.08,1382.66,,,23.5067,4.917,10.1745,1.6625,58.868,4.5542,4.9485,86.1062,10.1453,1.587,38.927,9.9848,,1.1814,16.8097
2021-09-15,1.0,,1.6153,1.9558,6.1979,1.5004,1.0845,7.6069,25.318,7.4361,,0.8551,9.2021,7.4838,348.86,16826.33,3.7881,86.8625,151.2,129.11,1380.77,,,23.4927,4.917,10.1418,1.6666,58.742,4.5501,4.9485,85.9738,10.136,1.586,38.865,9.9769,,1.1824,16.8973
2021-09-16,1.0,,1.6077,1.9558,6.1611,1.4863,1.0886,7.5849,25.281,7.436,,0.85025,9.1575,7.5041,350.19,16766.34,3.7742,86.473,151.2,128.67,1380.44,,,23.3728,4.8952,10.1293,1.6548,58.715,4.5763,4.9488,85.2347,10.1518,1.5805,38.918,9.9663,,1.1763,17.0544
2021-09-17,1.0,,1.6111,1.9558,6.2039,1.4913,1.0931,7.6044,25.296,7.436,,0.85363,9.1691,7.5092,351.49,16762.9,3.7752,86.5335,151.4,129.61,1386.26,,,23.4722,4.914,10.1208,1.6658,58.819,4.5804,4.9488,85.4338,10.1553,1.5851,39.145,10.1323,,1.178,17.1891
2021-09-20,1.0,,1.6201,1.9558,6.2495,1.5056,1.0883,7.5726,25.432,7.4359,,0.85705,9.1188,7.5055,353.97,16742.86,3.7635,86.272,152.0,128.18,1393.32,,,23.6419,4.9098,10.243,1.6694,58.845,4.5997,4.9493,86.07,10.2173,1.5839,39.062,10.1512,,1.1711,17.3301
2021-09-21,1.0,,1.62,1.9558,6.2483,1.4995,1.0845,7.5945,25.4,7.436,,0.85855,9.1389,7.4975,354.63,16708.12,3.7664,86.4895,152.3,128.34,1388.85,,,23.5912,4.9118,10.1828,1.6707,58.825,4.6261,4.9497,85.982,10.1763,1.5866,39.205,10.1586,,1.1738,17.4427
2021-09-22,1.0,,1.6178,1.9558,6.1636,1.4997,1.082,7.585,25.38,7.4361,,0.86,9.1333,7.4935,355.28,16694.77,3.7592,86.622,152.1,128.5,1387.87,,,23.5533,4.9174,10.1268,1.6696,58.995,4.6325,4.9505,85.3877,10.1758,1.5855,39.222,10.1523,,1.1729,17.3368
2021-09-23,1.0,,1.611,1.9558,6.1788,1.485,1.0831,7.5643,25.352,7.4362,,0.85495,9.1205,7.4945,356.15,16671.56,3.7491,86.367,151.7,128.88,1374.73,,,23.4303,4.8992,10.086,1.6622,58.87,4.6077,4.9503,85.2372,10.1398,1.5798,38.964,10.246,,1.1715,17.126
2021-09-24,1.0,,1.6165,1.9558,6.2332,1.4895,1.083,7.5803,25.408,7.4362,,0.85703,9.124,7.4955,356.99,16747.11,3.75,86.471,150.9,129.49,1382.54,,,23.628,4.9085,10.089,1.6687,59.597,4.6047,4.9508,85.5104,10.138,1.5865,39.2,10.359,,1.1719,17.5453
2021-09-27,1.0,,1.6129,1.9558,6.2187,1.4812,1.085,7.5609,25.443,7.436,,0.8542,9.1054,7.5028,358.13,16673.16,3.7427,86.4025,150.1,129.74,1382.04,,,23.5043,4.8991,10.0655,1.6711,59.881,4.5955,4.9495,84.9955,10.1738,1.584,39.276,10.3471,,1.1698,17.6179
2021-09-28,1.0,,1.6115,1.9558,6.3122,1.4776,1.084,7.5433,25.517,7.436,,0.8595,9.0882,7.5013,359.39,16697.39,3.7505,86.5595,149.7,130.17,1385.41,,,23.5909,4.8843,10.102,1.6781,59.626,4.6176,4.9498,84.7497,10.1933,1.5846,39.46,10.3685,,1.1678,17.6299
2021-09-29,1.0,,1.6112,1.9558,6.3218,1.4793,1.0829,7.5347,25.457,7.436,,0.86443,9.0714,7.4975,359.6,16670.71,3.7425,86.467,150.7,129.89,1381.2,,,23.7082,4.8769,10.143,1.6826,59.203,4.626,4.946,84.6823,10.183,1.5822,39.49,10.3168,,1.1654,17.521
2021-09-30,1.0,,1.6095,1.9558,6.2631,1.475,1.083,7.4847,25.495,7.436,,0.86053,9.0184,7.4889,360.19,16572.03,3.7363,86.0766,150.9,129.67,1371.58,,,23.7439,4.8475,10.165,1.6858,59.066,4.6197,4.9475,84.3391,10.1683,1.576,39.235,10.2981,,1.1579,17.5629
2021-10-01,1.0,,1.5985,1.9558,6.2816,1.4698,1.0791,7.4781,25.309,7.4372,,0.85653,9.0304,7.498,358.16,16563.71,3.7353,85.975,149.7,128.97,1371.32,,,23.7955,4.8482,10.0204,1.6751,58.752,4.5826,4.947,84.7187,10.1538,1.5733,39.022,10.2583,,1.16,17.3449
2021-10-04,1.0,,1.5957,1.9558,6.2579,1.4668,1.0768,7.5013,25.32,7.4374,,0.8553,9.0597,7.493,355.9,16575.85,3.7456,86.4025,150.1,129.21,1372.5,,,23.8512,4.8569,9.977,1.6687,59.06,4.5685,4.9478,84.7198,10.1435,1.5777,39.242,10.2816,,1.1636,17.3166
2021-10-05,1.0,,1.5937,1.9558,6.3106,1.4612,1.0752,7.4805,25.308,7.4379,,0.85173,9.0324,7.505,356.9,16506.62,3.7477,86.488,148.0,128.99,1376.12,,,23.7904,4.8482,9.9155,1.665,58.893,4.5998,4.9477,84.1541,10.131,1.5743,39.203,10.2707,,1.1602,17.3792
2021-10-06,1.0,,1.5913,1.9558,6.3584,1.4575,1.0715,7.4407,25.415,7.4398,,0.8497,8.9876,7.508,359.43,16487.75,3.7452,86.438,148.6,128.52,1379.91,,,23.9641,4.8297,9.923,1.6728,58.804,4.5925,4.9458,83.6242,10.1628,1.5712,39.116,10.2802,,1.1542,17.4561
2021-10-07,1.0,,1.5839,1.9558,6.338,1.4545,1.0712,7.4536,25.415,7.4399,,0.85023,9.0008,7.515,358.16,16406.7,3.7353,86.408,148.8,128.78,1375.87,,,23.7032,4.837,9.9388,1.6676,58.308,4.5458,4.9475,83.178,10.1453,1.5697,39.051,10.2594,,1.1562,17.2074
2021-10-08,1.0,,1.5837,1.9558,6.3638,1.4499,1.0734,7.4591,25.434,7.4413,,0.8489,9.0066,7.5188,360.19,16430.43,3.7374,86.7495,149.4,129.32,1381.8,,,23.8295,4.8335,9.8855,1.6686,58.43,4.6182,4.9483,83.239,10.1138,1.5681,39.161,10.311,,1.1569,17.2259
2021-10-11,1.0,,1.5751,1.9558,6.3719,1.4431,1.0722,7.4644,25.399,7.4412,,0.84878,9.0049,7.5155,360.7,16444.42,3.7358,87.334,150.0,130.7,1383.43,,,24.0051,4.8264,9.888,1.668,58.924,4.5913,4.9493,82.963,10.1163,1.5665,39.195,10.3726,,1.1574,17.3108
2021-10-12,1.0,,1.566,1.9558,6.3977,1.4395,1.0729,7.4522,25.376,7.4408,,0.84755,8.9915,7.5155,359.91,16396.85,3.7275,87.272,150.0,131.06,1383.4,,,24.0232,4.8132,9.8608,1.6591,58.711,4.5805,4.9499,83.0176,10.1078,1.5664,38.501,10.4044,,1.1555,17.265
2021-10-13,1.0,,1.5722,1.9558,6.3814,1.4386,1.0722,7.4482,25.369,7.4407,,0.84898,8.9952,7.518,360.2,16438.27,3.7408,87.1095,150.0,131.3,1378.13,,,23.9497,4.8098,9.8555,1.6647,58.564,4.5772,4.949,83.0248,10.1195,1.5646,38.478,10.4833,,1.1562,17.194
2021-10-14,1.0,,1.5644,1.9558,6.3528,1.4361,1.0686,7.4683,25.387,7.4406,,0.84618,9.0244,7.5127,359.0,16353.05,3.7372,87.3355,149.6,131.65,1375.51,,,23.8458,4.8195,9.7928,1.6506,58.778,4.5693,4.95,83.1225,10.0138,1.5642,38.524,10.6104,,1.1602,17.162
2021-10-15,1.0,,1.564,1.9558,6.3635,1.4342,1.0729,7.4663,25.403,7.4402,,0.84368,9.0258,7.5105,359.71,16292.6,3.7409,86.967,149.6,132.65,1371.21,,,23.8542,4.8241,9.7625,1.6445,58.903,4.5644,4.9465,82.6325,10.0288,1.5637,38.669,10.7132,,1.1602,17.0504
2021-10-18,1.0,,1.5707,1.9558,6.3651,1.4384,1.0712,7.4617,25.453,7.44,,0.84438,9.0268,7.5085,361.35,16371.79,3.7402,87.4083,150.0,132.46,1377.9,,,23.7177,4.8406,9.7643,1.6436,59.025,4.5787,4.949,82.7185,10.0375,1.5659,38.827,10.774,,1.1604,17.1217
2021-10-19,1.0,,1.5601,1.9558,6.4806,1.4389,1.0716,7.4464,25.505,7.4406,,0.84275,9.0635,7.5083,360.64,16422.33,3.7425,87.5,150.0,133.12,1372.96,,,23.7003,4.8619,9.734,1.6294,59.157,4.5729,4.9488,82.6346,10.03,1.5666,38.881,10.8484,,1.1655,17.0003
2021-10-20,1.0,,1.5528,1.9558,6.483,1.4349,1.0739,7.4302,25.519,7.4404,,0.84503,9.0375,7.5092,361.59,16404.06,3.7357,87.0086,150.0,132.78,1364.31,,,23.4814,4.8369,9.7435,1.6219,58.972,4.585,4.9487,82.5141,10.015,1.5629,38.774,10.7821,,1.1623,16.8307
2021-10-21,1.0,,1.5528,1.9558,6.5892,1.4359,1.069,7.4463,25.615,7.4406,,0.8429,9.0487,7.5132,363.39,16460.85,3.7379,87.1445,149.8,132.85,1370.6,,,23.6004,4.8387,9.7065,1.6214,59.124,4.603,4.9467,82.9299,10.0145,1.5672,38.862,10.9681,,1.1637,16.9215
2021-10-22,1.0,,1.551,1.9558,6.6304,1.4341,1.0668,7.4337,25.655,7.4405,,0.8437,9.0412,7.5265,363.52,16500.43,3.7304,87.074,150.2,132.43,1368.39,,,23.5402,4.8265,9.7075,1.6257,59.084,4.5975,4.9454,81.8586,9.9748,1.5669,38.763,11.183,,1.163,17.0626
2021-10-25,1.0,,1.5505,1.9558,6.5405,1.4347,1.0666,7.4142,25.734,7.4399,,0.8438,9.0191,7.5273,365.84,16452.15,3.7207,87.216,149.8,131.88,1357.3,,,23.4551,4.817,9.7098,1.6235,58.814,4.6187,4.9475,81.1067,10.0,1.5633,38.423,11.2232,,1.1603,17.1563
2021-10-26,1.0,,1.5465,1.9558,6.462,1.4361,1.0684,7.4124,25.7,7.4392,,0.84178,9.0335,7.5225,365.29,16408.24,3.7178,87.082,150.0,132.47,1354.11,,,23.4016,4.8174,9.6828,1.6172,58.947,4.6009,4.9468,80.6417,9.9848,1.5637,38.456,10.9744,,1.1618,17.1309
2021-10-27,1.0,,1.5458,1.9558,6.451,1.4414,1.067,7.426,25.684,7.4394,,0.8453,9.0363,7.5145,364.05,16509.26,3.7062,87.201,149.8,132.0,1360.44,,,23.4502,4.8263,9.7368,1.6211,58.924,4.6207,4.9484,81.495,9.9713,1.5665,38.65,11.0173,,1.1617,17.3934
2021-10-28,1.0,,1.5411,1.9558,6.4798,1.4325,1.0656,7.4169,25.709,7.4391,,0.84373,9.0167,7.5155,363.33,16468.73,3.6859,86.8032,149.6,131.7,1357.69,,,23.5842,4.8111,9.7468,1.6146,58.717,4.6192,4.9495,81.6042,9.969,1.5623,38.547,11.1435,,1.1593,17.5553
2021-10-29,1.0,,1.5455,1.9558,6.5698,1.4383,1.0611,7.4488,25.697,7.4389,,0.8449,9.0563,7.527,360.0,16556.28,3.667,87.183,149.8,132.62,1362.92,,,23.8048,4.8222,9.7495,1.6255,58.654,4.6215,4.9493,82.3284,9.9368,1.5676,38.72,11.1393,,1.1645,17.7447
2021-11-01,1.0,,1.54,1.9558,6.5426,1.4325,1.0562,7.4077,25.634,7.4396,,0.84575,9.0108,7.5253,360.48,16532.95,3.636,86.7275,150.2,132.19,1363.88,,,23.9402,4.8066,9.7368,1.6097,58.55,4.6225,4.9493,82.2438,9.9135,1.5624,38.613,11.0202,,1.1578,17.7451
2021-11-02,1.0,,1.5544,1.9558,6.5907,1.4389,1.0594,7.4239,25.572,7.4399,,0.84955,9.0297,7.5307,359.35,16570.39,3.63,86.604,150.8,132.03,1363.97,,,24.073,4.8135,9.792,1.626,58.56,4.6078,4.95,83.2159,9.8973,1.5637,38.568,11.0656,,1.1603,17.9158
2021-11-03,1.0,,1.5574,1.9558,6.5663,1.4386,1.0568,7.4082,25.546,7.4381,,0.84823,9.0114,7.5195,358.88,16594.39,3.6291,86.2355,150.2,131.9,1369.05,,,24.0953,4.8089,9.861,1.622,58.611,4.5875,4.9494,83.3463,9.912,1.5627,38.624,11.2219,,1.1578,17.8613
2021-11-04,1.0,,1.5602,1.9558,6.4833,1.4365,1.0554,7.3983,25.469,7.4377,,0.8535,9.0059,7.524,359.86,16618.72,3.6052,86.0955,150.2,131.77,1369.33,,,23.8191,4.8052,9.859,1.6235,58.579,4.6067,4.9494,82.7443,9.906,1.5627,38.542,11.2503,,1.1569,17.5896
2021-11-05,1.0,,1.5594,1.9558,6.4193,1.4341,1.0559,7.3756,25.275,7.4376,,0.85545,8.967,7.5218,359.5,16504.97,3.5875,85.5415,150.2,130.98,1366.75,,,23.6152,4.7919,9.8878,1.6242,57.949,4.6037,4.9496,82.0294,9.9033,1.5581,38.341,11.1858,,1.1519,17.5039
2021-11-08,1.0,,1.5621,1.9558,6.4669,1.4411,1.0591,7.4048,25.252,7.4383,,0.85478,9.0175,7.5188,359.76,16507.4,3.5842,85.8135,150.4,131.29,1368.52,,,23.6244,4.8111,9.8745,1.6151,58.019,4.5956,4.9491,82.6617,9.9588,1.5611,38.211,11.2782,,1.1579,17.3716
2021-11-09,1.0,,1.5642,1.9558,6.3847,1.4397,1.0592,7.3989,25.197,7.4377,,0.8538,9.0186,7.519,360.99,16500.26,3.5928,85.791,150.4,130.9,1362.47,,,23.5335,4.8039,9.8555,1.6192,57.98,4.5926,4.9476,82.1148,9.8995,1.5601,37.932,11.2605,,1.1577,17.3964
2021-11-10,1.0,,1.5697,1.9558,6.2965,1.4371,1.0555,7.3866,25.209,7.4376,,0.85548,9.0035,7.5165,362.15,16460.52,3.5938,85.8824,150.4,130.9,1362.58,,,23.5282,4.8006,9.8848,1.6285,57.859,4.6121,4.9496,81.8733,9.9645,1.5585,37.899,11.3563,,1.1558,17.5294
2021-11-11,1.0,,1.5699,1.9558,6.2383,1.4419,1.0561,7.3292,25.254,7.4372,,0.85538,8.9299,7.5118,364.8,16342.32,3.5754,85.309,150.4,130.59,1353.13,,,23.5367,4.7765,9.9695,1.6318,57.372,4.6296,4.9474,81.5313,9.9648,1.5516,37.652,11.3605,,1.146,17.4775
2021-11-12,1.0,,1.569,1.9558,6.1902,1.4416,1.0568,7.3047,25.238,7.437,,0.85505,8.9206,7.5123,366.15,16239.91,3.56,85.193,150.4,130.5,1349.1,,,23.6472,4.7692,9.9508,1.6293,56.995,4.6428,4.9488,82.6649,10.0085,1.5494,37.527,11.3987,,1.1448,17.4919
2021-11-15,1.0,,1.5537,1.9558,6.2458,1.4334,1.0533,7.3034,25.217,7.4375,,0.85165,8.9156,7.5128,365.98,16225.69,3.5501,85.143,150.4,130.32,1350.36,,,23.5097,4.7624,9.9173,1.6174,57.309,4.6374,4.9496,82.8109,10.007,1.5457,37.428,11.4643,,1.1444,17.3545
2021-11-16,1.0,,1.549,1.9558,6.1838,1.4248,1.0528,7.2627,25.227,7.4367,,0.84533,8.8544,7.5099,366.35,16182.27,3.5148,84.5404,150.4,129.89,1343.0,,,23.4423,4.7359,9.8863,1.6186,57.225,4.6545,4.9493,83.1933,10.0293,1.5393,37.153,11.602,,1.1368,17.3177
2021-11-17,1.0,,1.5521,1.9558,6.2028,1.4206,1.053,7.217,25.22,7.4365,,0.8409,8.814,7.5116,364.73,16117.38,3.4658,84.03,149.8,129.78,1337.42,,,23.4259,4.729,9.8895,1.6162,56.944,4.6571,4.9493,82.0791,10.0303,1.5364,36.969,11.8601,,1.1316,17.5176
2021-11-18,1.0,,1.558,1.9558,6.2839,1.4295,1.0511,7.2419,25.23,7.4362,,0.84173,8.8366,7.512,363.69,16138.1,3.4941,84.218,148.8,129.58,1342.26,,,23.5605,4.7439,9.9523,1.6106,57.099,4.6565,4.9497,82.82,10.0555,1.5408,37.03,12.5522,,1.1345,17.7211
2021-11-19,1.0,,1.5581,1.9558,6.268,1.4254,1.0462,7.2027,25.413,7.4366,,0.83928,8.7832,7.516,367.8,16105.54,3.4887,83.6905,147.8,128.22,1344.64,,,23.4637,4.7152,10.0483,1.6098,57.073,4.6818,4.9495,82.8124,10.096,1.5344,36.969,12.5247,,1.1271,17.7513
2021-11-22,1.0,,1.5532,1.9558,6.3043,1.4257,1.0454,7.1975,25.373,7.4368,,0.83923,8.7875,7.5185,369.12,16075.81,3.4842,83.852,148.2,128.69,1338.72,,,23.5855,4.7204,10.0715,1.6095,57.146,4.6984,4.9496,84.4872,10.128,1.5357,37.116,12.6714,,1.1278,17.7799
2021-11-23,1.0,,1.5581,1.9558,6.3298,1.4324,1.0492,7.1943,25.445,7.4364,,0.84185,8.7744,7.524,370.91,16069.18,3.5014,83.8395,147.6,129.36,1340.6,,,23.7773,4.7277,10.071,1.6241,57.119,4.7119,4.9495,84.5002,10.133,1.5381,37.275,14.1306,,1.1259,17.849
2021-11-24,1.0,,1.5549,1.9558,6.2705,1.4227,1.0484,7.16,25.501,7.4367,,0.83935,8.7372,7.519,369.15,16018.25,3.5163,83.439,146.6,129.06,1331.51,,,23.833,4.7183,10.026,1.6257,56.504,4.6802,4.9493,83.8087,10.1905,1.533,37.389,13.5022,,1.1206,17.8078
2021-11-25,1.0,,1.5627,1.9558,6.2643,1.4223,1.048,7.1676,25.475,7.4362,,0.84295,8.7514,7.5225,366.61,16034.61,3.547,83.6074,147.0,129.41,1337.04,,,24.1647,4.7468,10.0655,1.6394,56.451,4.6661,4.9494,83.9075,10.176,1.535,37.496,13.4739,,1.1223,17.8177
2021-11-26,1.0,,1.5795,1.9558,6.3286,1.4397,1.0446,7.2149,25.662,7.4365,,0.8462,8.8045,7.5228,368.56,16248.69,3.5863,84.5395,147.4,128.82,1348.9,,,24.4974,4.7863,10.1613,1.6538,56.997,4.7117,4.9498,84.9702,10.26,1.547,38.006,13.7642,,1.1291,18.2448
2021-11-29,1.0,,1.5782,1.9558,6.3184,1.4362,1.044,7.2002,25.671,7.4367,,0.84583,8.795,7.529,368.58,16193.78,3.5617,84.6635,147.0,128.21,1344.73,,,24.67,4.7793,10.214,1.6552,56.787,4.6962,4.9498,84.0171,10.2903,1.5441,37.978,14.3166,,1.1276,18.2509
2021-11-30,1.0,,1.5898,1.9558,6.3762,1.4518,1.043,7.2395,25.526,7.4368,,0.85173,8.8601,7.5315,365.68,16277.55,3.5887,85.3274,147.0,128.2,1350.29,,,24.5059,4.7753,10.2795,1.6644,57.271,4.6639,4.951,84.6123,10.286,1.5521,38.282,14.9342,,1.1363,18.2269
2021-12-01,1.0,,1.5849,1.9558,6.3498,1.4433,1.0427,7.2065,25.443,7.4362,,0.85,8.8154,7.5185,363.78,16249.4,3.5623,84.7485,146.6,128.27,1330.53,,,24.0869,4.7745,10.2195,1.6548,57.004,4.6283,4.9467,83.6246,10.226,1.5431,38.151,15.1664,,1.1314,17.9011
2021-12-02,1.0,,1.5975,1.9558,6.3935,1.4526,1.0414,7.2297,25.42,7.4362,,0.85135,8.8375,7.5245,362.44,16342.16,3.5904,85.052,146.8,127.94,1333.57,,,24.1963,4.7964,10.2962,1.6662,57.32,4.5953,4.9488,83.5138,10.2658,1.5501,38.413,15.2937,,1.1339,17.9652
2021-12-03,1.0,,1.5999,1.9558,6.3687,1.4471,1.0387,7.1935,25.415,7.4362,,0.85048,8.8006,7.5273,363.86,16288.18,3.5655,84.8455,146.8,127.97,1334.04,,,23.9841,4.7772,10.2875,1.6634,57.048,4.5923,4.9493,83.0225,10.3185,1.5466,38.254,15.6131,,1.1291,17.9509
2021-12-06,1.0,,1.6034,1.9558,6.416,1.4437,1.0416,7.1986,25.421,7.4362,,0.85128,8.8053,7.5265,364.43,16306.04,3.5726,85.119,147.2,127.78,1333.81,,,23.9694,4.7817,10.2943,1.6703,56.915,4.5924,4.9462,83.3889,10.2688,1.5456,38.252,15.5642,,1.1287,18.0231
2021-12-07,1.0,,1.5836,1.9558,6.3327,1.4258,1.0414,7.1671,25.465,7.4363,,0.84933,8.7753,7.5205,365.88,16175.52,3.5495,84.878,147.4,127.83,1325.5,,,23.8972,4.7635,10.19,1.6607,56.772,4.5942,4.9488,83.7755,10.2573,1.538,37.91,15.369,,1.1256,17.9612
2021-12-08,1.0,,1.5841,1.9558,6.335,1.4281,1.0432,7.1726,25.475,7.4362,,0.85603,8.8088,7.525,368.13,16205.54,3.5176,85.2345,147.4,128.57,1328.25,,,23.6365,4.7733,10.096,1.6659,56.784,4.5962,4.9488,83.3019,10.2513,1.5415,37.829,15.4796,,1.1299,17.8168
2021-12-09,1.0,,1.584,1.9558,6.2718,1.4363,1.0446,7.2114,25.434,7.4362,,0.8574,8.8186,7.5305,365.81,16265.76,3.513,85.5075,147.4,128.21,1331.42,,,23.8011,4.7693,10.155,1.6672,57.045,4.6045,4.9493,83.2976,10.257,1.5446,37.96,15.6175,,1.1311,18.019
2021-12-10,1.0,,1.5765,1.9558,6.2923,1.434,1.0424,7.1814,25.365,7.4362,,0.85355,8.7918,7.525,365.58,16202.7,3.4931,85.3105,147.8,128.2,1331.35,,,23.6094,4.7488,10.1335,1.6635,56.746,4.6123,4.9494,82.8024,10.2463,1.5396,37.945,15.6908,,1.1273,18.0414
2021-12-13,1.0,,1.5795,1.9558,6.319,1.4388,1.0418,7.1777,25.401,7.4362,,0.85158,8.7967,7.521,367.07,16155.54,3.504,85.4225,148.0,128.19,1333.6,,,23.5354,4.7678,10.1598,1.6651,56.731,4.6221,4.9494,82.8238,10.231,1.542,37.612,16.0525,,1.1278,17.9694
2021-12-14,1.0,,1.5866,1.9558,6.3723,1.449,1.0404,7.1956,25.334,7.4362,,0.85345,8.8227,7.5213,366.85,16179.72,3.5242,85.879,147.4,128.45,1338.31,,,23.7839,4.786,10.2475,1.6723,56.882,4.63,4.9494,83.1963,10.281,1.5469,37.716,16.2092,,1.1309,18.1219
2021-12-15,1.0,,1.5763,1.9558,6.4354,1.4496,1.0416,7.1691,25.271,7.4362,,0.8498,8.7861,7.5208,369.09,16165.75,3.535,86.0345,146.8,128.25,1335.4,,,23.8856,4.7638,10.2278,1.6689,56.574,4.6272,4.9493,83.0838,10.2565,1.5405,37.615,16.5612,,1.1262,18.1976
2021-12-16,1.0,,1.5714,1.9558,6.4378,1.4484,1.0457,7.2183,25.282,7.4362,,0.84835,8.8432,7.5171,369.24,16265.88,3.5248,86.4005,146.8,129.37,1341.38,,,23.7706,4.7685,10.1458,1.661,56.681,4.6278,4.9498,83.286,10.2465,1.5455,37.919,17.5824,,1.1336,18.1121
2021-12-17,1.0,,1.5815,1.9558,6.4648,1.4527,1.0409,7.2234,25.255,7.4364,,0.85208,8.8388,7.5223,367.57,16268.73,3.5495,86.064,146.2,128.28,1342.76,,,23.5473,4.7807,10.1783,1.6738,56.621,4.6336,4.9501,83.6856,10.2753,1.5459,37.706,19.1155,,1.133,17.928
2021-12-20,1.0,,1.5855,1.9558,6.4219,1.4569,1.0408,7.1882,25.234,7.4363,,0.85205,8.7943,7.515,366.69,16244.16,3.5608,85.5025,146.6,127.98,1343.4,,,23.4407,4.7645,10.1915,1.6778,56.256,4.6337,4.9486,83.59,10.301,1.5415,37.889,20.0434,,1.1273,17.8271
2021-12-21,1.0,,1.584,1.9558,6.4573,1.4599,1.0417,7.1965,25.24,7.4362,,0.8528,8.8111,7.5215,368.0,16135.51,3.577,85.3648,146.8,128.44,1345.39,,,23.4677,4.754,10.1488,1.6726,56.389,4.6375,4.95,83.5985,10.3315,1.5414,38.019,14.7132,,1.1295,17.9025
2021-12-22,1.0,,1.5758,1.9558,6.4616,1.4589,1.0432,7.1999,25.24,7.4362,,0.849,8.8155,7.5208,368.54,16102.79,3.5775,85.407,146.8,129.08,1346.25,,,23.47,4.7617,10.0613,1.6674,56.772,4.632,4.9503,83.4396,10.2906,1.5422,38.13,14.0719,,1.1301,17.9668
2021-12-23,1.0,,1.5639,1.9558,6.4015,1.451,1.0413,7.2056,25.088,7.4362,,0.84228,8.8215,7.5165,369.84,16041.87,3.5663,85.0775,147.0,129.39,1343.29,,,23.409,4.7502,10.0113,1.6609,56.633,4.628,4.9495,83.2366,10.3035,1.5379,37.934,12.6525,,1.131,17.7769
2021-12-24,1.0,,1.5645,1.9558,6.4229,1.4502,1.0402,7.2064,25.014,7.436,,0.84389,8.8255,7.5108,370.82,16056.5,3.5735,84.885,147.2,129.45,1343.18,,,23.3103,4.748,10.0043,1.6589,56.592,4.619,4.9498,83.2027,10.33,1.5343,37.833,13.2402,,1.1317,17.5821
2021-12-27,1.0,,1.5685,1.9558,6.4157,1.4529,1.0396,7.2087,25.139,7.4362,,0.8433,8.8246,7.5025,370.22,16081.55,3.5465,84.8105,147.4,129.79,1343.6,,,23.3216,4.7318,10.0405,1.666,56.83,4.605,4.9498,83.2088,10.325,1.5354,37.963,12.8099,,1.1312,17.5609
2021-12-28,1.0,,1.5603,1.9558,6.3981,1.4487,1.0381,7.2159,24.98,7.4362,,0.84248,8.838,7.5175,369.08,16126.51,3.5223,84.6335,147.4,130.16,1345.14,,,23.4003,4.7369,9.9728,1.6602,57.288,4.6063,4.95,83.4446,10.2528,1.5335,37.948,13.3521,,1.1331,17.8113
2021-12-29,1.0,,1.5638,1.9558,6.3824,1.4486,1.038,7.1994,24.958,7.4365,,0.84115,8.8127,7.52,370.22,16112.32,3.5179,84.388,147.4,129.97,1341.06,,,23.2544,4.7269,9.9883,1.6625,57.592,4.6037,4.9499,83.5863,10.2608,1.5309,37.888,14.1525,,1.1303,17.9471
2021-12-30,1.0,,1.5594,1.9558,6.3734,1.4481,1.0363,7.223,24.917,7.4365,,0.8393,8.8399,7.5211,370.15,16163.41,3.5204,84.2575,147.6,130.44,1347.56,,,23.2431,4.7336,9.9703,1.6545,57.849,4.596,4.9494,84.8888,10.2438,1.533,37.867,14.7184,,1.1334,18.0173
2021-12-31,1.0,,1.5615,1.9558,6.3101,1.4393,1.0331,7.1947,24.858,7.4364,,0.84028,8.8333,7.5156,369.19,16100.42,3.5159,84.2292,147.6,130.38,1346.38,,,23.1438,4.7184,9.9888,1.6579,57.763,4.5969,4.949,85.3004,10.2503,1.5279,37.653,15.2335,,1.1326,18.0625
2022-01-03,1.0,,1.5691,1.9558,6.3539,1.442,1.0372,7.2174,24.818,7.4382,,0.84135,8.8541,7.519,367.71,16202.02,3.5139,84.3949,147.6,130.56,1354.4,,,23.2259,4.7379,10.0013,1.6651,58.051,4.5895,4.9483,84.5313,10.2958,1.5333,37.665,15.0777,,1.1355,17.9661
2022-01-04,1.0,,1.5682,1.9558,6.4174,1.4382,1.0355,7.1924,24.745,7.4378,,0.83618,8.7919,7.5185,365.12,16199.73,3.4909,84.2055,147.8,131.17,1352.91,,,23.1808,4.7214,10.0138,1.6668,57.988,4.5667,4.9481,84.9202,10.2808,1.531,37.582,15.1384,,1.1279,18.108
2022-01-05,1.0,,1.56,1.9558,6.4146,1.4399,1.0364,7.2087,24.581,7.4384,,0.83546,8.8227,7.519,362.15,16263.02,3.4989,84.161,146.8,131.03,1354.61,,,23.1422,4.7466,9.9672,1.6597,57.713,4.5666,4.946,85.7275,10.2545,1.534,37.607,15.2446,,1.1319,17.9369
2022-01-06,1.0,,1.5778,1.9558,6.442,1.4451,1.0395,7.2187,24.528,7.4393,,0.83593,8.8272,7.5197,359.84,16291.88,3.5247,84.2475,146.8,131.05,1362.06,,,23.2549,4.767,10.035,1.6752,57.943,4.5614,4.9435,86.5088,10.3265,1.5388,37.962,15.5504,,1.1315,17.7932
2022-01-07,1.0,,1.5804,1.9558,6.4343,1.4374,1.0422,7.206,24.439,7.438,,0.8343,8.8133,7.5214,358.68,16188.43,3.5135,83.978,146.0,130.9,1359.96,,,23.1109,4.7553,10.0288,1.6748,58.046,4.5496,4.9451,85.298,10.2839,1.5356,38.074,15.7206,,1.1298,17.6701
2022-01-10,1.0,,1.5774,1.9558,6.3969,1.4327,1.0446,7.2128,24.357,7.4381,,0.83398,8.8233,7.5278,358.4,16181.9,3.5303,83.8,146.2,130.45,1355.68,,,23.0597,4.7536,10.0253,1.6753,58.141,4.5334,4.9449,84.9825,10.3038,1.5344,38.074,15.7183,,1.1318,17.6999
2022-01-11,1.0,,1.5804,1.9558,6.389,1.4329,1.0502,7.2255,24.412,7.4404,,0.83475,8.8384,7.5236,357.45,16221.39,3.549,83.7481,147.0,130.95,1352.85,,,23.0888,4.7515,10.0165,1.6772,57.979,4.5438,4.945,84.8663,10.3075,1.5342,37.862,15.696,,1.1336,17.7094
2022-01-12,1.0,,1.5762,1.9558,6.3458,1.4261,1.0486,7.2379,24.423,7.4414,,0.83338,8.863,7.524,355.98,16295.93,3.5406,84.0285,147.0,131.19,1353.27,,,23.1852,4.7595,9.927,1.6775,58.08,4.5359,4.9453,84.7559,10.264,1.5358,37.936,15.5922,,1.137,17.5645
2022-01-13,1.0,,1.5709,1.9558,6.3518,1.4304,1.0453,7.2913,24.458,7.4409,,0.83545,8.9289,7.5202,355.24,16379.02,3.5638,84.717,147.0,130.98,1359.24,,,23.3894,4.7875,9.9333,1.6676,58.572,4.5361,4.944,86.603,10.238,1.5427,38.08,15.5744,,1.1463,17.6381
2022-01-14,1.0,,1.5803,1.9558,6.3361,1.433,1.0429,7.2728,24.493,7.4414,,0.83508,8.9119,7.5205,356.1,16388.85,3.5565,84.9445,147.0,130.17,1361.27,,,23.2684,4.7831,9.9863,1.6745,58.727,4.5414,4.9429,88.0011,10.2684,1.5418,38.033,15.5256,,1.1447,17.6043
2022-01-17,1.0,,1.5811,1.9558,6.2808,1.4287,1.0429,7.2402,24.467,7.4417,,0.83573,8.8844,7.5275,356.09,16337.73,3.5479,84.7295,146.8,130.64,1359.89,,,23.1901,4.7704,9.9623,1.6765,58.496,4.5256,4.9443,87.3907,10.305,1.5374,37.761,15.2757,,1.1403,17.601
2022-01-18,1.0,,1.5833,1.9558,6.2797,1.4228,1.0414,7.2212,24.426,7.4425,,0.83673,8.8576,7.5225,357.0,16318.64,3.5557,84.813,146.0,130.39,1355.33,,,23.1443,4.7554,9.9638,1.6798,58.553,4.526,4.9449,86.7325,10.3185,1.5349,37.635,15.4447,,1.1367,17.5398
2022-01-19,1.0,,1.5709,1.9558,6.2657,1.4144,1.0383,7.2003,24.313,7.4419,,0.83168,8.8392,7.5238,355.88,16283.78,3.5529,84.4135,145.2,129.86,1347.1,,,23.0922,4.757,9.9368,1.6684,58.429,4.5229,4.9449,86.48,10.3428,1.5293,37.467,15.4207,,1.1345,17.3889
2022-01-20,1.0,,1.5662,1.9558,6.1621,1.4158,1.0382,7.1936,24.263,7.4424,,0.83265,8.8274,7.525,355.81,16267.5,3.5564,84.362,145.4,129.53,1349.16,,,23.1684,4.7489,9.9578,1.6731,58.285,4.5228,4.9453,86.8952,10.3708,1.5261,37.319,15.2094,,1.1338,17.2531
2022-01-21,1.0,,1.5774,1.9558,6.2063,1.4211,1.0353,7.1946,24.347,7.4431,,0.83633,8.837,7.528,358.19,16244.2,3.5668,84.419,145.6,129.14,1351.89,,,23.2229,4.7508,10.0523,1.6884,58.171,4.5318,4.9453,86.838,10.414,1.526,37.358,15.223,,1.1348,17.1546
2022-01-24,1.0,,1.5866,1.9558,6.1901,1.4269,1.0308,7.1533,24.528,7.4431,,0.83803,8.8003,7.529,359.84,16213.69,3.5846,84.3495,145.6,128.62,1352.41,,,23.2566,4.7352,10.1638,1.6901,58.045,4.5572,4.9453,88.649,10.5038,1.5216,37.382,15.1621,,1.1304,17.2509
2022-01-25,1.0,,1.5814,1.9558,6.2049,1.4247,1.0364,7.1325,24.5,7.4437,,0.83713,8.7725,7.5295,359.44,16169.54,3.5898,84.277,146.0,128.49,1350.71,,,23.2909,4.7213,10.1385,1.6911,57.753,4.5751,4.9448,88.7384,10.502,1.5157,37.28,15.2723,,1.1268,17.2669
2022-01-26,1.0,,1.5727,1.9558,6.1084,1.4173,1.0386,7.1293,24.531,7.442,,0.83458,8.7791,7.529,359.67,16185.31,3.5834,84.4288,145.6,128.86,1350.03,,,23.1845,4.7268,10.0115,1.6865,57.728,4.5864,4.9451,89.265,10.4493,1.5162,37.169,15.2877,,1.1277,17.0858
2022-01-27,1.0,,1.5771,1.9558,6.0159,1.4161,1.0391,7.1061,24.427,7.4428,,0.83368,8.6951,7.5328,358.09,16052.42,3.5695,83.7893,145.2,128.74,1344.5,,,23.143,4.6844,9.9903,1.6872,57.295,4.5592,4.9466,87.139,10.445,1.5089,37.124,15.1946,,1.116,17.1112
2022-01-28,1.0,,1.5971,1.9558,6.0147,1.4239,1.0378,7.0857,24.443,7.4432,,0.83178,8.681,7.529,358.42,16047.76,3.5697,83.6015,144.0,128.68,1349.47,,,23.1854,4.6668,10.026,1.7031,57.028,4.5755,4.9463,86.6113,10.552,1.5109,37.229,15.1424,,1.1138,17.3844
2022-01-31,1.0,,1.582,1.9558,6.003,1.4233,1.0404,7.0963,24.372,7.4419,,0.83153,8.6994,7.5293,357.19,16036.76,3.564,83.3655,143.2,128.79,1349.08,,,23.1856,4.6693,10.0085,1.6983,56.985,4.5892,4.9475,86.7251,10.489,1.511,37.144,14.931,,1.1156,17.3734
2022-02-01,1.0,,1.5868,1.9558,5.9572,1.4299,1.0374,7.1625,24.335,7.4407,,0.83498,8.7779,7.5275,356.38,16126.29,3.566,84.197,143.8,129.12,1353.61,,,23.1296,4.7129,9.9638,1.7032,57.516,4.5804,4.9465,86.3238,10.4438,1.5199,37.378,15.0644,,1.126,17.1633
2022-02-02,1.0,,1.5828,1.9558,5.9677,1.433,1.0399,7.2026,24.298,7.4383,,0.83395,8.8245,7.526,354.45,16243.98,3.5777,84.613,143.2,129.37,1359.23,,,23.2134,4.7392,9.9228,1.701,57.785,4.5449,4.9463,85.815,10.385,1.5254,37.575,15.3011,,1.1323,17.3459
2022-02-03,1.0,,1.5849,1.9558,5.9843,1.4334,1.0407,7.1795,24.135,7.4388,,0.83208,8.7966,7.5295,353.94,16243.28,3.5949,84.518,142.4,129.63,1358.42,,,23.2359,4.7215,9.9545,1.7001,57.608,4.5315,4.9461,86.1788,10.387,1.5212,37.424,15.3047,,1.1286,17.2864
2022-02-04,1.0,,1.6165,1.9558,6.083,1.4583,1.0567,7.2923,24.36,7.4432,,0.84593,8.9286,7.5275,352.92,16493.16,3.6741,85.6445,142.8,131.72,1374.04,,,23.5856,4.7914,10.0483,1.7287,58.754,4.5474,4.9466,87.3095,10.4465,1.5419,37.797,15.5072,,1.1464,17.5875
2022-02-07,1.0,,1.6097,1.9558,6.0541,1.4546,1.0571,7.2807,24.222,7.4443,,0.84685,8.9202,7.52,353.48,16478.97,3.6547,85.5345,143.4,131.59,1371.76,,,23.575,4.7909,10.0658,1.7278,58.978,4.5432,4.9461,86.5824,10.4483,1.5389,37.735,15.5235,,1.1447,17.7
2022-02-08,1.0,,1.6025,1.9558,6.0209,1.4505,1.0545,7.2636,24.259,7.4437,,0.84363,8.8923,7.5215,353.09,16418.4,3.6753,85.2545,142.4,131.68,1367.88,,,23.5601,4.774,10.0758,1.7196,58.715,4.5312,4.945,85.7797,10.4433,1.5349,37.606,15.5558,,1.1408,17.638
2022-02-09,1.0,,1.5933,1.9558,6.0198,1.4514,1.0555,7.2759,24.288,7.4437,,0.84255,8.9106,7.5285,352.94,16390.99,3.6817,85.5765,142.2,132.04,1365.72,,,23.4719,4.7853,10.0585,1.7107,58.603,4.5135,4.9449,85.5289,10.4075,1.5349,37.404,15.551,,1.1435,17.5281
2022-02-10,1.0,,1.5894,1.9558,5.9668,1.4498,1.0571,7.2722,24.35,7.4404,,0.84248,8.9142,7.5275,354.02,16390.21,3.6796,85.9373,141.8,132.42,1367.52,,,23.3584,4.7855,10.0693,1.7076,58.583,4.4921,4.9451,85.0187,10.5275,1.5345,37.331,15.4838,,1.1439,17.3078
2022-02-11,1.0,,1.5927,1.9558,5.9263,1.4498,1.0557,7.2564,24.405,7.44,,0.83958,8.9054,7.5312,353.38,16339.46,3.6958,85.8535,141.8,132.24,1363.68,,,23.3183,4.7832,10.0732,1.7085,58.482,4.5204,4.9458,85.855,10.553,1.5339,37.282,15.4066,,1.1417,17.2736
2022-02-14,1.0,,1.5902,1.9558,5.8965,1.4431,1.0472,7.1937,24.527,7.4411,,0.8372,8.8283,7.5293,357.06,16190.53,3.6835,85.4715,142.6,130.6,1354.5,,,23.1331,4.742,10.0693,1.7112,58.114,4.54,4.9457,86.348,10.6158,1.5247,36.8,15.351,,1.1316,17.131
2022-02-15,1.0,,1.5888,1.9558,5.8977,1.4433,1.0483,7.1969,24.419,7.4422,,0.83765,8.8527,7.529,355.33,16187.89,3.6596,85.443,141.2,131.18,1357.5,,,23.1113,4.7493,10.0893,1.7143,58.144,4.5036,4.941,85.5025,10.5739,1.5265,36.724,15.4716,,1.1345,17.1767
2022-02-16,1.0,,1.5859,1.9558,5.8765,1.4416,1.0516,7.2101,24.365,7.441,,0.8394,8.8712,7.5295,355.65,16232.55,3.6256,85.3885,141.4,131.56,1361.31,,,23.1718,4.7595,10.1095,1.7108,58.346,4.4961,4.9436,85.3679,10.5363,1.5291,36.771,15.481,,1.1372,17.214
2022-02-17,1.0,,1.5786,1.9558,5.8495,1.4439,1.0466,7.206,24.383,7.4398,,0.83493,8.8692,7.533,356.08,16291.53,3.6231,85.2935,141.6,130.84,1360.7,,,23.0367,4.7612,10.1225,1.695,58.314,4.5065,4.9432,86.388,10.593,1.5278,36.537,15.4945,,1.137,16.9893
2022-02-18,1.0,,1.5754,1.9558,5.8435,1.4424,1.0452,7.184,24.337,7.4382,,0.83425,8.8566,7.5355,356.37,16304.49,3.6276,84.6525,140.8,130.59,1356.45,,,23.027,4.7528,10.1465,1.6896,58.403,4.5201,4.9453,86.2815,10.5796,1.5255,36.435,15.4678,,1.1354,17.0858
2022-02-21,1.0,,1.5751,1.9558,5.8045,1.4454,1.0387,7.1831,24.345,7.4397,,0.83298,8.8443,7.536,357.54,16276.34,3.6433,84.677,141.4,130.2,1353.02,,,22.9951,4.7387,10.1738,1.687,58.3,4.5351,4.9448,89.0866,10.6535,1.5265,36.588,15.4689,,1.1338,17.1895
2022-02-22,1.0,,1.5739,1.9558,5.7677,1.4441,1.0422,7.1771,24.496,7.4392,,0.83685,8.8495,7.537,355.89,16293.92,3.6584,84.758,141.2,130.54,1353.34,,,23.033,4.7472,10.1018,1.6848,58.208,4.5447,4.9464,89.8055,10.5996,1.5268,36.748,15.6959,,1.1342,17.1768
2022-02-23,1.0,,1.5592,1.9558,5.6808,1.4394,1.0431,7.1669,24.473,7.4388,,0.83463,8.8529,7.5362,357.25,16270.12,3.6515,84.6135,141.2,130.58,1350.23,,,22.9079,4.748,10.0335,1.6679,57.98,4.5481,4.9468,90.8791,10.5658,1.5253,36.601,15.6871,,1.1344,17.0508
2022-02-24,1.0,,1.5593,1.9558,5.6874,1.4316,1.032,7.0601,25.09,7.4405,,0.83463,8.7178,7.552,368.63,16074.0,3.6618,84.296,142.0,128.28,1347.7,,,22.9355,4.6896,10.0878,1.6692,57.45,4.6554,4.9501,95.7175,10.7338,1.5125,36.514,16.0525,,1.1163,17.1634
2022-02-25,1.0,,1.5541,1.9558,5.738,1.4325,1.0398,7.0828,24.66,7.4418,,0.8374,8.7578,7.5535,365.28,16088.71,3.6389,84.347,140.8,129.64,1346.44,,,22.9145,4.7107,9.9756,1.6651,57.549,4.6369,4.9479,92.5673,10.5848,1.5176,36.441,15.4799,,1.1216,17.0315
2022-02-28,1.0,,1.5508,1.9558,5.7828,1.4264,1.0336,7.067,24.997,7.4404,,0.8355,8.7514,7.5655,369.72,16100.72,3.63,84.554,141.8,129.31,1347.62,,,22.9011,4.7019,9.9465,1.6628,57.432,4.6835,4.9484,115.4842,10.6055,1.5201,36.593,15.4532,,1.1199,17.2863
2022-03-01,1.0,,1.5365,1.9558,5.7598,1.4158,1.0247,7.0462,25.465,7.4377,,0.8329,8.7234,7.567,379.6,16033.36,3.6152,84.5015,142.0,128.15,1342.6,,,22.8558,4.6802,9.8598,1.6484,57.295,4.7947,4.949,117.201,10.6893,1.515,36.505,15.5509,,1.1162,17.2145
2022-03-02,1.0,,1.5272,1.9558,5.7313,1.4088,1.0216,7.0153,25.866,7.4387,,0.83316,8.6785,7.574,382.31,15980.03,3.5954,84.1765,143.0,128.08,1338.99,,,22.999,4.6595,9.8826,1.6404,57.206,4.8021,4.9493,,10.788,1.5059,36.339,15.628,,1.1106,17.1904
2022-03-03,1.0,,1.5139,1.9558,5.6041,1.3992,1.0192,6.9996,25.634,7.4399,,0.82773,8.6547,7.57,378.64,15934.42,3.5872,84.174,143.4,128.18,1334.2,,,22.8945,4.637,9.8418,1.6329,57.293,4.7691,4.9496,,10.7688,1.5042,36.063,15.6897,,1.1076,16.8798
2022-03-04,1.0,,1.4872,1.9558,5.5313,1.3937,1.0056,6.9065,25.737,7.4394,,0.82388,8.5411,7.5584,386.54,15725.3,3.5603,83.4354,144.2,126.17,1332.23,,,22.7543,4.5661,9.8358,1.6005,56.814,4.853,4.9495,,10.7935,1.4872,35.776,15.5681,,1.0929,16.8044
2022-03-07,1.0,,1.4751,1.9558,5.5065,1.3864,1.0069,6.8846,25.584,7.4406,,0.82625,8.5154,7.56,393.25,15685.76,3.5653,83.8125,145.8,125.55,1338.45,,,23.0249,4.5426,9.8325,1.5861,56.832,4.9525,4.9494,,10.8573,1.4831,35.866,15.6577,,1.0895,16.6951
2022-03-08,1.0,,1.4971,1.9558,5.5346,1.3978,1.0111,6.8805,25.642,7.4441,,0.83185,8.5183,7.5715,388.28,15639.76,3.6022,83.924,145.9,126.03,1344.71,,,23.2866,4.5556,9.7925,1.5958,56.9,4.9103,4.9494,,10.8803,1.4856,36.156,15.8183,,1.0892,16.7051
2022-03-09,1.0,,1.4991,1.9558,5.5201,1.4108,1.0198,6.9454,25.364,7.444,,0.8357,8.5974,7.5625,379.66,15710.06,3.5978,84.2025,145.3,127.31,1357.08,,,23.2145,4.6028,9.798,1.6055,57.259,4.8196,4.9485,,10.734,1.4966,36.326,16.1323,,1.0993,16.656
2022-03-10,1.0,,1.5109,1.9558,5.5958,1.4189,1.027,7.0063,25.316,7.4401,,0.84175,8.6688,7.5665,381.63,15824.95,3.6219,84.607,145.5,128.54,1360.48,,,23.3153,4.6414,9.919,1.6185,57.825,4.8239,4.9491,,10.7073,1.5058,36.71,16.574,,1.1084,16.7264
2022-03-11,1.0,,1.5017,1.9558,5.5077,1.4024,1.023,6.9633,25.213,7.4402,,0.8397,8.6007,7.5713,380.92,15696.64,3.5683,83.9875,144.9,128.46,1354.04,,,22.9524,4.6098,9.8033,1.6053,57.461,4.782,4.949,,10.646,1.4949,36.542,16.2554,,1.099,16.4896
2022-03-14,1.0,,1.5137,1.9558,5.5286,1.3978,1.0249,6.9738,24.89,7.4405,,0.83915,8.5815,7.5745,373.88,15678.53,3.586,83.931,145.1,129.3,1357.77,,,22.8311,4.6087,9.8588,1.613,57.398,4.7218,4.949,,10.5368,1.4947,36.59,16.2,,1.096,16.5029
2022-03-15,1.0,,1.5234,1.9558,5.6385,1.4099,1.0322,7.0117,24.867,7.441,,0.84053,8.6026,7.575,371.41,15710.44,3.6088,83.9555,144.9,129.67,1366.05,,,22.9352,4.6239,9.849,1.6216,57.536,4.7355,4.9482,,10.526,1.4993,36.842,16.0968,,1.0991,16.6249
2022-03-16,1.0,,1.5165,1.9558,5.6523,1.3967,1.0336,6.9817,24.687,7.4412,,0.83988,8.5996,7.5725,371.18,15690.36,3.5872,83.7805,143.5,130.05,1353.77,,,22.854,4.6147,9.7988,1.6168,57.433,4.6765,4.9473,,10.4205,1.4966,36.681,16.1783,,1.0994,16.5574
2022-03-17,1.0,,1.5055,1.9558,5.6339,1.3998,1.0385,7.0176,24.777,7.4439,,0.84315,8.6391,7.573,372.05,15835.97,3.5777,83.8435,142.1,131.27,1340.02,,,22.788,4.6364,9.78,1.613,57.69,4.6889,4.9465,,10.4503,1.498,36.767,16.3123,,1.1051,16.5286
2022-03-18,1.0,,1.4945,1.9558,5.5784,1.3911,1.0314,7.0031,24.837,7.4423,,0.83925,8.6101,7.5685,375.33,15782.11,3.5761,83.7825,142.9,131.4,1337.31,,,22.5905,4.6157,9.694,1.6026,57.622,4.7135,4.9483,,10.4303,1.4952,36.745,16.3054,,1.1008,16.5347
2022-03-21,1.0,,1.4897,1.9558,5.502,1.3898,1.0278,7.0152,24.683,7.4411,,0.83775,8.6387,7.5733,374.48,15826.61,3.5637,84.1835,142.7,131.57,1342.62,,,22.48,4.6415,9.6575,1.5997,57.817,4.696,4.947,,10.4088,1.496,37.038,16.3773,,1.1038,16.4543
2022-03-22,1.0,,1.4802,1.9558,5.4105,1.3867,1.0275,7.0137,24.679,7.4402,,0.83228,8.6285,7.575,371.23,15808.01,3.5521,83.9145,142.7,132.96,1343.81,,,22.3667,4.6483,9.6233,1.586,57.749,4.6851,4.9463,,10.3822,1.4957,36.881,16.3432,,1.1024,16.343
2022-03-23,1.0,,1.4728,1.9558,5.3903,1.384,1.0269,7.0003,24.605,7.4381,,0.8328,8.5948,7.571,372.25,15792.11,3.5407,83.9675,141.4,132.65,1337.76,,,22.1978,4.6401,9.6425,1.5822,57.565,4.7052,4.9463,,10.4005,1.4919,36.965,16.3108,,1.0985,16.2501
2022-03-24,1.0,,1.4668,1.9558,5.3057,1.3806,1.0225,6.9933,24.72,7.4397,,0.83288,8.5897,7.5745,374.44,15778.31,3.5461,83.879,141.2,133.71,1342.53,,,22.177,4.6396,9.4923,1.5812,57.426,4.7421,4.9489,,10.3555,1.4912,36.837,16.2917,,1.0978,16.1478
2022-03-25,1.0,,1.4624,1.9558,5.2634,1.3781,1.0207,7.0007,24.645,7.4404,,0.8338,8.6117,7.5754,373.81,15777.69,3.5351,83.8235,142.2,134.07,1343.32,,,21.9908,4.6324,9.5205,1.5787,57.322,4.7307,4.9487,,10.3505,1.4919,36.906,16.3304,,1.1002,16.0386
2022-03-28,1.0,,1.459,1.9558,5.2133,1.3702,1.0257,6.9862,24.65,7.4393,,0.83643,8.5861,7.5735,374.13,15737.77,3.5313,83.4825,142.8,135.93,1342.49,,,21.9841,4.6238,9.5123,1.5838,57.08,4.718,4.9483,,10.4225,1.4921,37.027,16.275,,1.0966,15.9925
2022-03-29,1.0,,1.4795,1.9558,5.2434,1.387,1.0362,7.055,24.464,7.4388,,0.8444,8.6767,7.5815,369.8,15896.31,3.5505,83.9685,142.2,136.66,1345.62,,,22.1561,4.6707,9.5995,1.6054,57.602,4.6594,4.9478,,10.329,1.5051,37.29,16.3275,,1.1085,16.1804
2022-03-30,1.0,,1.4809,1.9558,5.2808,1.3891,1.0309,7.0666,24.45,7.4391,,0.84563,8.7081,7.572,368.13,15957.24,3.5399,84.38,142.2,135.47,1346.97,,,22.1557,4.6779,9.6398,1.5947,57.906,4.6679,4.9477,,10.3498,1.5064,37.144,16.3296,,1.1126,16.1288
2022-03-31,1.0,,1.4829,1.9558,5.3009,1.3896,1.0267,7.0403,24.375,7.4379,,0.84595,8.6918,7.574,369.77,15947.0,3.5243,84.134,142.0,135.17,1347.37,,,22.0903,4.6677,9.711,1.6014,57.514,4.6531,4.9463,,10.337,1.5028,36.911,16.2823,,1.1101,16.1727
2022-04-01,1.0,,1.4696,1.9558,5.2188,1.3805,1.0217,7.0311,24.376,7.4388,,0.84145,8.6596,7.5675,368.12,15887.5,3.5315,83.9847,142.0,135.35,1345.61,,,21.9087,4.6534,9.6628,1.5911,57.084,4.6401,4.9452,,10.332,1.4985,36.941,16.2411,,1.1052,16.1685
2022-04-04,1.0,,1.4651,1.9558,5.1162,1.3749,1.0203,7.0026,24.32,7.4385,,0.8389,8.6226,7.5455,369.15,15783.89,3.5312,83.118,141.8,135.08,1338.41,,,21.82,4.643,9.5489,1.586,56.521,4.6375,4.9432,,10.3849,1.4938,36.894,16.183,,1.1005,16.0957
2022-04-05,1.0,,1.4374,1.9558,5.0384,1.3647,1.0141,6.9783,24.338,7.4378,,0.8349,8.5917,7.5399,370.93,15732.77,3.5152,82.635,141.6,134.76,1330.81,,,21.7474,4.6185,9.5398,1.5657,56.194,4.6265,4.9438,,10.2593,1.4867,36.697,16.15,,1.0969,15.9529
2022-04-06,1.0,,1.4431,1.9558,5.0996,1.3647,1.0187,6.9498,24.441,7.4378,,0.83473,8.5617,7.547,377.77,15683.36,3.5199,82.8343,141.4,135.3,1330.44,,,21.8759,4.604,9.5523,1.5718,56.167,4.6328,4.9433,,10.2855,1.4844,36.701,16.0998,,1.0923,15.9934
2022-04-07,1.0,,1.4578,1.9558,5.146,1.3704,1.0185,6.9448,24.512,7.4378,,0.8345,8.5554,7.5562,379.26,15692.35,3.5259,82.951,141.0,135.32,1330.92,,,21.9806,4.6046,9.5595,1.5816,56.114,4.637,4.9419,,10.313,1.4848,36.541,16.0929,,1.0916,16.052
2022-04-08,1.0,,1.4552,1.9558,5.1583,1.3675,1.0155,6.9115,24.479,7.4372,,0.83355,8.5134,7.549,375.66,15601.96,3.501,82.389,139.6,134.87,1333.12,,,21.8729,4.585,9.508,1.5849,55.99,4.6437,4.9425,,10.2768,1.4801,36.488,16.0237,,1.0861,15.9968
2022-04-11,1.0,,1.4654,1.9558,5.155,1.3738,1.018,6.9405,24.429,7.4375,,0.83693,8.544,7.5519,378.27,15658.28,3.501,82.7085,140.0,137.01,1345.23,,,21.8653,4.6112,9.5478,1.5938,56.753,4.6456,4.9397,,10.3128,1.4874,36.613,16.0485,,1.09,15.9127
2022-04-12,1.0,,1.4599,1.9558,5.0944,1.3724,1.0131,6.9199,24.45,7.4379,,0.83455,8.5112,7.5513,377.78,15609.66,3.4972,82.7285,139.6,136.29,1335.49,,,21.5616,4.5972,9.5395,1.5874,56.574,4.6552,4.9417,,10.332,1.4803,36.531,15.9548,,1.0861,15.849
2022-04-13,1.0,,1.4603,1.9558,5.0449,1.37,1.0116,6.8939,24.45,7.4377,,0.8328,8.4867,7.5538,378.45,15549.1,3.4782,82.478,140.2,136.26,1328.47,,,21.417,4.5799,9.5693,1.5991,56.446,4.6453,4.9415,,10.3323,1.4769,36.305,15.7992,,1.0826,15.682
2022-04-14,1.0,,1.4612,1.9558,5.1226,1.3663,1.0189,6.932,24.42,7.4389,,0.82908,8.5298,7.5587,376.57,15621.3,3.4896,82.814,140.4,136.32,1334.71,,,21.5941,4.603,9.5313,1.5957,56.759,4.6478,4.9459,,10.3008,1.4732,36.615,15.9046,,1.0878,15.9331
2022-04-19,1.0,,1.4663,1.9558,5.0261,1.3631,1.0208,6.9008,24.424,7.4391,,0.82955,8.4698,7.562,374.12,15498.35,3.5038,82.6038,139.8,138.4,1339.46,,,21.4725,4.5961,9.5228,1.6016,56.683,4.6553,4.9411,,10.3408,1.4763,36.466,15.8416,,1.0803,16.0401
2022-04-20,1.0,,1.4581,1.9558,5.0481,1.3579,1.0254,6.9448,24.409,7.4405,,0.82965,8.494,7.561,371.36,15537.05,3.4908,82.6348,139.2,138.53,1337.89,,,21.6392,4.6415,9.5443,1.595,56.747,4.6338,4.9436,,10.23,1.4779,36.567,15.8892,,1.083,16.3019
2022-04-21,1.0,,1.4653,1.9558,5.0324,1.36,1.0335,7.0228,24.38,7.4403,,0.83523,8.5406,7.5635,370.6,15624.02,3.5153,82.965,139.0,139.61,1348.33,,,21.8836,4.6716,9.5788,1.6053,57.081,4.63,4.945,,10.2553,1.482,36.891,15.9983,,1.0887,16.5996
2022-04-22,1.0,,1.4816,1.9558,5.0926,1.3714,1.0336,7.0332,24.32,7.4402,,0.83925,8.4859,7.5625,370.35,15603.47,3.5288,82.6943,139.8,138.83,1344.04,,,22.0034,4.6784,9.6255,1.6193,56.721,4.6336,4.9455,,10.278,1.4784,36.724,15.9446,,1.0817,16.8652
2022-04-25,1.0,,1.4972,1.9558,5.1953,1.3709,1.0267,7.0398,24.418,7.4391,,0.8433,8.4325,7.562,374.08,15533.84,3.5306,82.321,139.2,137.73,1344.49,,,21.8989,4.6815,9.7018,1.624,56.259,4.6398,4.9455,,10.3476,1.4757,36.542,15.864,,1.0746,16.8549
2022-04-26,1.0,,1.4828,1.9558,5.249,1.3613,1.0229,6.9837,24.423,7.4393,,0.84135,8.3735,7.5625,374.46,15365.76,3.5147,81.7265,138.4,136.15,1340.02,,,21.6538,4.6485,9.7943,1.6102,55.681,4.6466,4.9458,,10.3935,1.4666,36.596,15.7944,,1.0674,16.7787
2022-04-27,1.0,,1.4828,1.9558,5.3045,1.3572,1.0229,6.9377,24.55,7.441,,0.84215,8.3045,7.565,379.74,15259.86,3.5178,81.0705,138.2,135.57,1341.98,,,21.6259,4.6142,9.7838,1.6118,55.195,4.7043,4.948,,10.4035,1.4602,36.331,15.6857,,1.0583,16.8406
2022-04-28,1.0,,1.4814,1.9558,5.2465,1.3498,1.0216,6.9381,24.526,7.4421,,0.8435,8.2267,7.5703,377.06,15222.05,3.5096,80.367,137.8,137.13,1337.82,,,21.4531,4.5741,9.899,1.6221,54.845,4.6891,4.9479,,10.3594,1.4556,36.152,15.5362,,1.0485,16.7472
2022-04-29,1.0,,1.4699,1.9558,5.1608,1.3426,1.0229,6.9441,24.605,7.4415,,0.83908,8.2703,7.5667,378.71,15301.52,3.4993,80.638,137.8,137.01,1326.71,,,21.4181,4.5886,9.7525,1.6119,55.2,4.678,4.9479,,10.2958,1.4545,36.026,15.6385,,1.054,16.6473
2022-05-02,1.0,,1.4913,1.9558,5.248,1.356,1.0253,6.9548,24.671,7.4391,,0.8381,8.2581,7.561,378.51,15293.41,3.5277,80.497,137.2,136.63,1333.71,,,21.4758,4.5816,9.9248,1.6362,55.229,4.685,4.9478,,10.4035,1.4585,36.208,15.6697,,1.0524,16.7383
2022-05-03,1.0,,1.4825,1.9558,5.3143,1.357,1.0272,6.9759,24.662,7.4403,,0.8413,8.2838,7.5555,382.15,15288.47,3.5597,80.842,137.6,137.06,1335.64,,,21.5025,4.5956,9.909,1.6366,55.455,4.6925,4.9475,,10.3978,1.4605,36.387,15.6941,,1.0556,16.8303
2022-05-04,1.0,,1.478,1.9558,5.24,1.3498,1.0324,6.9594,24.644,7.4409,,0.84194,8.2655,7.5499,377.55,15201.44,3.5487,80.4035,137.2,136.84,1331.45,,,21.2947,4.5847,9.9042,1.6333,55.26,4.6875,4.947,,10.3968,1.4559,36.137,15.5769,,1.0531,16.6489
2022-05-05,1.0,,1.4669,1.9558,5.2192,1.3483,1.0355,6.9944,24.606,7.4405,,0.8519,8.2948,7.5398,378.65,15250.92,3.5916,80.6185,138.0,137.18,1330.89,,,21.2069,4.5955,9.8463,1.6273,55.364,4.6673,4.9485,,10.3748,1.4561,36.026,15.7051,,1.0568,16.5862
2022-05-06,1.0,,1.4888,1.9558,5.3183,1.356,1.0419,7.0506,24.665,7.44,,0.85625,8.2969,7.5336,381.47,15312.44,3.5965,81.298,138.3,137.9,1343.9,,,21.3555,4.6191,9.9808,1.644,55.467,4.7028,4.949,,10.4686,1.4642,36.303,15.8078,,1.057,16.9614
2022-05-09,1.0,,1.5048,1.9558,5.4321,1.3656,1.0462,7.0886,25.055,7.4385,,0.85235,8.2887,7.5335,383.23,15367.67,3.6239,81.7415,139.5,138.1,1345.48,,,21.4341,4.6285,10.0583,1.6584,55.67,4.6985,4.9467,,10.5818,1.4676,36.497,15.8941,,1.0559,17.1332
2022-05-10,1.0,,1.5162,1.9558,5.4232,1.3707,1.0479,7.0967,25.014,7.4386,,0.85595,8.2847,7.5385,380.15,15349.06,3.6587,81.5425,139.5,137.38,1346.56,,,21.4716,4.6248,10.2315,1.6707,55.289,4.6763,4.9458,,10.6075,1.4667,36.448,16.0883,,1.0554,17.005
2022-05-11,1.0,,1.5055,1.9558,5.3859,1.3685,1.0446,7.0893,25.365,7.4393,,0.85393,8.2839,7.5365,379.13,15308.87,3.6148,81.4935,139.3,137.07,1343.99,,,21.387,4.6185,10.1793,1.6645,54.992,4.6575,4.947,,10.526,1.4622,36.492,16.1851,,1.0553,16.9275
2022-05-12,1.0,,1.5163,1.9558,5.4161,1.3569,1.0377,7.0691,24.925,7.4413,,0.85293,8.1702,7.5235,382.2,15255.73,3.5981,80.667,139.7,133.85,1341.98,,,21.2531,4.5725,10.2898,1.6692,54.589,4.668,4.947,,10.5648,1.4529,36.15,16.0132,,1.0408,16.8806
2022-05-13,1.0,,1.5067,1.9558,5.3204,1.3505,1.0385,7.0513,24.74,7.4412,,0.85115,8.1522,7.52,385.0,15193.55,3.5586,80.4315,140.1,133.91,1330.83,,,20.988,4.5673,10.2043,1.6633,54.449,4.6883,4.9455,,10.4905,1.45,36.109,16.0687,,1.0385,16.7789
2022-05-16,1.0,,1.5057,1.9558,5.2819,1.3473,1.0479,7.0786,24.71,7.4418,,0.85045,8.1812,7.5225,385.85,15294.29,3.5474,81.081,138.3,135.01,1337.9,,,20.9324,4.5836,10.2188,1.6601,54.705,4.6675,4.9469,,10.4978,1.4531,36.274,16.3121,,1.0422,16.9195
2022-05-17,1.0,,1.4993,1.9558,5.2621,1.3517,1.0457,7.0899,24.712,7.4414,,0.844,8.2744,7.5245,386.3,15433.23,3.5387,81.6515,138.7,136.32,1333.66,,,21.0273,4.6211,10.178,1.6561,55.137,4.6488,4.9478,,10.4393,1.4589,36.361,16.6027,,1.0541,16.844
2022-05-18,1.0,,1.498,1.9558,5.1974,1.3488,1.0486,7.0972,24.647,7.4419,,0.8467,8.2591,7.535,382.88,15446.0,3.526,81.6455,138.9,135.76,1332.76,,,20.9204,4.6254,10.2125,1.6548,55.077,4.6443,4.9473,,10.4675,1.4598,36.399,16.7811,,1.0523,16.7313
2022-05-19,1.0,,1.5036,1.9558,5.2094,1.349,1.0265,7.1028,24.7,7.4423,,0.84728,8.2594,7.5395,385.83,15416.76,3.5623,81.7115,139.5,134.46,1343.21,,,21.0043,4.6363,10.3102,1.6551,55.14,4.6423,4.9474,,10.5098,1.4576,36.343,16.8037,,1.0525,16.8315
2022-05-20,1.0,,1.498,1.9558,5.1989,1.3526,1.028,7.0638,24.67,7.4424,,0.8482,8.2999,7.5335,382.93,15501.99,3.533,82.1617,138.5,135.34,1340.58,,,21.0314,4.6422,10.262,1.6518,55.181,4.6365,4.9477,,10.4915,1.4588,36.284,16.8201,,1.0577,16.7131
2022-05-23,1.0,,1.4982,1.9558,5.1623,1.3626,1.031,7.085,24.594,7.4413,,0.84783,8.3664,7.5275,381.65,15609.0,3.5745,82.6795,139.1,136.05,1344.19,,,21.1273,4.6782,10.252,1.6463,55.686,4.621,4.947,,10.4918,1.4639,36.41,16.8672,,1.0659,16.7437
2022-05-24,1.0,,1.5152,1.9558,5.1793,1.3714,1.0334,7.1449,24.663,7.4411,,0.8575,8.4143,7.5285,383.33,15711.88,3.5848,83.185,139.3,136.49,1353.65,,,21.2456,4.7076,10.289,1.6656,56.152,4.6015,4.9446,,10.5013,1.4722,36.609,17.2572,,1.072,16.7814
2022-05-25,1.0,,1.5126,1.9558,5.1736,1.372,1.0269,7.1334,24.648,7.4405,,0.85295,8.3647,7.5355,388.25,15587.59,3.585,82.6666,138.3,135.34,1354.61,,,21.2213,4.6833,10.2704,1.6539,55.787,4.621,4.9416,,10.5419,1.4676,36.55,17.3954,,1.0656,16.7628
2022-05-26,1.0,,1.511,1.9558,5.1741,1.3715,1.0283,7.2024,24.676,7.4409,,0.85073,8.397,7.5355,391.72,15628.91,3.5935,83.0065,138.1,135.95,1352.69,,,21.1935,4.7045,10.2715,1.6541,55.975,4.6083,4.9423,,10.5983,1.4709,36.589,17.5588,,1.0697,16.9312
2022-05-27,1.0,,1.4995,1.9558,5.0959,1.3661,1.0258,7.1831,24.7,7.4392,,0.84875,8.4165,7.5379,392.83,15583.97,3.597,83.1915,137.9,136.05,1343.63,,,21.136,4.6952,10.179,1.6426,56.02,4.5858,4.9427,,10.5293,1.4679,36.589,17.582,,1.0722,16.746
2022-05-30,1.0,,1.4982,1.9558,5.0629,1.3647,1.0327,7.1735,24.712,7.4391,,0.8515,8.449,7.5305,392.18,15682.41,3.5722,83.475,136.9,137.25,1331.66,,,20.8994,4.6998,10.1256,1.6439,56.322,4.5855,4.9441,,10.518,1.4719,36.7,17.6416,,1.0764,16.648
2022-05-31,1.0,,1.4933,1.9558,5.0965,1.3573,1.0281,7.1402,24.714,7.4394,,0.85138,8.4063,7.541,396.2,15580.15,3.5746,83.231,136.3,137.36,1329.32,,,20.987,4.6907,10.0983,1.6459,56.323,4.5805,4.9408,,10.5053,1.4687,36.751,17.5817,,1.0713,16.745
2022-06-01,1.0,,1.4861,1.9558,5.0646,1.3536,1.0305,7.1586,24.748,7.4393,,0.85158,8.4057,7.5345,395.03,15574.33,3.5682,83.051,137.1,138.68,1331.44,,,21.0678,4.6951,10.0438,1.6442,56.182,4.5913,4.9428,,10.4758,1.47,36.801,17.6223,,1.0712,16.609
2022-06-02,1.0,,1.4829,1.9558,5.1335,1.352,1.0264,7.135,24.702,7.4391,,0.85195,8.3896,7.5325,394.9,15481.86,3.5705,82.922,136.9,138.72,1334.06,,,20.9831,4.6949,10.0845,1.6413,56.467,4.5787,4.9398,,10.4705,1.4701,36.754,17.6175,,1.0692,16.6143
2022-06-03,1.0,,1.4805,1.9558,5.1643,1.3484,1.0296,7.1465,24.708,7.4388,,0.8542,8.4167,7.522,394.78,15498.1,3.5751,83.273,137.9,139.59,1337.4,,,20.985,4.7094,10.103,1.6409,56.738,4.5955,4.9428,,10.4589,1.4741,36.777,17.738,,1.073,16.6153
2022-06-06,1.0,,1.4842,1.9558,5.0986,1.3463,1.032,7.1223,24.715,7.439,,0.85415,8.4154,7.5222,388.05,15464.73,3.5697,83.245,138.3,140.16,1341.13,,,20.9078,4.7076,10.0853,1.6428,56.67,4.5808,4.9424,,10.452,1.4732,36.774,17.796,,1.0726,16.4142
2022-06-07,1.0,,1.4884,1.9558,5.1256,1.3437,1.0423,7.1146,24.739,7.4395,,0.85365,8.3656,7.5244,389.33,15412.37,3.5661,82.873,138.9,141.66,1340.75,,,20.8435,4.6865,10.1843,1.6582,56.421,4.5813,4.9426,,10.5039,1.4685,36.768,17.8702,,1.0662,16.4059
2022-06-08,1.0,,1.4917,1.9558,5.2447,1.3467,1.0486,7.1785,24.622,7.4386,,0.85575,8.4275,7.5215,391.25,15577.86,3.5848,83.414,138.9,143.92,1349.34,,,21.0458,4.7187,10.1395,1.6644,56.799,4.5698,4.945,,10.4938,1.4769,37.076,18.453,,1.0739,16.4626
2022-06-09,1.0,,1.4985,1.9558,5.2506,1.3506,1.0495,7.1722,24.689,7.4391,,0.85653,8.4317,7.5223,396.45,15646.25,3.5859,83.526,138.7,143.93,1348.99,,,21.0248,4.7199,10.1818,1.6673,56.872,4.5925,4.9453,,10.5045,1.4779,37.079,18.5104,,1.0743,16.4132
2022-06-10,1.0,,1.4845,1.9558,5.1718,1.3484,1.0404,7.0868,24.705,7.4389,,0.85048,8.3031,7.5225,398.48,15393.27,3.5626,82.3355,137.7,141.69,1344.25,,,20.8285,4.6564,10.1495,1.6482,56.101,4.6053,4.9442,,10.5255,1.462,36.774,18.0116,,1.0578,16.5209
2022-06-13,1.0,,1.4998,1.9558,5.2785,1.3435,1.0375,7.0434,24.724,7.4397,,0.8585,8.2071,7.5215,399.3,15376.17,3.5994,81.606,138.7,140.51,1349.93,,,21.2102,4.6195,10.3222,1.6635,55.72,4.6373,4.9459,,10.616,1.4538,36.425,18.0495,,1.0455,16.807
2022-06-14,1.0,,1.5174,1.9558,5.3329,1.3522,1.0394,7.0417,24.749,7.4403,,0.86578,8.2048,7.5238,398.68,15400.02,3.6208,81.559,138.3,140.62,1346.72,,,21.4832,4.6224,10.3945,1.6755,55.669,4.6563,4.9443,,10.622,1.4541,36.566,18.06,,1.0452,16.7959
2022-06-15,1.0,,1.5051,1.9558,5.3164,1.3498,1.0435,7.0013,24.703,7.4392,,0.86328,8.1883,7.5245,397.96,15361.97,3.6007,81.5142,137.5,140.49,1346.86,,,21.4763,4.6037,10.3868,1.6706,55.627,4.669,4.9427,,10.6278,1.4519,36.529,18.0465,,1.0431,16.7111
2022-06-16,1.0,,1.4939,1.9558,5.2559,1.3446,1.0142,6.9844,24.742,7.4386,,0.8555,8.1638,7.5245,398.1,15427.31,3.5934,81.1945,137.5,138.24,1346.88,,,21.4115,4.5786,10.4588,1.6608,55.7,4.7138,4.9443,,10.6942,1.4451,36.566,18.0126,,1.04,16.6052
2022-06-17,1.0,,1.5039,1.9558,5.3824,1.3631,1.0105,7.0308,24.742,7.4384,,0.855,8.2314,7.5155,400.53,15537.05,3.6112,81.871,137.7,141.21,1356.27,,,21.4474,4.6159,10.4525,1.6601,56.371,4.7003,4.9469,,10.6748,1.4547,36.974,18.1495,,1.0486,16.7133
2022-06-20,1.0,,1.5061,1.9558,5.4117,1.3662,1.0162,7.0346,24.728,7.4387,,0.85748,8.2558,7.5175,397.85,15589.89,3.639,81.994,137.3,141.94,1357.54,,,21.3016,4.6291,10.4085,1.6549,56.872,4.652,4.9453,,10.6375,1.4589,37.157,18.2239,,1.0517,16.8603
2022-06-21,1.0,,1.5177,1.9558,5.442,1.366,1.0214,7.068,24.69,7.4393,,0.8601,8.2817,7.5205,396.48,15639.62,3.6505,82.423,138.7,143.75,1365.09,,,21.2485,4.6399,10.3283,1.6675,57.304,4.6435,4.9462,,10.646,1.4612,37.294,18.3049,,1.055,16.7881
2022-06-22,1.0,,1.5254,1.9558,5.4349,1.366,1.0153,7.0604,24.712,7.4387,,0.85885,8.2589,7.5228,396.0,15618.98,3.6432,82.4075,138.7,143.11,1369.29,,,21.1491,4.6345,10.5045,1.6835,57.174,4.6905,4.9467,,10.6688,1.4615,37.281,18.255,,1.0521,16.7985
2022-06-23,1.0,,1.5212,1.9558,5.4515,1.36,1.013,7.0367,24.75,7.4388,,0.85818,8.236,7.5286,399.6,15594.75,3.6192,82.1489,139.9,142.11,1367.21,,,21.0924,4.623,10.475,1.6713,57.44,4.7085,4.9468,,10.705,1.4589,37.261,18.2199,,1.0493,16.817
2022-06-24,1.0,,1.5248,1.9558,5.4851,1.3657,1.0072,7.0478,24.731,7.4398,,0.85773,8.2609,7.5295,401.34,15633.96,3.621,82.3985,139.7,142.19,1364.09,,,20.9901,4.6327,10.4345,1.6731,57.83,4.7023,4.9463,,10.694,1.462,37.36,18.2856,,1.0524,16.7137
2022-06-27,1.0,,1.5278,1.9558,5.5446,1.3639,1.0143,7.0737,24.724,7.4408,,0.862,8.2946,7.5333,402.62,15635.36,3.6009,82.9325,139.7,143.25,1357.68,,,21.041,4.6559,10.408,1.6801,57.9,4.699,4.944,,10.6713,1.4641,37.361,17.4794,,1.0572,16.7967
2022-06-28,1.0,,1.521,1.9558,5.5308,1.3565,1.0101,7.0775,24.726,7.4394,,0.8635,8.288,7.532,398.55,15669.91,3.6267,83.408,139.5,143.67,1361.75,,,21.088,4.6432,10.337,1.6822,57.85,4.6905,4.9443,,10.6543,1.4645,37.154,17.5891,,1.0561,16.9072
2022-06-29,1.0,,1.5256,1.9558,5.5163,1.3513,1.0005,7.0382,24.739,7.4392,,0.86461,8.2532,7.5285,394.28,15612.61,3.6344,83.037,139.9,143.53,1364.02,,,21.1375,4.6272,10.3065,1.6871,57.773,4.6869,4.9419,,10.6848,1.4607,36.925,17.4998,,1.0517,16.9295
2022-06-30,1.0,,1.5099,1.9558,5.4229,1.3425,0.996,6.9624,24.739,7.4392,,0.8582,8.1493,7.5307,397.04,15552.0,3.6392,82.113,138.9,141.54,1351.6,,,20.9641,4.5781,10.3485,1.6705,57.15,4.6904,4.9464,,10.73,1.4483,36.754,17.322,,1.0387,17.0143
2022-07-01,1.0,,1.5382,1.9558,5.5117,1.3492,1.0027,6.987,24.753,7.4391,,0.86648,8.1801,7.531,401.11,15621.64,3.6717,82.3747,138.7,141.05,1352.58,,,21.115,4.5943,10.3651,1.6929,57.452,4.7168,4.9457,,10.7783,1.4565,37.186,17.4608,,1.0425,17.1323
2022-07-04,1.0,,1.5205,1.9558,5.5663,1.3435,1.0037,6.9977,24.745,7.4391,,0.8596,8.2033,7.5301,401.52,15684.13,3.6655,82.5067,139.3,141.51,1353.4,,,21.1972,4.6138,10.2958,1.6748,57.487,4.71,4.944,,10.7658,1.4587,37.298,17.5994,,1.0455,17.0275
2022-07-05,1.0,,1.518,1.9558,5.5141,1.3364,0.9932,6.9029,24.751,7.4396,,0.85845,8.0748,7.5246,407.38,15487.93,3.6343,81.673,139.1,139.77,1348.97,,,21.0171,4.5477,10.285,1.6772,57.009,4.7448,4.9438,,10.8031,1.4455,36.879,17.5049,,1.029,16.9143
2022-07-06,1.0,,1.4961,1.9558,5.5116,1.3274,0.9896,6.8289,24.778,7.4403,,0.85676,7.9864,7.5198,411.8,15287.49,3.5884,80.5321,138.5,137.71,1331.69,,,21.0194,4.5028,10.2803,1.6505,56.779,4.771,4.944,,10.745,1.4305,36.78,17.5505,,1.0177,17.0246
2022-07-07,1.0,,1.4883,1.9558,5.4983,1.3227,0.9906,6.823,24.779,7.4405,,0.85105,7.9893,7.5193,410.04,15265.27,3.5548,80.6,139.3,138.11,1324.66,,,20.9675,4.5077,10.291,1.6461,56.939,4.7721,4.9448,,10.723,1.4255,36.74,17.5551,,1.018,17.0372
2022-07-08,1.0,,1.4871,1.9558,5.4345,1.3201,0.9913,6.8095,24.614,7.4424,,0.84585,7.9769,7.519,402.45,15210.73,3.5325,80.528,139.5,138.05,1321.61,,,20.8477,4.4992,10.263,1.6464,56.882,4.763,4.9431,,10.6665,1.4228,36.602,17.6026,,1.0163,17.1922
2022-07-11,1.0,,1.491,1.9558,5.3673,1.314,0.9908,6.7793,24.592,7.4414,,0.8454,7.9265,7.518,408.22,15131.92,3.5108,80.2435,139.3,138.77,1320.36,,,20.7845,4.4704,10.299,1.6466,56.574,4.7968,4.943,,10.6943,1.4178,36.585,17.5447,,1.0098,17.1634
2022-07-12,1.0,,1.49,1.9558,5.4009,1.3094,0.9883,6.7518,24.582,7.4408,,0.84823,7.8828,7.517,409.98,15054.05,3.4987,79.8965,139.1,137.31,1315.1,,,20.8883,4.4556,10.2754,1.6395,56.648,4.819,4.9413,,10.629,1.4127,36.392,17.4392,,1.0042,17.1509
2022-07-13,1.0,,1.4802,1.9558,5.4533,1.3073,0.9829,6.7722,24.397,7.4416,,0.84371,7.9025,7.5155,409.35,15117.08,3.4864,80.1285,138.3,138.02,1311.4,,,20.9029,4.4667,10.2428,1.635,56.669,4.824,4.9414,,10.602,1.4134,36.377,17.5629,,1.0067,17.0527
2022-07-14,1.0,,1.4893,1.9558,5.4586,1.3162,0.9841,6.7618,24.417,7.4425,,0.8456,7.8539,7.5122,408.78,15119.56,3.4915,80.0752,138.89,139.04,1322.29,,,20.9585,4.4462,10.2536,1.6437,56.565,4.8146,4.942,,10.6019,1.4065,36.632,17.494,,1.0005,17.202
2022-07-15,1.0,,1.4886,1.9558,5.4434,1.3147,0.9849,6.7943,24.561,7.443,,0.84988,7.8963,7.516,403.73,15081.58,3.5044,80.316,138.9,139.49,1333.79,,,20.9209,4.4752,10.2763,1.6377,56.678,4.7953,4.9407,,10.5943,1.4113,36.866,17.5451,,1.0059,17.2875
2022-07-18,1.0,,1.4839,1.9558,5.4505,1.3151,0.9911,6.8266,24.508,7.4435,,0.84708,7.9528,7.513,402.05,15157.63,3.5004,81.034,138.9,140.16,1333.33,,,20.7095,4.5113,10.2553,1.6432,57.056,4.776,4.9389,,10.5265,1.4153,37.13,17.7225,,1.0131,17.383
2022-07-19,1.0,,1.4869,1.9558,5.5454,1.3264,0.9918,6.9064,24.555,7.4449,,0.85303,8.0423,7.5093,397.45,15344.49,3.5295,81.898,138.9,141.01,1340.33,,,20.8552,4.559,10.176,1.6456,57.583,4.7598,4.9395,,10.4964,1.4269,37.492,18.018,,1.0245,17.457
2022-07-20,1.0,,1.4767,1.9558,5.5427,1.3132,0.9896,6.8892,24.493,7.4452,,0.85178,8.0062,7.5143,399.5,15275.82,3.5147,81.599,139.5,140.92,1337.61,,,20.8967,4.5406,10.1323,1.6308,57.398,4.782,4.9396,,10.4606,1.4204,37.405,17.9444,,1.0199,17.3924
2022-07-21,1.0,,1.4848,1.9558,5.5777,1.3178,0.9924,6.904,24.496,7.4446,,0.85545,8.0056,7.52,400.13,15342.25,3.5203,81.451,139.7,141.46,1337.47,,,20.941,4.5457,10.175,1.6479,57.512,4.761,4.9391,,10.426,1.4218,37.66,18.0327,,1.0199,17.5195
2022-07-22,1.0,,1.4677,1.9558,5.5821,1.3105,0.9832,6.8852,24.514,7.4443,,0.85141,7.9985,7.5234,398.3,15275.69,3.5083,81.384,139.5,139.51,1335.66,,,20.9595,4.5366,10.1498,1.6265,57.24,4.7508,4.9321,,10.4328,1.4151,37.392,18.094,,1.019,17.2009
2022-07-25,1.0,,1.4707,1.9558,5.5976,1.3168,0.9869,6.9094,24.535,7.4449,,0.84813,8.0345,7.5195,396.5,15303.87,3.5201,81.6675,139.5,139.84,1341.25,,,20.9376,4.5586,10.0704,1.6325,57.209,4.708,4.9339,,10.3973,1.4176,37.525,18.2653,,1.0236,17.1502
2022-07-26,1.0,,1.4605,1.9558,5.4437,1.3035,0.9765,6.8451,24.607,7.4449,,0.84558,7.9466,7.5145,400.99,15185.27,3.4891,80.805,139.1,138.35,1326.65,,,20.7845,4.5113,10.0105,1.6235,56.16,4.742,4.9324,,10.4445,1.4066,37.18,18.0705,,1.0124,17.087
2022-07-27,1.0,,1.462,1.9558,5.4039,1.3049,0.9768,6.8534,24.575,7.4446,,0.84138,7.9692,7.514,404.67,15213.07,3.4855,81.135,139.1,138.89,1333.99,,,20.753,4.5263,9.9558,1.6306,56.455,4.7978,4.9334,,10.4545,1.4088,37.4,18.1859,,1.0152,17.1347
2022-07-28,1.0,,1.4535,1.9558,5.33,1.2986,0.9745,6.8325,24.609,7.4442,,0.83586,7.9456,7.52,407.3,15107.59,3.4701,80.6535,138.7,137.26,1320.45,,,20.676,4.5071,9.8983,1.6172,56.592,4.7908,4.9342,,10.449,1.4009,37.097,18.1417,,1.0122,17.0011
2022-07-29,1.0,,1.4646,1.9558,5.2739,1.31,0.9744,6.8705,24.61,7.4438,,0.8399,8.0054,7.518,404.8,15155.56,3.4714,80.882,138.3,136.42,1329.4,,,20.6745,4.5386,9.8773,1.6283,56.375,4.7375,4.9343,,10.3875,1.4088,36.978,18.2472,,1.0198,16.8627
2022-08-01,1.0,,1.4535,1.9558,5.2723,1.3076,0.9717,6.9105,24.628,7.4457,,0.837,8.0329,7.521,401.35,15203.21,3.4546,80.9335,138.7,135.38,1333.3,,,20.7635,4.5568,9.8638,1.616,56.734,4.734,4.9283,,10.3668,1.4087,36.977,18.3475,,1.0233,16.8613
2022-08-02,1.0,,1.4745,1.9558,5.3175,1.315,0.9744,6.9117,24.644,7.4432,,0.83665,8.0257,7.5195,396.82,15204.85,3.4486,80.3243,139.3,133.9,1339.16,,,20.952,4.5531,9.9305,1.6254,56.834,4.7063,4.9298,,10.3995,1.4103,36.914,18.3564,,1.0224,16.982
2022-08-03,1.0,,1.4681,1.9558,5.3547,1.3085,0.9773,6.883,24.65,7.4427,,0.83629,8.0022,7.5178,395.03,15184.35,3.4362,80.6895,139.3,136.18,1336.03,,,21.0788,4.5435,9.8743,1.6266,56.855,4.691,4.9245,,10.3913,1.4069,36.963,18.3112,,1.0194,17.1283
2022-08-04,1.0,,1.4607,1.9558,5.3614,1.307,0.9765,6.8769,24.659,7.4425,,0.84231,7.9919,7.515,395.98,15200.94,3.4101,80.7715,138.7,135.81,1333.7,,,20.756,4.5387,9.9065,1.6172,56.633,4.7233,4.9261,,10.374,1.4037,36.606,18.2922,,1.0181,17.0352
2022-08-05,1.0,,1.4713,1.9558,5.3348,1.3185,0.9776,6.9068,24.581,7.4415,,0.84268,8.0328,7.5148,393.78,15236.2,3.4033,81.0469,138.9,136.22,1324.53,,,20.8367,4.5598,9.982,1.6248,56.524,4.7085,4.9251,,10.3573,1.4077,36.373,18.3853,,1.0233,17.0342
2022-08-08,1.0,,1.4607,1.9558,5.238,1.3134,0.9763,6.8931,24.515,7.4405,,0.84165,8.0061,7.5123,394.27,15147.65,3.3895,81.166,140.1,137.62,1329.93,,,20.681,4.5477,9.9405,1.6202,56.554,4.7043,4.9163,,10.365,1.4058,36.38,18.3175,,1.0199,16.9694
2022-08-09,1.0,,1.4687,1.9558,5.2478,1.3163,0.9763,6.9106,24.532,7.4407,,0.8452,8.0334,7.514,397.35,15197.09,3.3865,81.406,140.1,138.26,1336.74,,,20.7145,4.5592,9.9365,1.6304,56.939,4.7085,4.9038,,10.3875,1.411,36.264,18.3342,,1.0234,17.05
2022-08-10,1.0,,1.4682,1.9558,5.251,1.3207,0.9713,6.9222,24.397,7.4397,,0.84608,8.046,7.5158,397.65,15218.87,3.3773,81.468,139.7,138.16,1344.16,,,20.713,4.5693,9.9118,1.6211,57.061,4.7063,4.9138,,10.3773,1.4107,36.42,18.4099,,1.0252,16.8788
2022-08-11,1.0,,1.4532,1.9558,5.2447,1.3202,0.9712,6.9668,24.346,7.4395,,0.84575,8.1118,7.515,394.18,15215.93,3.3505,82.2845,139.7,136.57,1344.62,,,20.6398,4.5952,9.804,1.6045,57.225,4.6828,4.9055,,10.36,1.4151,36.343,18.5674,,1.0338,16.7083
2022-08-12,1.0,,1.4496,1.9558,5.3007,1.3148,0.9689,6.9352,24.38,7.4395,,0.84715,8.06,7.5138,392.3,15104.2,3.345,81.9935,140.3,137.47,1342.59,,,20.4925,4.5709,9.813,1.5985,57.246,4.6773,4.8915,,10.4515,1.4106,36.393,18.4733,,1.0285,16.7318
2022-08-15,1.0,,1.4508,1.9558,5.2268,1.3167,0.9631,6.905,24.46,7.4373,,0.84375,7.9899,7.5028,398.6,15042.36,3.3294,81.061,140.3,135.61,1336.35,,,20.3914,4.5465,9.871,1.6002,57.122,4.6858,4.8849,,10.498,1.4036,36.218,18.3143,,1.0195,16.7375
2022-08-16,1.0,,1.4463,1.9558,5.1835,1.3076,0.9625,6.8767,24.54,7.4368,,0.84218,7.9449,7.51,406.2,14968.68,3.3087,80.3745,140.3,136.11,1329.66,,,20.1595,4.5245,9.8428,1.6012,56.602,4.7043,4.882,,10.5365,1.398,35.93,18.1994,,1.0131,16.6556
2022-08-17,1.0,,1.4655,1.9558,5.2838,1.3117,0.9686,6.8917,24.566,7.4377,,0.84208,7.9705,7.5071,404.28,15015.81,3.311,80.7555,140.3,137.36,1337.02,,,20.3825,4.5413,9.8428,1.6165,56.772,4.7078,4.8825,,10.5617,1.4051,36.052,18.2568,,1.0164,16.9125
2022-08-18,1.0,,1.4617,1.9558,5.2326,1.3118,0.9683,6.906,24.611,7.4389,,0.84391,7.9844,7.5215,405.13,15092.62,3.2993,81.042,140.5,137.17,1344.81,,,20.313,4.5536,9.8283,1.6145,56.776,4.724,4.8808,,10.5903,1.4053,36.254,18.4095,,1.0178,17.0004
2022-08-19,1.0,,1.4584,1.9558,5.2334,1.3062,0.9616,6.8531,24.625,7.4373,,0.84938,7.8877,7.5155,407.35,14951.91,3.2879,80.2988,140.5,137.67,1343.39,,,20.3273,4.5007,9.8418,1.6203,56.325,4.751,4.8811,,10.6095,1.3979,35.988,18.2028,,1.0054,17.1007
2022-08-22,1.0,,1.4478,1.9558,5.1752,1.2989,0.958,6.8457,24.651,7.437,,0.84658,7.8468,7.5113,408.0,14895.47,3.2778,79.8615,140.9,137.08,1344.21,,,20.1583,4.4854,9.7719,1.6125,56.218,4.764,4.8853,,10.65,1.3958,36.099,18.1268,,1.0001,17.0766
2022-08-23,1.0,,1.4437,1.9558,5.0984,1.2928,0.9602,6.7952,24.658,7.4374,,0.84343,7.79,7.5128,410.55,14743.28,3.2598,79.2805,140.1,136.34,1332.1,,,19.9152,4.4557,9.7438,1.6071,55.661,4.7788,4.8839,,10.6063,1.386,35.856,17.983,,0.9927,16.9568
2022-08-24,1.0,,1.4389,1.9558,5.0606,1.2908,0.9576,6.822,24.629,7.4381,,0.84283,7.795,7.5125,410.93,14757.6,3.2599,79.3006,139.5,135.74,1332.84,,,19.7781,4.4559,9.636,1.6065,55.7,4.7668,4.88,,10.586,1.3857,35.906,18.0362,,0.9934,16.8976
2022-08-25,1.0,,1.4306,1.9558,5.0879,1.2881,0.9616,6.8317,24.648,7.4374,,0.84293,7.8234,7.514,408.93,14753.15,3.2791,79.6555,140.3,136.07,1331.98,,,19.8132,4.4586,9.64,1.6006,55.842,4.7578,4.8758,,10.5525,1.3857,35.732,18.112,,0.997,16.7903
2022-08-26,1.0,,1.4333,1.9558,5.1069,1.2944,0.9642,6.8671,24.635,7.4379,,0.8459,7.8521,7.5135,410.48,14825.57,3.2537,79.9025,140.3,137.02,1333.46,,,19.924,4.4706,9.667,1.6112,56.109,4.7485,4.8729,,10.5703,1.3906,36.035,18.1923,,1.0007,16.7995
2022-08-29,1.0,,1.4529,1.9558,5.0663,1.3026,0.967,6.9044,24.592,7.4379,,0.8542,7.8368,7.5119,409.9,14871.09,3.3146,79.8295,141.1,138.49,1347.47,,,19.9876,4.4837,9.7675,1.6305,56.187,4.745,4.8699,,10.628,1.395,36.399,18.1605,,0.9986,16.8891
2022-08-30,1.0,,1.4472,1.9558,5.0286,1.3047,0.9741,6.9233,24.577,7.4376,,0.85645,7.8751,7.5103,406.38,14875.0,3.3168,79.8025,142.1,138.71,1350.92,,,20.0077,4.4907,9.7553,1.6245,56.393,4.7323,4.8657,,10.65,1.3997,36.494,18.239,,1.0034,16.8567
2022-08-31,1.0,,1.4591,1.9558,5.1482,1.3111,0.9796,6.8947,24.55,7.4371,,0.86035,7.8488,7.5148,402.8,14849.93,3.3399,79.5465,141.7,138.72,1342.79,,,20.2044,4.4755,9.9388,1.6322,56.153,4.7283,4.8595,,10.6788,1.3969,36.45,18.1849,,1.0,17.0667
2022-09-01,1.0,,1.4651,1.9558,5.2239,1.3169,0.9802,6.9017,24.488,7.4372,,0.86473,7.8511,7.521,399.58,14878.0,3.3644,79.6195,141.7,139.34,1353.69,,,20.1954,4.4828,10.013,1.6389,56.609,4.7128,4.8447,,10.7415,1.4002,36.71,18.2149,,1.0004,17.1524
2022-09-02,1.0,,1.4671,1.9558,5.2153,1.3131,0.9839,6.9031,24.481,7.437,,0.86478,7.8439,7.5225,398.38,14895.92,3.396,79.8096,141.5,140.36,1360.84,,,20.1024,4.4809,10.0035,1.6394,56.854,4.7063,4.8335,,10.7498,1.4013,36.624,18.2072,,0.9993,17.2791
2022-09-05,1.0,,1.4616,1.9558,5.1407,1.3043,0.9747,6.8768,24.622,7.4364,,0.86358,7.7867,7.5173,403.9,14782.83,3.3826,79.2332,142.7,139.47,1359.98,,,19.8192,4.4563,9.9188,1.6289,56.477,4.736,4.8198,,10.729,1.3932,36.263,18.0792,,0.992,17.088
2022-09-06,1.0,,1.4651,1.9558,5.13,1.3029,0.9745,6.9091,24.55,7.4365,,0.85743,7.7932,7.5133,402.65,14783.94,3.39,79.2305,141.9,140.91,1366.65,,,19.8545,4.4676,9.8945,1.6313,56.655,4.7068,4.8424,,10.6825,1.3947,36.242,18.0938,,0.9928,17.0805
2022-09-07,1.0,,1.4748,1.9558,5.1881,1.3037,0.975,6.8968,24.631,7.4365,,0.8651,7.7596,7.5143,401.83,14779.47,3.4053,79.028,141.3,143.2,1374.44,,,19.9225,4.4497,9.9483,1.6459,56.532,4.729,4.8585,,10.6888,1.3931,36.322,18.0262,,0.9885,17.2582
2022-09-08,1.0,,1.4824,1.9558,5.2042,1.3134,0.9739,6.9564,24.543,7.4365,,0.86656,7.8568,7.515,395.48,14891.86,3.429,79.7375,140.3,143.65,1381.7,,,20.013,4.5051,10.0615,1.6491,57.031,4.7155,4.8756,,10.7075,1.4054,36.418,18.2546,,1.0009,17.3797
2022-09-09,1.0,,1.4704,1.9558,5.2087,1.307,0.9657,6.9543,24.536,7.4365,,0.8686,7.8871,7.5245,396.3,14905.33,3.4416,79.9685,140.9,143.3,1384.64,,,19.991,4.52,9.9836,1.6463,57.098,4.721,4.9019,,10.6643,1.4063,36.508,18.3282,,1.0049,17.3753
2022-09-12,1.0,,1.4749,1.9558,5.1933,1.3194,0.9667,7.0348,24.546,7.4365,,0.86778,7.9709,7.5195,395.73,15083.83,3.4346,80.692,140.9,144.49,1397.58,,,20.1025,4.5733,9.9718,1.6499,57.701,4.6965,4.9135,,10.6368,1.4168,36.873,18.5232,,1.0155,17.322
2022-09-13,1.0,,1.4736,1.9558,5.1764,1.32,0.9669,7.0467,24.551,7.4366,,0.86793,7.9855,7.5255,396.83,15099.17,3.4125,80.5453,140.1,144.5,1397.3,,,20.1615,4.5869,9.9988,1.6555,57.665,4.705,4.921,,10.6108,1.4186,36.859,18.564,,1.0175,17.3112
2022-09-14,1.0,,1.4873,1.9558,5.1827,1.3177,0.9612,6.955,24.527,7.4366,,0.86498,7.8405,7.5195,402.9,14903.93,3.4339,79.422,139.7,143.08,1391.97,,,20.028,4.5225,10.1125,1.6675,57.054,4.7163,4.9297,,10.675,1.4039,36.608,18.2397,,0.999,17.4342
2022-09-15,1.0,,1.4853,1.9558,5.1837,1.3172,0.9572,6.9852,24.518,7.4366,,0.86934,7.8423,7.5258,407.15,14925.35,3.4384,79.7119,138.7,143.43,1397.18,,,20.0021,4.5314,10.1203,1.6689,57.258,4.7273,4.9238,,10.69,1.4062,36.816,18.2477,,0.9992,17.5283
2022-09-16,1.0,,1.4894,1.9558,5.2279,1.3226,0.9579,6.9787,24.497,7.4366,,0.874,7.8133,7.5235,403.98,14904.67,3.4267,79.3605,138.3,142.53,1383.58,,,20.0028,4.5141,10.1985,1.6717,57.111,4.7143,4.9238,,10.7541,1.4025,36.8,18.1923,,0.9954,17.6004
2022-09-19,1.0,,1.495,1.9558,5.2886,1.3294,0.9658,7.0066,24.494,7.4373,,0.87785,7.8416,7.5215,400.85,14975.43,3.446,79.653,139.9,143.42,1391.82,,,20.113,4.5455,10.2826,1.6807,57.347,4.7058,4.93,,10.7993,1.4082,36.983,18.2738,,0.999,17.7267
2022-09-20,1.0,,1.4893,1.9558,5.2139,1.3268,0.9644,7.003,24.556,7.4368,,0.87395,7.8382,7.5198,398.58,14997.82,3.4406,79.6095,140.9,143.34,1390.71,,,19.9667,4.5516,10.273,1.6908,57.497,4.7208,4.934,,10.8338,1.4074,36.968,18.2833,,0.9986,17.7261
2022-09-21,1.0,,1.4851,1.9558,5.0924,1.3262,0.9549,6.9821,24.637,7.4364,,0.87335,7.7761,7.5205,405.1,14866.28,3.4298,79.1555,140.3,142.66,1381.38,,,19.7847,4.5097,10.2858,1.6844,57.285,4.7505,4.9443,,10.9214,1.4006,36.786,18.149,,0.9906,17.4879
2022-09-22,1.0,,1.484,1.9558,5.0677,1.3278,0.9684,6.9804,24.657,7.4365,,0.87256,7.7583,7.5235,405.25,14824.28,3.4216,79.897,139.9,139.18,1384.79,,,19.6129,4.514,10.235,1.6832,57.721,4.7592,4.9411,,10.8724,1.3998,36.803,18.1559,,0.9884,17.3514
2022-09-23,1.0,,1.4828,1.9558,5.0456,1.3177,0.9565,6.9442,24.658,7.4365,,0.88201,7.6567,7.5228,406.3,14697.3,3.4152,79.0705,139.9,139.43,1381.97,,,19.5708,4.4659,10.2335,1.6846,57.217,4.7543,4.9433,,10.9328,1.3897,36.636,17.9515,,0.9754,17.3853
2022-09-26,1.0,,1.4858,1.9558,5.1504,1.3195,0.9555,6.9075,24.64,7.4365,,0.89404,7.572,7.5278,408.83,14620.74,3.4069,78.704,138.9,139.07,1379.4,,,19.6066,4.4401,10.3585,1.6886,56.908,4.7608,4.9418,,10.9275,1.3842,36.496,17.8001,,0.9646,17.4247
2022-09-27,1.0,,1.4859,1.9558,5.1235,1.3196,0.9503,6.9156,24.661,7.4366,,0.89275,7.5704,7.528,406.65,14604.52,3.3714,78.574,139.3,139.28,1370.06,,,19.5832,4.4466,10.3473,1.6921,56.933,4.764,4.9444,,10.8533,1.3838,36.565,17.824,,0.9644,17.2361
2022-09-28,1.0,,1.4924,1.9558,5.1728,1.3157,0.9437,6.9199,24.65,7.4368,,0.90268,7.5084,7.5313,411.72,14622.96,3.3931,78.2655,139.7,138.39,1378.84,,,19.5294,4.4281,10.4576,1.6998,56.528,4.8043,4.9485,,10.9194,1.3846,36.687,17.7311,,0.9565,17.2916
2022-09-29,1.0,,1.4982,1.9558,5.2521,1.3294,0.9538,6.9223,24.687,7.4365,,0.89485,7.6192,7.528,421.93,14735.97,3.4422,79.314,140.1,140.46,1388.34,,,19.5779,4.4992,10.4518,1.704,56.86,4.857,4.9481,,10.958,1.3961,36.946,18.0,,0.9706,17.4466
2022-09-30,1.0,,1.5076,1.9558,5.2584,1.3401,0.9561,6.9368,24.549,7.4365,,0.883,7.6521,7.524,422.18,14863.26,3.4759,79.425,140.9,141.01,1400.69,,,19.6393,4.5201,10.5838,1.7177,57.276,4.8483,4.949,,10.8993,1.4001,36.823,18.0841,,0.9748,17.5353
2022-10-03,1.0,,1.5128,1.9558,5.178,1.3412,0.9658,6.9481,24.527,7.4366,,0.8707,7.6647,7.5275,424.86,14969.79,3.498,79.898,141.7,141.49,1408.25,,,19.604,4.5383,10.5655,1.7263,57.599,4.832,4.9479,,10.8743,1.4015,37.181,18.124,,0.9764,17.5871
2022-10-04,1.0,,1.5318,1.9558,5.0589,1.3503,0.9767,7.0384,24.544,7.4374,,0.87273,7.7644,7.523,417.68,15080.18,3.4885,80.6995,141.9,143.3,1412.2,,,19.777,4.5939,10.4915,1.7368,58.104,4.8193,4.9418,,10.8166,1.4148,37.16,18.3374,,0.9891,17.5437
2022-10-05,1.0,,1.538,1.9558,5.1575,1.3493,0.9756,7.0555,24.524,7.4388,,0.8734,7.7831,7.5255,423.6,15061.81,3.503,80.909,141.3,143.18,1406.71,,,19.8625,4.5911,10.4858,1.7419,58.212,4.791,4.9385,,10.8376,1.4124,37.102,18.4201,,0.9915,17.6228
2022-10-06,1.0,,1.5263,1.9558,5.1185,1.3475,0.9709,7.0164,24.479,7.439,,0.87583,7.74,7.5288,422.59,15021.24,3.4846,81.0615,139.9,142.68,1388.39,,,19.817,4.5726,10.4278,1.728,57.949,4.8505,4.9364,,10.8728,1.4057,36.827,18.3191,,0.986,17.5769
2022-10-07,1.0,,1.5266,1.9558,5.1075,1.3437,0.97,6.9715,24.517,7.4381,,0.87383,7.6906,7.527,423.85,14933.14,3.4477,80.546,140.7,141.92,1381.42,,,19.643,4.5556,10.4498,1.7328,57.747,4.8595,4.9415,,10.8555,1.3996,36.602,18.209,,0.9797,17.6222
2022-10-10,1.0,,1.536,1.9558,5.0328,1.3312,0.968,6.9344,24.521,7.4384,,0.8773,7.612,7.528,428.2,14872.51,3.4463,79.9678,139.9,141.16,1384.26,,,19.3588,4.5091,10.3378,1.7369,57.197,4.8655,4.94,,10.9502,1.3939,36.81,18.0131,,0.9697,17.5866
2022-10-11,1.0,,1.545,1.9558,5.0456,1.3402,0.9675,6.9669,24.535,7.439,,0.87703,7.6325,7.5293,428.73,14930.83,3.4776,79.9555,140.7,141.54,1392.84,,,19.4115,4.5436,10.4235,1.7323,57.243,4.869,4.9394,,11.0015,1.3967,37.03,18.0686,,0.9723,17.6153
2022-10-12,1.0,,1.5525,1.9558,5.1378,1.3395,0.9664,6.9603,24.561,7.4399,,0.8784,7.6192,7.529,429.65,14907.04,3.4623,79.8955,140.1,142.34,1384.66,,,19.4522,4.5448,10.4145,1.7372,57.148,4.8495,4.94,,11.02,1.3941,36.902,18.0427,,0.9706,17.6876
2022-10-13,1.0,,1.5495,1.9558,5.1214,1.3443,0.9725,6.9945,24.569,7.4385,,0.86513,7.644,7.531,430.65,14952.86,3.4731,79.9981,140.5,142.94,1392.71,,,19.4442,4.5691,10.3525,1.7314,57.352,4.8303,4.9355,,11.0098,1.3949,36.843,18.1041,,0.9739,17.8173
2022-10-14,1.0,,1.5493,1.9558,5.1177,1.3426,0.9757,6.9952,24.587,7.4378,,0.86823,7.6278,7.5266,418.24,15031.5,3.444,79.9695,140.5,143.63,1398.5,,,19.5032,4.5689,10.3323,1.7302,57.375,4.8328,4.9335,,11.0035,1.3852,37.109,18.0614,,0.9717,17.6932
2022-10-17,1.0,,1.5599,1.9558,5.1497,1.3452,0.9762,7.013,24.562,7.4379,,0.8625,7.6448,7.5265,418.3,15061.8,3.4486,80.128,140.9,145.0,1399.41,,,19.5,4.5934,10.342,1.7404,57.433,4.8143,4.937,,10.9893,1.3896,37.169,18.1043,,0.9739,17.6769
2022-10-18,1.0,,1.5557,1.9558,5.1795,1.3495,0.9792,7.0805,24.593,7.4393,,0.86928,7.72,7.5298,413.08,15214.98,3.464,80.9195,141.5,146.65,1400.92,,,19.664,4.6382,10.3528,1.7251,57.897,4.804,4.9359,,10.906,1.3963,37.422,18.2813,,0.9835,17.7904
2022-10-19,1.0,,1.5568,1.9558,5.1755,1.3479,0.981,7.0672,24.563,7.439,,0.86993,7.6757,7.5325,413.78,15185.1,3.4628,81.1955,141.1,146.34,1398.35,,,19.6845,4.6152,10.3823,1.7264,57.741,4.7878,4.9248,,10.9448,1.3931,37.469,18.1793,,0.9778,17.8339
2022-10-20,1.0,,1.5554,1.9558,5.1387,1.3461,0.9836,7.0858,24.525,7.4389,,0.87258,7.7008,7.5353,411.2,15250.05,3.4754,81.1755,141.1,146.99,1400.3,,,19.7005,4.6396,10.402,1.7206,57.742,4.7728,4.9203,,10.982,1.3959,37.36,18.2257,,0.9811,17.9106
2022-10-21,1.0,,1.5646,1.9558,5.1117,1.3465,0.9855,7.0504,24.511,7.4382,,0.87728,7.6376,7.5325,412.88,15199.12,3.4803,80.739,141.1,147.59,1404.32,,,19.5521,4.6101,10.4315,1.7347,57.287,4.7885,4.9125,,11.0868,1.3917,37.349,18.0988,,0.973,18.0021
2022-10-24,1.0,,1.5631,1.9558,5.1461,1.3502,0.9856,7.1544,24.482,7.4385,,0.8707,7.7329,7.5337,411.88,15362.63,3.4997,81.5451,142.5,146.76,1418.4,,,19.6514,4.6674,10.392,1.7343,58.021,4.7908,4.9128,,11.0795,1.4008,37.6,18.3298,,0.9851,18.0625
2022-10-25,1.0,,1.5599,1.9558,5.2254,1.3537,0.9888,7.2072,24.472,7.4387,,0.87143,7.7407,7.5315,413.7,15407.12,3.506,81.653,142.9,146.84,1417.5,,,19.6353,4.6697,10.391,1.7321,57.988,4.777,4.9036,,10.9728,1.405,37.758,18.3508,,0.9861,18.2211
2022-10-26,1.0,,1.5466,1.9558,5.2944,1.3568,0.9917,7.1948,24.535,7.4381,,0.86603,7.8678,7.532,408.09,15589.27,3.5145,82.206,143.5,147.32,1422.11,,,19.8501,4.7262,10.3408,1.7249,58.493,4.7548,4.8806,,10.953,1.4104,37.862,18.6461,,1.0023,18.0212
2022-10-27,1.0,,1.561,1.9558,5.3889,1.3672,0.9949,7.2552,24.53,7.4387,,0.86745,7.8782,7.533,412.15,15629.06,3.5376,82.656,143.1,147.37,1428.57,,,20.015,4.7324,10.342,1.7316,58.441,4.7585,4.8893,,10.9583,1.4154,37.975,18.681,,1.0037,18.1521
2022-10-28,1.0,,1.5511,1.9558,5.327,1.3542,0.992,7.2159,24.465,7.4423,,0.8612,7.8107,7.532,411.7,15481.88,3.5215,82.0565,143.3,146.79,1417.7,,,19.7718,4.6994,10.2695,1.7151,57.739,4.7275,4.9189,,10.9403,1.4055,37.724,18.5219,,0.9951,18.053
2022-10-31,1.0,,1.5529,1.9558,5.2694,1.3553,0.9925,7.238,24.488,7.4444,,0.86115,7.7822,7.531,409.65,15489.55,3.4933,82.1035,143.3,147.4,1416.12,,,19.7122,4.6873,10.3028,1.7099,57.8,4.7085,4.9143,,10.901,1.4038,37.748,18.4562,,0.9914,18.1736
2022-11-01,1.0,,1.5409,1.9558,5.1337,1.3469,0.9878,7.2165,24.484,7.4438,,0.86058,7.8079,7.5342,406.9,15534.6,3.4922,82.084,143.3,146.35,1404.63,,,19.5984,4.7119,10.1835,1.6876,57.786,4.7053,4.9138,,10.874,1.4017,37.45,18.5216,,0.9947,17.9802
2022-11-02,1.0,,1.5426,1.9558,5.0964,1.347,0.9861,7.2156,24.506,7.4431,,0.861,7.7774,7.5335,407.0,15492.57,3.4987,81.992,143.7,145.75,1402.01,,,19.4921,4.6944,10.2388,1.6844,57.841,4.7035,4.912,,10.9065,1.3983,37.314,18.4488,,0.9908,17.9608
2022-11-03,1.0,,1.5517,1.9558,5.0262,1.3452,0.9889,7.1367,24.539,7.4433,,0.87228,7.656,7.5375,407.87,15400.2,3.4847,80.8845,144.9,144.58,1391.75,,,19.2363,4.6271,10.3543,1.6957,57.463,4.709,4.9013,,10.932,1.3878,37.091,18.1602,,0.9753,18.0173
2022-11-04,1.0,,1.5311,1.9558,4.9682,1.3351,0.9863,7.0894,24.422,7.4419,,0.87478,7.7493,7.5353,401.15,15491.81,3.5065,81.02,145.5,145.19,1397.7,,,19.2611,4.6872,10.2019,1.6769,57.672,4.6825,4.8893,,10.8538,1.3891,36.906,18.3845,,0.9872,17.7983
2022-11-07,1.0,,1.5428,1.9558,5.07,1.3464,0.9874,7.2189,24.301,7.4393,,0.87135,7.8444,7.5375,401.03,15648.95,3.5402,81.8407,145.9,146.18,1391.25,,,19.4395,4.7362,10.2555,1.6834,58.361,4.6865,4.8855,,10.832,1.4022,37.284,18.5875,,0.9993,17.7583
2022-11-08,1.0,,1.5435,1.9558,5.203,1.3489,0.9911,7.2495,24.326,7.4378,,0.87378,7.8468,7.539,400.75,15652.76,3.5436,81.518,146.3,146.25,1377.94,,,19.4495,4.7346,10.2795,1.686,58.187,4.6918,4.8978,,10.8373,1.4022,37.22,18.5991,,0.9996,17.8397
2022-11-09,1.0,,1.5538,1.9558,5.1947,1.3501,0.988,7.2813,24.337,7.4382,,0.87774,7.8801,7.5425,403.53,15717.07,3.5621,81.6575,146.7,146.82,1369.73,,,19.6554,4.7098,10.322,1.7033,58.236,4.701,4.9045,,10.845,1.4061,36.999,18.6728,,1.0039,17.877
2022-11-10,1.0,,1.5525,1.9558,5.286,1.3467,0.9834,7.2184,24.361,7.4381,,0.87298,7.8128,7.5427,400.95,15615.6,3.5453,81.3058,147.5,145.47,1373.96,,,19.4562,4.6789,10.3615,1.6984,57.793,4.706,4.8913,,10.8743,1.3963,36.7,18.51,,0.9954,17.6882
2022-11-11,1.0,,1.5459,1.9558,5.5147,1.3698,0.9844,7.3267,24.278,7.4384,,0.87538,8.0758,7.5445,402.08,15979.45,3.5255,83.2253,148.7,143.89,1359.2,,,20.0239,4.77,10.2635,1.702,59.106,4.6765,4.894,,10.7241,1.4199,37.088,19.0987,,1.0308,17.7944
2022-11-14,1.0,,1.5427,1.9558,5.4605,1.3706,0.9751,7.2906,24.289,7.4382,,0.87513,8.0852,7.5465,407.28,16052.12,3.541,83.7779,150.3,144.86,1369.32,,,20.0985,4.7429,10.3143,1.6957,59.04,4.6898,4.9043,,10.7713,1.4177,36.978,19.1923,,1.0319,17.8393
2022-11-15,1.0,,1.5415,1.9558,5.548,1.3816,0.979,7.3299,24.326,7.4388,,0.87455,8.143,7.5459,405.45,16164.78,3.5694,84.1304,149.9,144.84,1365.61,,,20.0795,4.7208,10.357,1.6897,59.532,4.7073,4.9116,,10.8081,1.4238,36.939,19.3608,,1.0404,17.8822
2022-11-16,1.0,,1.54,1.9558,5.5438,1.3801,0.9795,7.372,24.355,7.4386,,0.87483,8.1444,7.5443,408.18,16248.37,3.5684,84.5905,148.9,145.29,1378.1,,,20.1227,4.7323,10.3675,1.6897,59.678,4.7065,4.9206,,10.8754,1.425,37.103,19.3783,,1.0412,18.0195
2022-11-17,1.0,,1.5526,1.9558,5.6535,1.382,0.9818,7.3859,24.399,7.4383,,0.87475,8.077,7.541,415.6,16224.01,3.5796,84.394,148.9,144.8,1394.06,,,20.062,4.7122,10.498,1.6986,59.293,4.7153,4.9254,,10.9871,1.4221,37.123,19.2124,,1.0319,18.0961
2022-11-18,1.0,,1.5433,1.9558,5.547,1.3841,0.9881,7.379,24.351,7.4385,,0.87063,8.1092,7.5415,407.41,16224.36,3.591,84.6875,148.9,145.12,1389.02,,,20.162,4.7202,10.486,1.6757,59.41,4.7033,4.9413,,10.9805,1.4229,37.069,19.3009,,1.0366,17.908
2022-11-21,1.0,,1.5471,1.9558,5.4401,1.377,0.9817,7.3419,24.356,7.4377,,0.86793,7.9989,7.5425,409.43,16116.76,3.5515,83.7375,147.9,145.33,1395.0,,,19.9357,4.6927,10.4898,1.6766,58.822,4.7075,4.9413,,10.9873,1.4162,37.121,19.0822,,1.0246,17.7858
2022-11-22,1.0,,1.5473,1.9558,5.4578,1.3765,0.9791,7.3344,24.351,7.4377,,0.86358,8.0313,7.5438,408.23,16106.79,3.5615,83.8768,145.7,145.2,1392.68,,,20.0951,4.7055,10.4445,1.6707,58.942,4.7125,4.9269,,10.9653,1.4167,37.11,19.1221,,1.0274,17.7568
2022-11-23,1.0,,1.5522,1.9558,5.565,1.3856,0.9795,7.3982,24.356,7.437,,0.86369,8.0708,7.5435,405.75,16189.81,3.5681,84.466,146.7,145.75,1397.42,,,20.001,4.7237,10.3659,1.6718,58.914,4.7033,4.937,,10.8933,1.4295,37.423,19.2316,,1.0325,17.7103
2022-11-24,1.0,,1.5414,1.9558,5.5504,1.3894,0.9818,7.4442,24.392,7.4369,,0.85933,8.1324,7.547,413.33,16295.35,3.5607,85.0295,146.5,143.9,1382.28,,,20.1501,4.6806,10.3435,1.6598,58.992,4.6958,4.9205,,10.8573,1.4319,37.258,19.3969,,1.0413,17.7246
2022-11-25,1.0,,1.5404,1.9558,5.5476,1.3864,0.9836,7.4425,24.367,7.4365,,0.85885,8.1084,7.5473,411.33,16282.44,3.5551,84.7145,146.5,144.62,1383.2,,,20.1069,4.648,10.2985,1.6651,58.795,4.6875,4.9255,,10.8183,1.4277,37.153,19.3333,,1.0375,17.7677
2022-11-28,1.0,,1.5632,1.9558,5.6354,1.4062,0.9872,7.5326,24.348,7.4367,,0.86606,8.1782,7.5488,408.87,16440.45,3.6002,85.437,146.7,144.9,1396.56,,,20.22,4.6874,10.364,1.6827,59.21,4.6938,4.9246,,10.8973,1.4375,37.285,19.4844,,1.0463,17.9376
2022-11-29,1.0,,1.5414,1.9558,5.5126,1.4005,0.9862,7.4289,24.334,7.4367,,0.86218,8.0965,7.55,406.5,16301.58,3.5581,84.6548,147.1,143.36,1375.7,,,19.8075,4.6735,10.3313,1.6639,58.64,4.673,4.9193,,10.901,1.4237,36.706,19.3181,,1.0366,17.6027
2022-11-30,1.0,,1.5425,1.9558,5.5063,1.4021,0.9854,7.3437,24.338,7.4366,,0.86488,8.0944,7.549,408.4,16271.81,3.5691,84.4215,147.1,144.28,1365.14,,,20.0111,4.6147,10.2648,1.6634,58.697,4.6635,4.9245,,10.9345,1.418,36.588,19.3333,,1.0376,17.5768
2022-12-01,1.0,,1.5377,1.9558,5.4508,1.4059,0.9868,7.3965,24.361,7.4373,,0.85715,8.1371,7.55,413.5,16160.84,3.5642,84.933,148.7,142.48,1363.81,,,20.1472,4.605,10.2495,1.6446,58.793,4.6998,4.9303,,10.8984,1.4195,36.526,19.4778,,1.0454,18.5393
2022-12-02,1.0,,1.5457,1.9558,5.4657,1.416,0.9834,7.3971,24.377,7.4373,,0.85855,8.2035,7.5503,410.0,16179.78,3.5769,85.6435,148.7,141.32,1366.67,,,20.187,4.6241,10.2615,1.6453,58.734,4.684,4.9298,,10.902,1.4227,36.614,19.6392,,1.0538,18.2749
2022-12-05,1.0,,1.5542,1.9558,5.5491,1.4198,0.9893,7.3573,24.351,7.4369,,0.86085,8.2236,7.551,412.13,16332.36,3.5856,86.5249,148.9,143.07,1370.87,,,20.7295,4.6255,10.3366,1.6498,59.245,4.695,4.9215,,10.8931,1.4271,36.732,19.7326,,1.0587,18.2038
2022-12-06,1.0,,1.5625,1.9558,5.5113,1.4326,0.9872,7.3494,24.316,7.438,,0.8617,8.1813,7.5563,415.08,16441.49,3.5831,86.6485,148.9,143.33,1386.39,,,20.6884,4.6223,10.4408,1.6583,58.782,4.6975,4.913,,10.889,1.4263,36.827,19.601,,1.0516,18.2068
2022-12-07,1.0,,1.5728,1.9558,5.5023,1.4387,0.9893,7.3476,24.322,7.4382,,0.86408,8.1997,7.5525,410.63,16465.17,3.626,86.692,148.7,144.44,1390.87,,,20.7534,4.6301,10.5255,1.6573,58.432,4.7003,4.918,,10.919,1.4286,36.904,19.6256,,1.0529,18.1353
2022-12-08,1.0,,1.559,1.9558,5.488,1.4307,0.9889,7.3324,24.324,7.4382,,0.86258,8.1889,7.5553,417.66,16423.92,3.6206,86.6755,149.5,143.75,1387.06,,,20.6989,4.6257,10.488,1.6547,58.233,4.6853,4.9131,,10.906,1.4256,36.559,19.6114,,1.0519,18.0225
2022-12-09,1.0,,1.5553,1.9558,5.5457,1.438,0.9856,7.3475,24.293,7.4379,,0.8595,8.2169,7.555,417.53,16453.46,3.6128,86.9535,149.5,143.3,1373.94,,,20.849,4.6512,10.5345,1.6482,58.47,4.6869,4.9224,,10.9188,1.426,36.656,19.6872,,1.0559,18.2358
2022-12-12,1.0,,1.5625,1.9558,5.556,1.4428,0.9855,7.367,24.307,7.4379,,0.86006,8.2103,7.554,416.78,16524.63,3.6232,87.253,150.7,144.86,1377.93,,,20.9047,4.6652,10.5548,1.6523,58.788,4.6923,4.9318,,10.9075,1.4284,36.708,19.6913,,1.0562,18.4697
2022-12-13,1.0,,1.5553,1.9558,5.5784,1.4341,0.9869,7.3637,24.287,7.4391,,0.85753,8.2033,7.5495,409.65,16521.81,3.6266,87.2965,151.1,144.85,1378.75,,,20.9435,4.6704,10.4679,1.6464,58.852,4.6938,4.9298,,10.8965,1.4288,36.707,19.6649,,1.0545,18.6855
2022-12-14,1.0,,1.551,1.9558,5.6842,1.4441,0.9865,7.4009,24.276,7.4392,,0.86118,8.2751,7.538,406.63,16599.51,3.6327,87.8435,150.9,143.68,1379.99,,,20.8635,4.6765,10.362,1.6508,59.326,4.681,4.9248,,10.8638,1.4349,36.851,19.8579,,1.0649,18.2563
2022-12-15,1.0,,1.5695,1.9558,5.6247,1.4443,0.9862,7.4007,24.27,7.4387,,0.86194,8.2551,7.5395,406.4,16591.4,3.6388,87.9355,150.9,145.07,1393.97,,,20.9431,4.6918,10.4013,1.6628,59.297,4.689,4.922,,10.898,1.4406,37.12,19.806,,1.0621,18.3599
2022-12-16,1.0,,1.5866,1.9558,5.6233,1.4506,0.9879,7.4037,24.262,7.4379,,0.87233,8.2632,7.5385,407.1,16575.47,3.6689,87.824,150.1,145.53,1389.7,,,21.0634,4.6984,10.4833,1.6687,58.967,4.6925,4.9213,,11.0153,1.4413,37.145,19.8039,,1.0619,18.6708
2022-12-19,1.0,,1.5794,1.9558,5.6327,1.4472,0.9884,7.3901,24.233,7.4382,,0.87118,8.2428,7.5395,403.18,16506.72,3.6551,87.5321,151.9,144.65,1377.17,,,20.9743,4.6912,10.5025,1.6632,58.649,4.6853,4.9107,,11.0063,1.4378,36.923,19.7676,,1.0598,18.3074
2022-12-20,1.0,,1.5972,1.9558,5.6234,1.4451,0.9854,7.39,24.181,7.4388,,0.8753,8.2488,7.5471,403.88,16537.09,3.6759,87.6649,151.5,140.58,1363.73,,,20.9355,4.6991,10.5098,1.6816,58.549,4.6757,4.9125,,11.0615,1.4347,36.853,19.7744,,1.0599,18.4239
2022-12-21,1.0,,1.5859,1.9558,5.4913,1.4475,0.9836,7.4219,24.218,7.438,,0.87651,8.2902,7.5419,402.93,16573.77,3.6989,88.109,152.1,140.29,1367.63,,,20.9919,4.7197,10.4309,1.685,58.556,4.6665,4.8937,,11.0623,1.4366,36.907,19.8541,,1.0636,18.3529
2022-12-22,1.0,,1.5804,1.9558,5.5386,1.4484,0.9852,7.4229,24.215,7.4367,,0.88243,8.2883,7.538,402.13,16525.91,3.6942,88.0365,153.3,140.42,1361.75,,,20.8485,4.7051,10.4123,1.6918,58.705,4.6443,4.8993,,11.05,1.4356,36.849,19.8553,,1.0633,18.2238
2022-12-23,1.0,,1.5857,1.9558,5.4834,1.4433,0.9867,7.4198,24.247,7.4364,,0.8803,8.2878,7.537,400.68,16569.18,3.704,87.958,152.3,140.86,1359.5,,,20.7115,4.7002,10.4448,1.6887,58.623,4.6423,4.9056,,11.1045,1.4337,36.842,19.843,,1.0622,18.1048
2022-12-27,1.0,,1.577,1.9558,5.6035,1.4384,0.9885,7.3994,24.26,7.4366,,0.88333,8.2874,7.5375,401.65,16620.58,3.7278,88.0808,152.3,141.68,1349.85,,,20.5515,4.699,10.4895,1.6916,59.356,4.6683,4.927,,11.1285,1.43,36.775,19.8799,,1.0624,18.3181
2022-12-28,1.0,,1.566,1.9558,5.6109,1.4361,0.9863,7.4224,24.252,7.4365,,0.88058,8.2931,7.5365,403.3,16765.93,3.7526,88.0943,151.9,142.21,1348.59,,,20.6856,4.7055,10.4495,1.6772,59.613,4.7008,4.946,,11.1038,1.4323,36.953,19.9144,,1.064,18.289
2022-12-29,1.0,,1.5859,1.9558,5.5351,1.4475,0.984,7.4151,24.191,7.4365,,0.88549,8.2994,7.5365,399.6,16680.38,3.7575,88.2295,152.5,142.24,1350.18,,,20.651,4.7106,10.55,1.6887,59.367,4.6855,4.9493,,11.158,1.436,36.877,19.934,,1.0649,18.1967
2022-12-30,1.0,,1.5693,1.9558,5.6386,1.444,0.9847,7.3582,24.116,7.4365,,0.88693,8.3163,7.5365,400.87,16519.82,3.7554,88.171,151.5,140.66,1344.09,,,20.856,4.6984,10.5138,1.6798,59.32,4.6808,4.9495,,11.1218,1.43,36.835,19.9649,,1.0666,18.0986
2023-01-02,1.0,,1.5699,1.9558,5.7048,1.4506,0.9873,7.3698,24.176,7.4374,,0.8863,8.3389,,401.03,16631.78,3.7537,88.426,151.7,139.62,1357.8,,,20.8318,4.7059,10.5135,1.6886,59.634,4.6813,4.94,,11.1663,1.4324,36.915,20.0039,,1.0683,18.1719
2023-01-03,1.0,,1.5708,1.9558,5.6656,1.4414,0.9879,7.2863,24.124,7.437,,0.88048,8.2392,,403.33,16471.95,3.7216,87.4095,151.7,137.93,1346.51,,,20.5283,4.6439,10.528,1.6932,59.02,4.6831,4.931,,11.143,1.4188,36.254,19.7566,,1.0545,18.019
2023-01-04,1.0,,1.5452,1.9558,5.7758,1.4363,0.9843,7.2985,24.028,7.4374,,0.88076,8.2864,,395.85,16504.76,3.7397,87.791,151.7,138.74,1348.95,,,20.4494,4.6641,10.738,1.6775,59.33,4.6685,4.9264,,11.1653,1.4212,36.047,19.867,,1.0599,17.8349
2023-01-05,1.0,,1.5515,1.9558,5.706,1.4316,0.9839,7.2863,24.028,7.4373,,0.88303,8.2788,,396.88,16543.07,3.74,87.4755,152.3,140.95,1345.9,,,20.5412,4.6517,10.7248,1.6832,59.185,4.67,4.9235,,11.1848,1.4213,35.948,19.8982,,1.0601,18.125
2023-01-06,1.0,,1.559,1.9558,5.6034,1.4331,0.9864,7.2045,24.054,7.437,,0.88475,8.2006,,396.96,16468.3,3.7361,86.9103,152.9,141.3,1337.18,,,20.2645,4.6237,10.807,1.6889,58.374,4.695,4.9296,,11.258,1.4156,35.737,19.7065,,1.05,18.2092
2023-01-09,1.0,,1.5446,1.9558,5.6475,1.4299,0.9865,7.2546,23.99,7.4374,,0.88048,8.3508,,397.25,16661.92,3.7347,88.078,153.5,141.35,1330.37,,,20.4825,4.68,10.6108,1.6741,58.946,4.6963,4.9253,,11.196,1.4244,35.789,20.0824,,1.0696,18.2059
2023-01-10,1.0,,1.5616,1.9558,5.6471,1.4382,0.9908,7.2732,23.984,7.4375,,0.8833,8.374,,399.0,16675.07,3.7244,87.703,154.7,141.92,1338.38,,,20.5299,4.6889,10.6785,1.6879,58.751,4.695,4.9338,,11.1963,1.429,36.024,20.1356,,1.0723,18.3054
2023-01-11,1.0,,1.5588,1.9558,5.584,1.4429,0.9967,7.2807,24.027,7.4375,,0.88673,8.3974,,399.1,16612.34,3.7104,87.812,154.3,142.61,1341.01,,,20.4957,4.6975,10.738,1.6912,59.013,4.6819,4.9335,,11.2783,1.4316,35.895,20.1793,,1.0747,18.2827
2023-01-12,1.0,,1.557,1.9558,5.5556,1.4439,1.0056,7.27,24.036,7.4385,,0.8869,8.4121,,399.6,16456.12,3.6893,87.783,154.3,140.61,1340.17,,,20.3745,4.6955,10.7228,1.6937,59.292,4.692,4.944,,11.273,1.4309,35.849,20.2312,,1.0772,18.1417
2023-01-13,1.0,,1.5586,1.9558,5.5512,1.4494,1.0051,7.2729,24.011,7.4387,,0.888,8.4471,,396.96,16412.0,3.7032,88.096,154.3,139.02,1343.41,,,20.4391,4.689,10.6945,1.7014,59.44,4.6888,4.9423,,11.2528,1.4311,35.751,20.3196,,1.0814,18.2482
2023-01-16,1.0,,1.5537,1.9558,5.524,1.4486,1.0026,7.2791,23.997,7.4392,,0.88758,8.4449,,398.98,16335.03,3.6971,88.2795,154.5,138.92,1340.22,,,20.358,4.6665,10.6945,1.6945,58.936,4.6935,4.9313,,11.2725,1.4288,35.696,20.3175,,1.0812,18.445
2023-01-17,1.0,,1.5611,1.9558,5.5607,1.4547,0.9998,7.3473,23.966,7.4386,,0.88595,8.4807,,399.58,16467.83,3.7021,88.577,154.5,139.5,1343.5,,,20.3994,4.6912,10.7463,1.6957,59.441,4.6958,4.9356,,11.285,1.4343,35.869,20.3762,,1.0843,18.6027
2023-01-18,1.0,,1.5413,1.9558,5.5252,1.4505,0.9906,7.3193,23.954,7.4399,,0.8753,8.4814,,396.15,16307.2,3.6524,88.142,154.5,139.79,1337.16,,,20.2193,4.6754,10.6553,1.6683,59.17,4.6983,4.9388,,11.1735,1.428,35.633,20.3706,,1.0839,18.396
2023-01-19,1.0,,1.5726,1.9558,5.6326,1.4603,0.9921,7.3424,23.924,7.4398,,0.87648,8.4696,,396.43,16429.66,3.6952,88.046,154.5,139.02,1340.52,,,20.5437,4.6591,10.746,1.6978,59.099,4.7063,4.9265,,11.1533,1.4326,35.803,20.3295,,1.0815,18.6931
2023-01-20,1.0,,1.5619,1.9558,5.6271,1.4583,0.9962,7.3425,23.922,7.4391,,0.876,8.4775,,395.88,16367.67,3.6839,87.817,154.3,140.86,1336.47,,,20.4865,4.6395,10.7135,1.6852,58.958,4.71,4.9258,,11.1655,1.4311,35.455,20.3566,,1.0826,18.577
2023-01-23,1.0,,1.5529,1.9558,5.6372,1.4523,1.0013,7.373,23.881,7.4393,,0.8797,8.5105,,395.98,16314.27,3.6709,88.452,154.7,141.65,1335.67,,,20.4428,4.6588,10.6835,1.6778,59.345,4.7113,4.9202,,11.1183,1.4328,35.63,20.4478,,1.0871,18.6597
2023-01-24,1.0,,1.547,1.9558,5.6164,1.4517,1.0053,7.3642,23.874,7.4399,,0.88368,8.5014,,397.33,16259.05,3.6671,88.6235,156.1,141.47,1341.6,,,20.4603,4.6448,10.7193,1.6743,59.122,4.713,4.9171,,11.0995,1.4337,35.609,20.4234,,1.0858,18.7687
2023-01-25,1.0,,1.536,1.9558,5.569,1.4544,1.002,7.3778,23.808,7.4381,,0.88248,8.5202,,388.75,16278.93,3.6651,88.7258,157.1,141.17,1343.93,,,20.436,4.6357,10.7896,1.6792,59.35,4.7158,4.9035,,11.1335,1.4307,35.718,20.4658,,1.0878,18.6745
2023-01-26,1.0,,1.5308,1.9558,5.5572,1.4568,1.0002,7.3893,23.818,7.4383,,0.87945,8.5295,,387.38,16298.97,3.7091,88.8255,156.5,141.38,1342.51,,,20.5275,4.6255,10.762,1.6799,59.301,4.7195,4.8818,,11.1763,1.4292,35.687,20.4961,,1.0895,18.6127
2023-01-27,1.0,,1.5289,1.9558,5.5104,1.4479,1.0017,7.369,23.826,7.4378,,0.87885,8.5061,,388.85,16281.15,3.7353,88.672,154.9,141.1,1341.37,,,20.3678,4.6116,10.76,1.6759,59.187,4.7085,4.8965,,11.2108,1.4277,35.702,20.4365,,1.0865,18.7185
2023-01-30,1.0,,1.539,1.9558,5.5654,1.4532,1.0045,7.3601,23.861,7.4383,,0.87978,8.5415,,390.53,16335.28,3.7786,88.8885,153.3,141.79,1338.87,,,20.487,4.6272,10.7925,1.6778,59.47,4.7103,4.9055,,11.262,1.431,35.68,20.5063,,1.0903,18.889
2023-01-31,1.0,,1.5476,1.9558,5.5373,1.457,1.0032,7.3198,23.792,7.4388,,0.88073,8.4898,,390.91,16282.57,3.7675,88.636,153.1,141.27,1338.9,,,20.3961,4.6211,10.9083,1.6858,59.192,4.709,4.921,,11.348,1.4268,35.787,20.3787,,1.0833,18.9223
2023-02-01,1.0,,1.5392,1.9558,5.5174,1.4506,0.998,7.3452,23.775,7.4396,,0.88413,8.5444,,390.2,16299.47,3.769,89.106,153.5,141.37,1339.22,,,20.4919,4.6471,10.8569,1.6903,59.318,4.7075,4.9117,,11.3455,1.4303,35.841,20.4978,,1.0894,18.8328
2023-02-02,1.0,,1.5407,1.9558,5.4859,1.4602,0.9992,7.3878,23.809,7.4393,,0.89289,8.6183,,387.2,16360.69,3.7577,90.3015,153.5,141.12,1345.9,,,20.405,4.6655,10.9535,1.6855,59.17,4.7015,4.9025,,11.3587,1.4352,36.03,20.6766,,1.0988,18.7046
2023-02-03,1.0,,1.5499,1.9558,5.5414,1.4616,0.9989,7.3689,23.725,7.4443,,0.8925,8.5802,,386.58,16312.7,3.7207,89.592,153.7,140.45,1346.17,,,20.4625,4.657,10.9783,1.6886,58.721,4.692,4.902,,11.3323,1.4331,36.114,20.5806,,1.0937,18.7624
2023-02-06,1.0,,1.5596,1.9558,5.5625,1.4459,0.9964,7.309,23.843,7.4432,,0.89278,8.4539,,390.83,16338.36,3.7338,89.0922,152.9,142.41,1353.65,,,20.4882,4.5884,11.0428,1.7075,58.686,4.7228,4.9055,,11.3652,1.4266,36.207,20.2917,,1.0776,18.9013
2023-02-07,1.0,,1.547,1.9558,5.5216,1.4371,0.9906,7.2608,23.832,7.4415,,0.89338,8.3974,,394.4,16239.13,3.7237,88.5096,152.1,141.3,1348.81,,,20.4316,4.6035,11.1253,1.6994,59.032,4.7565,4.902,,11.3805,1.4199,35.989,20.1478,,1.07,18.8746
2023-02-08,1.0,,1.5416,1.9558,5.5644,1.4389,0.9881,7.2841,23.782,7.4421,,0.888,8.4265,,388.73,16227.39,3.7408,88.594,151.5,140.81,1351.4,,,20.2984,4.6144,11.026,1.6971,58.817,4.7385,4.8975,,11.3423,1.422,35.973,20.2164,,1.0735,18.9129
2023-02-09,1.0,,1.5409,1.9558,5.6165,1.4423,0.989,7.2992,23.698,7.4419,,0.88515,8.4551,,385.8,16279.95,3.7576,88.8905,151.1,140.8,1355.38,,,20.3293,4.6488,10.9123,1.6906,58.659,4.7388,4.8935,,11.139,1.4237,36.013,20.2844,,1.0771,19.0134
2023-02-10,1.0,,1.5432,1.9558,5.6245,1.4364,0.9872,7.2837,23.692,7.4445,,0.88348,8.3916,,389.78,16233.33,3.782,88.2475,152.1,139.88,1354.1,,,20.054,4.6314,10.871,1.6904,58.207,4.781,4.902,,11.163,1.4199,36.057,20.1357,,1.069,19.0834
2023-02-13,1.0,,1.5388,1.9558,5.5576,1.4263,0.9849,7.293,23.739,7.4485,,0.88281,8.3885,,385.48,16278.44,3.7814,88.395,153.1,141.65,1364.06,,,19.8946,4.6618,10.8213,1.6846,58.581,4.7875,4.9031,,11.155,1.4229,36.177,20.1377,,1.0686,19.1664
2023-02-14,1.0,,1.5411,1.9558,5.5552,1.4332,0.987,7.3314,23.749,7.4514,,0.88125,8.4457,,382.45,16303.53,3.7724,89.1227,153.3,142.14,1362.59,,,20.0122,4.6786,10.8778,1.6962,58.992,4.7623,4.901,,11.101,1.427,36.387,20.2779,,1.0759,19.1656
2023-02-15,1.0,,1.5529,1.9558,5.586,1.4356,0.9885,7.3229,23.666,7.4515,,0.88825,8.3983,,380.58,16320.55,3.773,88.6415,153.9,143.05,1374.34,,,19.9732,4.7,10.9193,1.7063,59.075,4.76,4.9008,,11.14,1.4285,36.771,20.1677,,1.07,19.2891
2023-02-16,1.0,,1.55,1.9558,5.609,1.4334,0.9873,7.3351,23.685,7.449,,0.88883,8.3985,,382.65,16193.38,3.7907,88.4574,154.3,143.31,1376.52,,,19.872,4.7123,10.9513,1.7033,59.011,4.7765,4.9009,,11.142,1.4287,36.738,20.1685,,1.07,19.4066
2023-02-17,1.0,,1.556,1.9558,5.5487,1.4366,0.9896,7.3081,23.715,7.4464,,0.88888,8.3349,,386.61,16160.7,3.785,88.021,154.1,143.18,1383.32,,,19.7313,4.709,11.015,1.7123,58.831,4.7773,4.9165,,11.1983,1.4231,36.741,20.0478,,1.0625,19.265
2023-02-20,1.0,,1.5456,1.9558,5.5162,1.4367,0.9861,7.3191,23.693,7.4461,,0.88738,8.3623,,382.83,16178.69,3.8032,88.306,154.7,143.09,1384.38,,,19.6555,4.7291,10.9683,1.7087,58.675,4.7435,4.918,,11.062,1.4259,36.708,20.1379,,1.0674,19.3471
2023-02-21,1.0,,1.5517,1.9558,5.511,1.4351,0.9853,7.3372,23.73,7.4456,,0.87925,8.3645,,382.19,16194.81,3.8859,88.2835,154.1,143.76,1387.03,,,19.6085,4.7268,10.9468,1.7092,58.684,4.7478,4.9188,,11.0098,1.4272,36.897,20.1223,,1.0664,19.4579
2023-02-22,1.0,,1.5576,1.9558,5.5008,1.4408,0.987,7.3367,23.669,7.4459,,0.87945,8.3512,,382.33,16178.12,3.886,88.238,154.3,143.24,1386.99,,,19.5976,4.7275,10.9665,1.7066,58.648,4.7443,4.9238,,11.0163,1.4252,36.775,20.0908,,1.0644,19.4048
2023-02-23,1.0,,1.5551,1.9558,5.4765,1.4366,0.9892,7.3227,23.686,7.4429,,0.8814,8.3291,,381.43,16141.05,3.8401,87.6695,152.7,143.32,1376.59,,,19.4512,4.7071,10.9545,1.7039,58.351,4.7438,4.9146,,11.0579,1.4249,36.848,20.0355,,1.0616,19.4076
2023-02-24,1.0,,1.5668,1.9558,5.4633,1.4374,0.9898,7.3398,23.643,7.4438,,0.88245,8.2959,,380.6,16098.17,3.8916,87.4845,152.7,143.55,1387.18,,,19.5027,4.6883,10.937,1.7109,58.045,4.7205,4.9195,,11.003,1.4239,36.921,19.9565,,1.057,19.5243
2023-02-27,1.0,,1.5739,1.9558,5.4848,1.4334,0.9929,7.3378,23.619,7.4426,,0.88073,8.2818,,379.93,16119.69,3.8742,87.336,152.3,143.88,1396.0,,,19.3777,4.7266,10.9635,1.7185,58.596,4.716,4.9198,,11.0595,1.4246,37.045,19.9324,,1.0554,19.4574
2023-02-28,1.0,,1.576,1.9558,5.528,1.4411,0.9947,7.3663,23.497,7.4443,,0.87701,8.3351,,377.68,16193.42,3.8821,87.7205,152.3,145.23,1401.84,,,19.448,4.7653,10.9713,1.7216,58.76,4.7125,4.92,,11.078,1.4314,37.485,20.0556,,1.0619,19.5518
2023-03-01,1.0,,1.5776,1.9558,5.5535,1.4531,0.9997,7.3349,23.426,7.4431,,0.88574,8.3866,,373.58,16273.43,3.8729,88.0848,151.7,144.82,1389.03,,,19.4883,4.7784,11.0365,1.7048,58.762,4.6745,4.9174,,11.1,1.4316,37.063,20.1798,,1.0684,19.3769
2023-03-02,1.0,,1.5773,1.9558,5.5242,1.4448,0.9988,7.3285,23.487,7.4417,,0.88785,8.3244,,374.63,16246.63,3.8674,87.5365,151.1,145.07,1392.26,,,19.2513,4.7463,11.085,1.7057,58.343,4.689,4.9223,,11.135,1.4307,36.943,20.0318,,1.0605,19.3211
2023-03-03,1.0,,1.5728,1.9558,5.5248,1.4437,0.9958,7.3326,23.508,7.4412,,0.8853,8.3325,,378.71,16256.46,3.8913,86.9185,150.3,144.55,1383.24,,,19.1997,4.7513,11.061,1.7069,58.128,4.708,4.9235,,11.143,1.4296,36.781,20.0628,,1.0615,19.2837
2023-03-06,1.0,,1.5807,1.9558,5.5356,1.4493,0.9947,7.3802,23.545,7.4423,,0.8863,8.357,,377.0,16326.06,3.823,87.1445,149.7,144.64,1381.49,,,19.1419,4.7673,11.1109,1.7188,58.51,4.709,4.9205,,11.159,1.4324,36.761,20.1236,,1.0646,19.3688
2023-03-07,1.0,,1.6002,1.9558,5.5224,1.4552,0.9959,7.3975,23.495,7.4426,,0.88968,8.3719,,377.38,16403.79,3.8504,87.2625,149.9,145.21,1392.09,,,19.2065,4.7699,11.1935,1.7229,58.721,4.6898,4.9178,,11.2285,1.4357,36.917,20.1736,,1.0665,19.5975
2023-03-08,1.0,,1.5978,1.9558,5.451,1.4499,0.9931,7.3315,23.585,7.4412,,0.89074,8.2777,,379.87,16290.52,3.7861,86.421,149.9,144.7,1389.6,,,19.0229,4.7721,11.2205,1.7242,58.377,4.6753,4.9113,,11.2835,1.4269,37.002,19.9706,,1.0545,19.5893
2023-03-09,1.0,,1.5965,1.9558,5.4202,1.4574,0.9911,7.3515,23.626,7.4421,,0.88814,8.2848,,379.1,16294.3,3.8079,86.6215,149.9,143.82,1395.0,,,18.9237,4.7715,11.2715,1.7232,58.237,4.6785,4.915,,11.3365,1.4279,37.066,20.0026,,1.0554,19.6578
2023-03-10,1.0,,1.6064,1.9558,5.5037,1.4643,0.9824,7.3594,23.635,7.4425,,0.88258,8.3095,,383.65,16402.95,3.8118,86.9375,150.1,144.7,1398.24,,,19.5428,4.7849,11.29,1.7292,58.4,4.6815,4.9143,,11.3915,1.4349,37.115,20.0737,,1.0586,19.425
2023-03-13,1.0,,1.6066,1.9558,5.6256,1.4745,0.975,7.3413,23.747,7.4444,,0.8837,8.3963,,390.95,16497.9,3.8814,88.046,150.9,141.96,1399.19,,,20.1933,4.8145,11.3893,1.7225,58.872,4.6944,4.9168,,11.439,1.444,37.0,20.3131,,1.0706,19.4545
2023-03-14,1.0,,1.6052,1.9558,5.6136,1.4689,0.9784,7.3758,23.791,7.4447,,0.88054,8.4248,,391.5,16492.99,3.8937,88.431,151.1,144.09,1402.36,,,20.092,4.8177,11.335,1.7198,59.134,4.6878,4.9218,,11.288,1.4428,37.01,20.3732,,1.0737,19.3931
2023-03-15,1.0,,1.5888,1.9558,5.5672,1.4504,0.9727,7.2865,23.942,7.4446,,0.87243,8.2796,,397.5,16352.53,3.833,87.3125,150.3,139.51,1393.75,,,19.9704,4.7296,11.34,1.7006,58.051,4.7,4.9218,,11.202,1.4245,36.552,20.0269,,1.0549,19.419
2023-03-16,1.0,,1.5932,1.9558,5.6005,1.4565,0.982,7.3045,24.011,7.4476,,0.8782,8.3165,,396.43,16365.21,3.889,87.7298,150.1,140.18,1388.4,,,20.2064,4.772,11.4487,1.715,58.188,4.6963,4.9215,,11.1781,1.4276,36.436,20.1194,,1.0595,19.4759
2023-03-17,1.0,,1.5874,1.9558,5.5872,1.4584,0.9858,7.3117,23.948,7.445,,0.87488,8.3387,,395.93,16332.02,3.9057,87.787,149.3,140.57,1389.84,,,19.9829,4.7649,11.4218,1.7014,58.118,4.7045,4.9208,,11.1995,1.4262,36.246,20.1859,,1.0623,19.4988
2023-03-20,1.0,,1.5978,1.9558,5.6183,1.4669,0.9928,7.3739,23.988,7.445,,0.8756,8.4038,,399.21,16453.38,3.9359,88.49,150.1,140.77,1401.82,,,20.3003,4.8076,11.421,1.7106,58.281,4.7045,4.9233,,11.1564,1.4354,36.513,20.3838,,1.0717,19.7861
2023-03-21,1.0,,1.6136,1.9558,5.6491,1.4726,0.997,7.4058,23.846,7.4465,,0.88033,8.4547,,391.58,16490.75,3.937,89.0308,150.1,142.63,1406.34,,,20.1454,4.8196,11.3125,1.7412,58.485,4.6998,4.9225,,11.099,1.4392,36.929,20.5035,,1.0776,19.9659
2023-03-22,1.0,,1.6132,1.9558,5.6683,1.4782,0.996,7.4238,23.722,7.4472,,0.87925,8.4636,,388.55,16465.08,3.9207,89.08,149.9,143.13,1406.43,,,20.0036,4.8047,11.332,1.7362,58.683,4.6835,4.9215,,11.1535,1.4391,37.1,20.5354,,1.0785,19.8529
2023-03-23,1.0,,1.6242,1.9558,5.6995,1.4875,0.9969,7.4312,23.658,7.4482,,0.88523,8.5396,,384.75,16450.63,3.9371,89.481,149.9,142.87,1396.18,,,20.1915,4.8063,11.284,1.7373,59.125,4.6868,4.9228,,11.222,1.4434,37.119,20.7179,,1.0879,19.7787
2023-03-24,1.0,,1.6189,1.9558,5.7298,1.4816,0.9874,7.3826,23.682,7.4519,,0.8794,8.4344,,386.8,16316.05,3.8755,88.565,150.1,139.85,1401.12,,,20.0854,4.7579,11.3065,1.7329,58.421,4.6865,4.9305,,11.208,1.433,36.748,20.4882,,1.0745,19.5755
2023-03-27,1.0,,1.6204,1.9558,5.6362,1.4769,0.9875,7.4131,23.732,7.4515,,0.87818,8.4566,,385.3,16319.16,3.8412,88.6672,149.9,141.64,1400.23,,,19.8128,4.7633,11.338,1.7397,58.347,4.6855,4.9405,,11.212,1.4351,37.07,20.5701,,1.0773,19.7373
2023-03-28,1.0,,1.6219,1.9558,5.608,1.4803,0.9947,7.4554,23.668,7.4492,,0.87938,8.51,,382.95,16353.4,3.8409,89.064,148.1,141.69,1407.94,,,19.8389,4.7717,11.324,1.7382,58.951,4.6815,4.9523,,11.2195,1.4394,37.152,20.7153,,1.0841,19.7029
2023-03-29,1.0,,1.6252,1.9558,5.5958,1.4739,0.9973,7.4679,23.631,7.4495,,0.87988,8.5147,,379.8,16335.17,3.8709,89.2985,148.7,143.58,1411.29,,,19.7327,4.7927,11.3005,1.7405,59.007,4.687,4.95,,11.2955,1.4425,37.086,20.75,,1.0847,19.6494
2023-03-30,1.0,,1.6263,1.9558,5.5531,1.474,0.9963,7.4898,23.547,7.4493,,0.88164,8.5455,,380.63,16376.04,3.9055,89.3575,148.1,144.42,1413.65,,,19.6843,4.8143,11.357,1.7462,59.166,4.6813,4.9483,,11.3037,1.4465,37.252,20.8653,,1.0886,19.646
2023-03-31,1.0,,1.6268,1.9558,5.5158,1.4737,0.9968,7.4763,23.492,7.4485,,0.8792,8.5367,,379.5,16300.19,3.9284,89.3995,148.3,144.83,1420.26,,,19.6392,4.7986,11.394,1.7392,59.05,4.67,4.949,,11.2805,1.4464,37.111,20.8632,,1.0875,19.3275
2023-04-03,1.0,,1.608,1.9558,5.4786,1.4628,0.9949,7.4832,23.44,7.4504,,0.8779,8.5328,,378.84,16269.13,3.9055,89.471,149.7,144.51,1429.43,,,19.5519,4.8035,11.2515,1.7283,59.383,4.6765,4.9367,,11.2835,1.4464,37.306,20.8726,,1.087,19.4208
2023-04-04,1.0,,1.6154,1.9558,5.5121,1.4641,0.9954,7.5034,23.418,7.4513,,0.87333,8.5569,,376.83,16251.48,3.8855,89.59,149.3,144.94,1434.69,,,19.6561,4.803,11.2345,1.7336,59.436,4.6718,4.933,,11.2525,1.4467,37.314,20.9609,,1.0901,19.4414
2023-04-05,1.0,,1.6325,1.9558,5.5497,1.4719,0.9901,7.5265,23.429,7.4498,,0.87685,8.5877,,376.19,16330.9,3.9226,89.7215,149.7,143.74,1434.8,,,19.8441,4.812,11.399,1.7349,59.604,4.6818,4.9314,,11.3265,1.4512,37.032,21.0619,,1.094,19.6107
2023-04-06,1.0,,1.6312,1.9558,5.5096,1.4704,0.9878,7.5014,23.409,7.451,,0.87495,8.5682,,376.1,16290.63,3.9261,89.3655,149.7,143.49,1438.81,,,19.9624,4.8015,11.3855,1.7387,59.562,4.6863,4.9369,,11.3875,1.4507,37.171,21.0195,,1.0915,19.8929
2023-04-11,1.0,,1.6387,1.9558,5.5072,1.4732,0.9868,7.508,23.469,7.4505,,0.87738,8.5603,,375.23,16263.25,3.9722,89.5205,149.5,145.28,1441.82,,,19.7901,4.8184,11.5435,1.7566,59.996,4.669,4.9375,,11.4255,1.4526,37.361,21.0333,,1.0905,19.9013
2023-04-12,1.0,,1.6377,1.9558,5.4635,1.4728,0.9853,7.5183,23.421,7.4506,,0.88038,8.5737,,376.23,16253.32,4.0138,89.6875,149.1,146.09,1448.1,,,19.7972,4.8193,11.4745,1.7649,60.291,4.6631,4.9385,,11.348,1.4538,37.391,21.0976,,1.0922,20.133
2023-04-13,1.0,,1.6343,1.9558,5.4117,1.4759,0.9804,7.5758,23.271,7.4509,,0.88058,8.6468,,374.55,16224.93,4.0277,90.1665,149.1,146.81,1441.15,,,19.9235,4.8466,11.457,1.7624,60.972,4.632,4.9435,,11.3886,1.4592,37.548,21.2912,,1.1015,19.971
2023-04-14,1.0,,1.6309,1.9558,5.441,1.4725,0.9827,7.5761,23.341,7.451,,0.8844,8.6797,,373.68,16291.79,4.0426,90.3595,149.7,146.6,1438.43,,,19.9598,4.8673,11.402,1.7588,61.122,4.6435,4.9423,,11.3455,1.4665,37.66,21.4218,,1.1057,19.9352
2023-04-17,1.0,,1.6356,1.9558,5.3861,1.4673,0.9812,7.5433,23.345,7.452,,0.88373,8.62,,371.7,16299.22,4.0005,90.0607,149.7,146.97,1444.13,,,19.7526,4.8558,11.364,1.7717,61.449,4.6288,4.9425,,11.3163,1.4615,37.753,21.2835,,1.0981,19.8937
2023-04-18,1.0,,1.6276,1.9558,5.3899,1.4679,0.9831,7.5436,23.373,7.4513,,0.88143,8.6129,,371.68,16319.23,3.9937,89.9955,149.7,146.89,1445.35,,,19.7174,4.865,11.4675,1.7637,61.73,4.618,4.9357,,11.2955,1.4614,37.623,21.2812,,1.0972,19.9299
2023-04-19,1.0,,1.6301,1.9558,5.4843,1.4698,0.9828,7.5406,23.475,7.4514,,0.88108,8.5816,,376.35,16390.21,4.0007,89.8985,149.5,147.24,1458.87,,,19.8057,4.8564,11.5335,1.7668,61.709,4.6238,4.9321,,11.306,1.4615,37.708,21.2083,,1.0933,19.9808
2023-04-20,1.0,,1.629,1.9558,5.5484,1.4757,0.981,7.5298,23.502,7.4524,,0.88153,8.5907,,377.68,16364.81,4.0022,89.9365,149.5,147.46,1450.34,,,19.8156,4.8564,11.604,1.7763,61.429,4.611,4.9308,,11.328,1.4599,37.609,21.2348,,1.0944,19.8552
2023-04-21,1.0,,1.6394,1.9558,5.5432,1.4859,0.9795,7.5619,23.565,7.4527,,0.8857,8.6157,,377.23,16423.09,4.0175,90.109,150.1,146.92,1458.64,,,19.7623,4.8715,11.6505,1.7913,61.401,4.6108,4.941,,11.3315,1.4651,37.731,21.2999,,1.0978,19.8967
2023-04-24,1.0,,1.6468,1.9558,5.5788,1.4906,0.98,7.5837,23.439,7.453,,0.88463,8.6346,,375.15,16447.99,4.0244,90.1255,150.1,148.17,1468.59,,,19.8331,4.8821,11.647,1.7916,61.336,4.6055,4.9298,,11.309,1.4684,37.858,21.3507,,1.1002,19.9476
2023-04-25,1.0,,1.6564,1.9558,5.5729,1.4984,0.9786,7.6289,23.476,7.453,,0.88645,8.652,,375.42,16463.59,4.0146,90.331,150.3,147.91,1475.7,,,19.8039,4.9046,11.695,1.7887,61.205,4.59,4.937,,11.3045,1.4735,37.949,21.4071,,1.1022,20.1501
2023-04-26,1.0,,1.6725,1.9558,5.5739,1.5035,0.9824,7.6424,23.477,7.4534,,0.8856,8.6655,,375.83,16389.57,4.0161,90.2465,149.7,147.67,1476.66,,,19.9388,4.9201,11.722,1.8032,61.454,4.5928,4.9391,,11.3855,1.4745,37.731,21.4424,,1.1039,20.308
2023-04-27,1.0,,1.6672,1.9558,5.5532,1.5041,0.9862,7.6454,23.512,7.4538,,0.88428,8.6679,,373.58,16252.57,4.0184,90.3185,149.7,147.16,1480.87,,,20.0182,4.928,11.714,1.794,61.526,4.59,4.939,,11.3805,1.4749,37.664,21.4528,,1.1042,20.1452
2023-04-28,1.0,,1.6664,1.9558,5.4872,1.4981,0.9839,7.5979,23.502,7.4538,,0.8805,8.6199,,373.78,16111.9,3.9939,89.8555,149.1,149.35,1470.89,,,19.8182,4.8981,11.791,1.7864,60.923,4.5815,4.9301,,11.3515,1.4679,37.467,21.3608,,1.0981,20.1558
2023-05-02,1.0,,1.6371,1.9558,5.4853,1.4885,0.9841,7.5791,23.587,7.4538,,0.87868,8.6075,,371.98,16143.37,3.9717,89.7515,149.7,150.7,1470.32,,,19.6703,4.8948,11.762,1.7654,60.712,4.5758,4.9305,,11.2915,1.4646,37.478,21.3508,,1.0965,20.146
2023-05-03,1.0,,1.6564,1.9558,5.5521,1.5045,0.9809,7.633,23.559,7.4514,,0.88265,8.6687,,375.63,16211.37,4.0163,90.3465,150.1,149.66,1472.7,,,19.8311,4.9174,11.886,1.7717,61.083,4.582,4.9302,,11.3265,1.4704,37.524,21.5057,,1.1043,20.1657
2023-05-04,1.0,,1.6585,1.9558,5.5194,1.5072,0.9802,7.6538,23.46,7.4503,,0.88015,8.6909,,373.94,16263.59,4.0268,90.5495,150.1,148.92,1465.69,,,19.8208,4.9313,11.8282,1.7668,61.286,4.5905,4.9295,,11.341,1.4695,37.43,21.5825,,1.1074,20.1357
2023-05-05,1.0,,1.6379,1.9558,5.496,1.486,0.9828,7.6112,23.401,7.4499,,0.87378,8.6434,,372.48,16156.49,4.0159,90.001,150.1,147.8,1451.9,,,19.7073,4.8869,11.6895,1.7488,60.83,4.577,4.928,,11.2365,1.46,37.172,21.4745,,1.1014,20.2345
2023-05-08,1.0,,1.6244,1.9558,5.4613,1.471,0.9813,7.6347,23.41,7.4473,,0.87228,8.6618,,372.2,16237.42,4.0132,90.2775,150.5,149.15,1458.26,,,19.6393,4.8971,11.5505,1.7389,61.015,4.5693,4.9246,,11.2012,1.462,37.382,21.5304,,1.1037,20.2552
2023-05-09,1.0,,1.6217,1.9558,5.4863,1.4679,0.9788,7.5853,23.363,7.4452,,0.8699,8.5934,,371.68,16159.2,4.0077,89.9495,150.7,147.97,1451.9,,,19.497,4.8762,11.575,1.732,61.123,4.5723,4.92,,11.1885,1.4544,36.921,21.3858,,1.0959,20.2003
2023-05-10,1.0,,1.6222,1.9558,5.4497,1.4657,0.9771,7.5818,23.419,7.4478,,0.86813,8.5739,,370.98,16150.98,4.0153,89.8185,149.9,148.18,1449.79,,,19.3954,4.8821,11.5485,1.7303,60.995,4.5363,4.9219,,11.1938,1.4541,36.858,21.3974,,1.095,20.5005
2023-05-11,1.0,,1.6226,1.9558,5.4218,1.4672,0.9758,7.5817,23.488,7.4484,,0.86795,8.5671,,371.45,16079.12,3.9869,89.6905,149.9,146.54,1451.78,,,19.2241,4.8775,11.518,1.7228,60.859,4.5238,4.9322,,11.2184,1.451,36.796,21.3781,,1.093,20.7485
2023-05-12,1.0,,1.631,1.9558,5.3844,1.4702,0.9744,7.5722,23.606,7.4484,,0.8702,8.5425,,370.98,16130.23,3.9695,89.52,150.3,147.02,1455.02,,,19.2067,4.8785,11.631,1.7503,60.804,4.5343,4.9318,,11.2425,1.4534,37.022,21.3588,,1.0892,20.943
2023-05-15,1.0,,1.6261,1.9558,5.3431,1.4684,0.9747,7.5621,23.574,7.4471,,0.86943,8.525,,369.3,16089.55,3.9776,89.499,150.9,148.15,1453.79,,,19.0872,4.8915,11.583,1.7494,60.984,4.5078,4.9375,,11.2905,1.4548,36.772,21.3896,,1.0876,20.7496
2023-05-16,1.0,,1.6307,1.9558,5.334,1.4652,0.9732,7.5793,23.675,7.4468,,0.86938,8.5293,,369.2,16132.09,3.9855,89.4655,150.9,147.89,1458.78,,,18.9822,4.8954,11.613,1.7428,61.001,4.4865,4.9478,,11.2765,1.4545,36.963,21.4425,,1.0881,20.7496
2023-05-17,1.0,,1.6273,1.9558,5.3728,1.4609,0.9746,7.5762,23.632,7.4476,,0.86895,8.4788,,371.25,16118.14,3.9493,89.1878,152.1,148.31,1448.48,,,19.0493,4.9001,11.7295,1.7313,60.793,4.507,4.9605,,11.325,1.4542,37.106,21.3965,,1.0829,20.8793
2023-05-18,1.0,,1.6285,1.9558,5.3612,1.4568,0.9735,7.5983,23.683,7.4477,,0.8689,8.464,,373.87,16089.38,3.9349,89.2915,151.5,149.08,1442.07,,,19.146,4.9053,11.737,1.7323,60.324,4.543,4.9708,,11.3609,1.4544,37.116,21.3964,,1.0813,20.9693
2023-05-19,1.0,,1.6231,1.9558,5.3554,1.4575,0.9738,7.5766,23.764,7.4481,,0.8684,8.4494,,376.73,16129.14,3.9338,89.4215,151.3,149.55,1432.76,,,19.085,4.9052,11.701,1.7206,60.26,4.5205,4.9783,,11.3695,1.4538,37.169,21.4089,,1.0808,20.8848
2023-05-22,1.0,,1.6294,1.9558,5.4056,1.4618,0.97,7.6067,23.676,7.4478,,0.86846,8.4696,,374.73,16100.33,3.9552,89.671,151.3,149.64,1423.76,,,19.3742,4.9218,11.7765,1.7232,60.353,4.5133,4.9737,,11.3765,1.4554,37.282,21.4629,,1.0822,20.9137
2023-05-23,1.0,,1.6282,1.9558,5.3649,1.4571,0.9718,7.6039,23.681,7.4475,,0.86993,8.448,,376.45,16043.23,3.9756,89.2675,151.3,149.2,1422.75,,,19.3225,4.926,11.792,1.7246,60.052,4.5018,4.972,,11.4494,1.4527,37.435,21.3993,,1.0779,20.792
2023-05-24,1.0,,1.6402,1.9558,5.3397,1.46,0.9732,7.6005,23.671,7.4477,,0.86993,8.4462,,372.7,16063.5,4.0095,89.1473,151.3,149.3,1421.92,,,19.2493,4.9536,11.8175,1.7582,60.068,4.49,4.9614,,11.5103,1.4526,37.171,21.4487,,1.0785,20.7479
2023-05-25,1.0,,1.6443,1.9558,5.332,1.4599,0.9708,7.5891,23.645,7.4502,,0.86793,8.4092,,372.3,16040.83,3.9894,88.8055,150.7,149.63,1424.3,,,19.0797,4.9655,11.7695,1.7655,60.132,4.511,4.9495,,11.549,1.4515,37.154,21.3944,,1.0735,20.7466
2023-05-26,1.0,,1.6439,1.9558,5.3878,1.463,0.9707,7.5874,23.648,7.4489,,0.86813,8.423,,371.61,16085.65,4.018,88.8049,149.5,150.24,1425.46,,,19.069,4.9465,11.8218,1.7656,60.011,4.5354,4.9572,,11.528,1.452,37.263,21.534,,1.0751,21.0148
2023-05-29,1.0,,1.6384,1.9558,5.346,1.4564,0.9683,7.582,23.693,7.4492,,0.86805,8.39,,371.45,16030.07,3.9858,88.52,149.3,150.29,1417.96,,,18.8519,4.9343,11.9175,1.7676,60.077,4.52,4.96,,11.5956,1.4499,37.235,21.5394,,1.0715,21.0611
2023-05-30,1.0,,1.6397,1.9558,5.3756,1.4586,0.969,7.599,23.709,7.4486,,0.86365,8.4158,,370.4,16086.45,3.989,88.7985,149.3,150.01,1415.24,,,18.8465,4.9439,11.8745,1.7716,60.474,4.5235,4.963,,11.634,1.45,37.26,21.9118,,1.0744,21.1269
2023-05-31,1.0,,1.6497,1.9558,5.4288,1.4582,0.9724,7.5926,23.741,7.448,,0.86405,8.3696,,370.85,16030.39,3.9713,88.34,149.7,149.13,1416.29,,,18.9263,4.9307,12.0045,1.7793,60.053,4.5368,4.9695,,11.6278,1.4467,37.134,22.132,,1.0683,21.1353
2023-06-01,1.0,,1.6407,1.9558,5.4032,1.4514,0.9732,7.6066,23.687,7.4477,,0.85823,8.3786,,370.42,15964.76,3.997,88.207,149.7,149.25,1413.23,,,18.8695,4.9351,11.967,1.7775,60.057,4.541,4.9645,,11.6455,1.4466,37.204,22.252,,1.0697,21.1567
2023-06-02,1.0,,1.6248,1.9558,5.3752,1.4443,0.9758,7.6065,23.657,7.4488,,0.8593,8.4346,,371.36,15975.82,4.0311,88.638,150.1,149.46,1401.66,,,18.8527,4.9268,11.845,1.7652,60.132,4.4975,4.9622,,11.5505,1.4474,37.251,22.4742,,1.0763,20.9461
2023-06-05,1.0,,1.6219,1.9558,5.2959,1.4367,0.9732,7.6062,23.573,7.4484,,0.86323,8.3787,,369.28,15896.16,3.9996,88.3255,150.9,149.96,1396.49,,,18.7675,4.8933,11.8275,1.7662,60.067,4.4735,4.9653,,11.642,1.4451,37.287,22.6964,,1.069,20.6855
2023-06-06,1.0,,1.6038,1.9558,5.2538,1.4342,0.9698,7.604,23.52,7.4494,,0.86103,8.3777,,368.63,15891.22,3.9529,88.2295,151.1,149.09,1388.93,,,18.6436,4.9222,11.8775,1.7579,60.064,4.4915,4.9592,,11.6215,1.4411,37.161,22.9762,,1.0683,20.5593
2023-06-07,1.0,,1.6004,1.9558,5.2607,1.4351,0.9704,7.6235,23.625,7.4494,,0.8597,8.4029,,368.73,15901.74,3.9145,88.416,150.5,149.42,1394.04,,,18.6078,4.9271,11.7975,1.764,60.002,4.4695,4.9586,,11.6255,1.4432,37.231,24.7925,,1.0717,20.3986
2023-06-08,1.0,,1.6061,1.9558,5.2866,1.4342,0.9751,7.6541,23.625,7.4498,,0.86113,8.4126,,368.65,15979.46,3.9336,88.617,149.5,149.98,1399.86,,,18.6188,4.9589,11.758,1.7696,60.228,4.4788,4.953,,11.648,1.446,37.408,25.0875,,1.0737,20.3284
2023-06-09,1.0,,1.6023,1.9558,5.2965,1.4362,0.9716,7.6839,23.666,7.4505,,0.85795,8.4493,,368.73,15996.72,3.8816,88.89,149.5,150.24,1391.11,,,18.7356,4.9739,11.612,1.7627,60.426,4.4605,4.9566,,11.673,1.448,37.277,25.1244,,1.078,20.1806
2023-06-12,1.0,,1.592,1.9558,5.2549,1.4357,0.9751,7.6888,23.759,7.452,,0.85678,8.4326,,368.15,15996.85,3.8627,88.733,149.5,150.03,1385.76,,,18.5997,4.9734,11.634,1.754,60.326,4.4395,4.9568,,11.6185,1.4457,37.236,25.3874,,1.0765,19.983
2023-06-13,1.0,,1.5922,1.9558,5.2469,1.4403,0.9784,7.7167,23.813,7.4524,,0.8585,8.455,,371.13,16044.83,3.8536,88.863,149.5,150.62,1373.73,,,18.6655,4.9831,11.6235,1.7564,60.252,4.475,4.9627,,11.64,1.4467,37.279,25.5471,,1.0793,20.1087
2023-06-14,1.0,,1.5915,1.9558,5.2489,1.4378,0.9751,7.7363,23.796,7.4529,,0.85455,8.4645,,370.8,16100.2,3.8932,88.6945,148.7,151.21,1380.92,,,18.6113,4.9954,11.476,1.7501,60.437,4.4553,4.956,,11.5605,1.4499,37.518,25.4895,,1.0809,19.912
2023-06-15,1.0,,1.5924,1.9558,5.2244,1.4415,0.9761,7.7491,23.751,7.4523,,0.85555,8.4661,,376.03,16208.51,3.881,88.9825,149.3,152.86,1387.6,,,18.5832,5.0049,11.5025,1.7559,60.638,4.4693,4.9578,,11.6206,1.4543,37.693,25.6112,,1.0819,19.9252
2023-06-16,1.0,,1.5941,1.9558,5.279,1.45,0.977,7.81,23.817,7.4505,,0.85428,8.5799,,373.0,16387.75,3.9024,89.7953,149.5,154.65,1397.67,,,18.7771,5.0603,11.517,1.7591,61.246,4.4728,4.961,,11.5925,1.4647,37.953,25.9491,,1.0966,19.9021
2023-06-19,1.0,,1.5964,1.9558,5.2588,1.4411,0.9772,7.8182,23.778,7.4498,,0.85268,8.5379,,374.4,16381.19,3.9408,89.5125,149.1,154.94,1400.93,,,18.6768,5.0542,11.6335,1.7625,60.883,4.457,4.9588,,11.6943,1.4646,37.987,25.825,,1.0922,19.8497
2023-06-20,1.0,,1.612,1.9558,5.2376,1.4473,0.9808,7.8462,23.756,7.4491,,0.85705,8.556,,372.55,16410.11,3.9424,89.7525,149.1,154.51,1406.33,,,18.6991,5.0729,11.7155,1.7714,60.763,4.4463,4.9629,,11.758,1.4688,37.981,25.7687,,1.0933,19.9724
2023-06-21,1.0,,1.6154,1.9558,5.2273,1.4435,0.9803,7.8519,23.763,7.4479,,0.85828,8.551,,369.9,16330.8,3.9404,89.5765,148.3,154.89,1413.88,,,18.7393,5.0737,11.747,1.7697,60.747,4.4328,4.9625,,11.7563,1.4678,38.056,25.7343,,1.0923,20.0783
2023-06-22,1.0,,1.6194,1.9558,5.2331,1.4463,0.9825,7.8866,23.683,7.4486,,0.86115,8.5987,,369.43,16425.99,3.9847,90.03,148.5,156.05,1424.62,,,18.8431,5.1091,11.599,1.7698,61.133,4.4253,4.9631,,11.7224,1.4741,38.535,26.6249,,1.0985,20.2575
2023-06-23,1.0,,1.6285,1.9558,5.2235,1.438,0.9773,7.8141,23.654,7.4485,,0.85479,8.5216,,369.9,16337.69,3.9401,89.2205,148.9,155.84,1425.92,,,18.7706,5.0899,11.8565,1.7758,60.696,4.4238,4.9538,,11.675,1.4726,38.323,27.4781,,1.0884,20.3652
2023-06-26,1.0,,1.6346,1.9558,5.2177,1.4354,0.9737,7.8972,23.649,7.4458,,0.85878,8.5481,,369.1,16438.22,3.9565,89.5565,148.9,156.41,1425.57,,,18.6863,5.1025,11.708,1.769,60.863,4.4363,4.9561,,11.6825,1.4765,38.399,28.2813,,1.0918,20.3145
2023-06-27,1.0,,1.6369,1.9558,5.2311,1.4408,0.9789,7.8976,23.609,7.4474,,0.8599,8.5782,,368.5,16427.69,3.983,89.7945,148.9,157.14,1424.2,,,18.7091,5.1097,11.7563,1.7739,60.547,4.4283,4.961,,11.7405,1.4767,38.602,28.5192,,1.0951,20.2234
2023-06-28,1.0,,1.6525,1.9558,5.294,1.4491,0.9822,7.9262,23.683,7.4469,,0.8642,8.5667,,371.73,16398.98,4.0212,89.7465,148.5,157.82,1434.33,,,18.6835,5.1097,11.8395,1.7992,60.4,4.4763,4.9604,,11.795,1.4799,38.95,28.5166,,1.0938,20.4828
2023-06-29,1.0,,1.648,1.9558,5.3006,1.4503,0.9783,7.914,23.686,7.4476,,0.864,8.5713,,370.9,16408.12,4.0439,89.7065,149.1,157.74,1438.77,,,18.6836,5.1097,11.7645,1.7937,60.46,4.4485,4.9638,,11.8175,1.479,38.928,28.4788,,1.0938,20.4645
2023-06-30,1.0,,1.6398,1.9558,5.2788,1.4415,0.9788,7.8983,23.742,7.4474,,0.85828,8.5157,,371.93,16384.54,4.0486,89.2065,148.7,157.16,1435.88,,,18.5614,5.0717,11.704,1.7858,60.082,4.4388,4.9635,,11.8055,1.4732,38.482,28.3193,,1.0866,20.5785
2023-07-03,1.0,,1.6383,1.9558,5.2083,1.4441,0.98,7.9007,23.711,7.4468,,0.8598,8.5402,,375.03,16412.6,4.0467,89.3225,149.5,157.81,1425.74,,,18.661,5.0871,11.6945,1.7755,60.27,4.4385,4.9532,,11.833,1.4736,38.343,28.4225,,1.0899,20.4435
2023-07-04,1.0,,1.6286,1.9558,5.2293,1.4403,0.9762,7.8646,23.695,7.4479,,0.85673,8.5314,,375.39,16357.26,4.0341,89.358,149.1,157.34,1414.61,,,18.5663,5.0684,11.5958,1.7604,60.165,4.4215,4.9485,,11.812,1.4694,38.034,28.3858,,1.0895,20.3147
2023-07-05,1.0,,1.6329,1.9558,5.2933,1.4447,0.9782,7.8798,23.775,7.4482,,0.85685,8.5108,,378.4,16380.93,4.0239,89.5175,149.3,157.26,1415.29,,,18.5602,5.062,11.6455,1.759,60.328,4.4558,4.9515,,11.8295,1.4714,37.979,28.3828,,1.0879,20.3894
2023-07-06,1.0,,1.6308,1.9558,5.2926,1.4489,0.9757,7.882,23.839,7.4493,,0.8531,8.5239,,382.95,16420.93,4.0287,89.849,148.3,156.57,1419.79,,,18.6009,5.0811,11.637,1.7532,60.543,4.4753,4.9504,,11.9045,1.4712,38.168,28.3543,,1.0899,20.6276
2023-07-07,1.0,,1.6416,1.9558,5.3527,1.4557,0.9754,7.8773,23.945,7.4515,,0.85298,8.5232,,388.33,16521.26,4.0428,90.0465,146.9,156.01,1421.91,,,18.7883,5.0842,11.7085,1.7644,60.495,4.4838,4.9557,,11.9075,1.4717,38.358,28.383,,1.0888,20.7915
2023-07-10,1.0,,1.6488,1.9558,5.3246,1.4552,0.9753,7.9291,23.843,7.4512,,0.85733,8.5783,,382.65,16655.6,4.0588,90.4985,147.3,155.73,1429.51,,,18.7544,5.1165,11.5635,1.7707,60.996,4.4508,4.949,,11.8745,1.4773,38.477,28.59,,1.0956,20.6523
2023-07-11,1.0,,1.6493,1.9558,5.3679,1.4588,0.9693,7.9143,23.855,7.4529,,0.8511,8.6023,,379.5,16678.24,4.0719,90.5655,146.9,154.27,1422.26,,,18.7556,5.1181,11.452,1.7766,60.787,4.4563,4.949,,11.76,1.4748,38.209,28.6897,,1.0989,20.4953
2023-07-12,1.0,,1.6479,1.9558,5.3477,1.4574,0.9683,7.9274,23.828,7.4524,,0.85378,8.6268,,376.48,16608.8,4.045,90.7173,146.9,153.84,1420.8,,,18.7485,5.1263,11.331,1.7818,60.463,4.4473,4.9495,,11.68,1.4751,38.434,28.8159,,1.1022,20.3368
2023-07-13,1.0,,1.6299,1.9558,5.3747,1.4714,0.9644,8.0098,23.752,7.4523,,0.85553,8.7481,,375.15,16727.49,4.0378,91.7935,146.9,154.84,1418.67,,,18.9248,5.128,11.248,1.758,60.78,4.4323,4.9433,,11.51,1.4816,38.667,29.2478,,1.1182,20.2148
2023-07-14,1.0,,1.635,1.9558,5.3847,1.4728,0.9649,8.0076,23.777,7.4484,,0.8559,8.7694,,374.55,16797.87,4.0499,92.1985,146.9,155.51,1423.03,,,18.9497,5.0786,11.2105,1.7589,61.135,4.449,4.9439,,11.493,1.482,38.864,29.3872,,1.1221,20.2032
2023-07-17,1.0,,1.6487,1.9558,5.396,1.4845,0.9652,8.0457,23.757,7.4504,,0.85873,8.775,,373.03,16842.79,4.0897,92.1073,146.9,155.38,1421.92,,,18.8477,5.099,11.242,1.7727,61.125,4.4508,4.9414,,11.4873,1.4839,38.856,29.5517,,1.123,20.2582
2023-07-18,1.0,,1.6523,1.9558,5.4001,1.4862,0.9647,8.0745,23.818,7.4509,,0.85838,8.7918,,373.68,16864.46,4.073,92.3335,146.3,155.4,1419.52,,,18.8029,5.1126,11.3395,1.7908,61.261,4.4458,4.938,,11.504,1.4866,38.436,30.3528,,1.1255,20.1525
2023-07-19,1.0,,1.6582,1.9558,5.3996,1.4795,0.9628,8.1014,23.927,7.4507,,0.86918,8.7612,,375.0,16830.56,4.0235,92.1095,146.5,156.76,1420.32,,,18.8119,5.0976,11.266,1.7949,61.272,4.4508,4.944,,11.476,1.4875,38.329,30.2231,,1.1222,20.1074
2023-07-20,1.0,,1.6416,1.9558,5.3665,1.4716,0.9635,8.024,23.961,7.4508,,0.8692,8.7465,,379.24,16777.66,4.0245,91.781,146.3,156.35,1423.23,,,18.7998,5.0868,11.1555,1.7859,61.068,4.4513,4.938,,11.4795,1.4807,38.025,30.1351,,1.1197,19.965
2023-07-21,1.0,,1.651,1.9558,5.3437,1.4668,0.963,7.986,24.062,7.4508,,0.86706,8.6946,,380.3,16714.72,4.0214,91.175,146.3,157.63,1429.52,,,18.8531,5.0738,11.1775,1.7981,60.876,4.4583,4.9367,,11.5517,1.4792,38.23,29.962,,1.1123,20.0385
2023-07-24,1.0,,1.6469,1.9558,5.2981,1.4635,0.9595,7.9749,24.139,7.4514,,0.8635,8.6688,,378.38,16667.21,4.0136,90.78,146.3,156.47,1420.86,,,18.7332,5.0736,11.1925,1.7888,60.59,4.446,4.924,,11.5495,1.4762,38.159,29.9078,,1.1096,19.7927
2023-07-25,1.0,,1.6328,1.9558,5.2178,1.4562,0.9598,7.8915,24.047,7.4515,,0.86148,8.6336,,378.33,16607.03,4.0906,90.4445,145.7,156.18,1409.63,,,18.5746,5.042,11.1605,1.7785,60.271,4.4263,4.9223,,11.495,1.4677,38.115,29.7848,,1.1051,19.4256
2023-07-26,1.0,,1.6401,1.9558,5.2401,1.462,0.9549,7.9109,24.05,7.4517,,0.85695,8.6308,,384.13,16639.98,4.0987,90.7231,145.5,155.3,1410.55,,,18.6702,5.0313,11.2,1.7814,60.421,4.42,4.9288,,11.5313,1.4682,37.91,29.802,,1.1059,19.5801
2023-07-27,1.0,,1.6383,1.9558,5.2667,1.4654,0.9542,7.951,24.032,7.4518,,0.85885,8.6787,,379.03,16691.35,4.129,91.1385,145.5,155.95,1422.98,,,18.6688,5.0307,11.1275,1.7797,60.709,4.4265,4.93,,11.4985,1.4727,37.925,29.9773,,1.1125,19.4838
2023-07-28,1.0,,1.6508,1.9558,5.1996,1.4553,0.9554,7.8799,24.028,7.4527,,0.8556,8.5865,,383.26,16620.44,4.0717,90.501,144.9,153.35,1406.73,,,18.3975,5.0145,11.168,1.7855,60.405,4.4113,4.9308,,11.5545,1.4653,37.852,29.6771,,1.101,19.4309
2023-07-31,1.0,,1.6436,1.9558,5.2031,1.4566,0.9619,7.8808,23.9,7.4529,,0.85765,8.5966,,386.93,16622.65,4.0714,90.669,144.3,156.73,1405.49,,,18.4088,4.9703,11.1805,1.7773,60.522,4.407,4.9349,,11.5895,1.466,37.732,29.7126,,1.1023,19.5511
2023-08-01,1.0,,1.6557,1.9558,5.2148,1.4569,0.961,7.862,23.951,7.4518,,0.85865,8.5508,,389.25,16587.01,4.0002,90.2555,144.3,156.85,1413.56,,,18.4278,4.9568,11.211,1.7834,60.181,4.4303,4.9319,,11.6496,1.4641,37.578,29.5808,,1.097,19.8749
2023-08-02,1.0,,1.6691,1.9558,5.2561,1.4621,0.9642,7.8829,23.929,7.4518,,0.86038,8.5679,,386.88,16675.85,4.0158,90.675,144.7,156.88,1422.77,,,18.5252,4.9916,11.1615,1.7961,60.603,4.4475,4.9341,,11.681,1.4693,37.651,29.6214,,1.0985,20.1579
2023-08-03,1.0,,1.6748,1.9558,5.2996,1.4619,0.9579,7.8397,24.034,7.4517,,0.86468,8.5331,,390.85,16582.02,4.039,90.4965,144.7,156.24,1422.79,,,18.8294,4.9795,11.2765,1.7985,60.744,4.4598,4.939,,11.7415,1.4678,37.852,29.4774,,1.0932,20.37
2023-08-04,1.0,,1.6694,1.9558,5.3729,1.4648,0.9598,7.8661,24.26,7.4514,,0.86193,8.5485,,391.73,16624.59,4.0347,90.73,144.9,156.11,1435.4,,,18.9566,4.9859,11.1858,1.8009,61.073,4.4485,4.953,,11.7,1.4701,38.081,29.5436,,1.0946,20.4214
2023-08-07,1.0,,1.6715,1.9558,5.3609,1.4688,0.9625,7.8976,24.224,7.4515,,0.86163,8.5744,,389.5,16688.03,4.0335,90.8738,145.1,156.21,1436.38,,,18.749,5.0076,11.1485,1.8004,61.654,4.4138,4.949,,11.6625,1.473,38.246,29.6575,,1.0984,20.4371
2023-08-08,1.0,,1.6827,1.9558,5.397,1.4755,0.96,7.895,24.24,7.4515,,0.86158,8.5491,,388.5,16665.11,4.055,90.6614,144.9,156.55,1444.82,,,18.8176,5.0151,11.295,1.8116,61.747,4.45,4.9498,,11.744,1.4766,38.348,29.5716,,1.0944,20.687
2023-08-09,1.0,,1.6779,1.9558,5.3664,1.474,0.9627,7.903,24.293,7.4511,,0.8618,8.5766,,388.44,16661.91,4.0753,90.8795,144.5,157.35,1441.47,,,18.8106,5.0146,11.2063,1.8103,61.728,4.467,4.948,,11.7195,1.4761,38.361,29.6458,,1.0968,20.8921
2023-08-10,1.0,,1.6767,1.9558,5.3872,1.4764,0.9618,7.9434,24.223,7.4512,,0.86313,8.6127,,385.13,16720.23,4.0975,91.0983,144.5,158.43,1446.32,,,18.7458,5.0368,11.1785,1.8123,61.82,4.4548,4.9432,,11.694,1.4826,38.583,29.7942,,1.1019,20.687
2023-08-11,1.0,,1.685,1.9558,5.3656,1.4791,0.9617,7.9584,24.103,7.451,,0.86415,8.6007,,382.8,16811.91,4.0994,91.097,144.7,158.97,1459.31,,,18.7092,5.0475,11.4225,1.8299,62.175,4.4368,4.9407,,11.8075,1.485,38.547,29.7632,,1.1004,20.7138
2023-08-14,1.0,,1.6853,1.9558,5.3764,1.47,0.9608,7.9356,24.038,7.4515,,0.86215,8.5458,,382.78,16732.99,4.0694,90.818,144.7,158.68,1459.4,,,18.6209,5.0464,11.434,1.8305,62.132,4.4395,4.9418,,11.8405,1.4813,38.474,29.5675,,1.093,20.7881
2023-08-15,1.0,,1.6888,1.9558,5.4295,1.4742,0.9586,7.9605,24.138,7.4519,,0.85955,8.5482,,388.48,16760.11,4.1156,91.0615,144.3,159.04,1460.7,,,18.7129,5.065,11.4705,1.8305,62.124,4.4888,4.9395,,11.839,1.4829,38.667,29.5648,,1.0926,20.9813
2023-08-16,1.0,,1.6895,1.9558,5.4276,1.4726,0.9605,7.9657,24.06,7.452,,0.85645,8.5466,,385.45,16685.26,4.0932,90.8435,144.1,159.07,1461.11,,,18.6429,5.0536,11.453,1.8282,61.852,4.4528,4.9358,,11.828,1.4822,38.599,29.5411,,1.0916,20.8671
2023-08-17,1.0,,1.6931,1.9558,5.4127,1.4718,0.9555,7.9387,24.078,7.4518,,0.85395,8.5318,,384.73,16726.82,4.1125,90.4995,144.1,158.88,1458.28,,,18.6156,5.0712,11.4985,1.8298,61.738,4.4718,4.9385,,11.8666,1.4793,38.542,29.5376,,1.09,20.7417
2023-08-18,1.0,,1.6999,1.9558,5.4076,1.4733,0.9571,7.9197,24.037,7.4514,,0.85493,8.5105,,383.59,16647.16,4.1245,90.2825,143.7,158.11,1457.04,,,18.5581,5.0504,11.58,1.835,61.226,4.4698,4.9448,,11.9383,1.4751,38.415,29.4535,,1.0867,20.7133
2023-08-21,1.0,,1.6995,1.9558,5.414,1.4723,0.9588,7.9456,24.02,7.4524,,0.85475,8.5488,,381.73,16718.49,4.1395,90.6615,143.7,159.15,1460.32,,,18.5927,5.0706,11.5205,1.8407,61.543,4.4785,4.9406,,11.9095,1.4791,38.314,29.6305,,1.0908,20.676
2023-08-22,1.0,,1.6878,1.9558,5.3891,1.4716,0.9565,7.9387,24.0,7.4535,,0.85288,8.5328,,382.03,16699.27,4.1069,90.322,143.7,158.7,1454.59,,,18.4223,5.0603,11.5195,1.8264,61.251,4.4643,4.9376,,11.863,1.4754,38.126,29.6136,,1.0887,20.3932
2023-08-23,1.0,,1.684,1.9558,5.3306,1.4667,0.9524,7.8796,24.132,7.4531,,0.85653,8.4716,,383.33,16523.94,4.0916,89.3258,143.1,157.28,1448.26,,,18.2457,5.0313,11.573,1.8224,61.351,4.4773,4.9408,,11.9061,1.4677,37.936,29.408,,1.0805,20.2097
2023-08-24,1.0,,1.6838,1.9558,5.2865,1.4686,0.9562,7.8934,24.13,7.4539,,0.8565,8.5009,,384.23,16525.58,4.0926,89.5195,143.1,157.96,1433.05,,,18.244,5.0352,11.5775,1.8266,61.49,4.4768,4.9358,,11.9175,1.4681,37.962,28.5509,,1.084,20.248
2023-08-25,1.0,,1.6809,1.9558,5.2524,1.4672,0.9564,7.8783,24.117,7.4537,,0.85643,8.477,,381.78,16521.11,4.0998,89.304,143.1,157.75,1430.58,,,18.1243,5.0149,11.518,1.8248,61.227,4.469,4.939,,11.895,1.4641,37.898,28.6164,,1.0808,20.1578
2023-08-28,1.0,,1.6839,1.9558,5.2633,1.4693,0.9559,7.8822,24.138,7.453,,0.85815,8.4789,,382.63,16523.27,4.108,89.304,142.3,158.35,1433.73,,,18.0507,5.0306,11.5705,1.8283,61.281,4.4735,4.936,,11.9,1.4659,38.125,28.7045,,1.0808,20.1598
2023-08-29,1.0,,1.6832,1.9558,5.2762,1.4722,0.9558,7.88,24.163,7.4529,,0.8586,8.477,,382.25,16483.22,4.1127,89.4335,141.9,158.93,1432.91,,,18.1299,5.0185,11.5645,1.8307,61.307,4.472,4.9418,,11.882,1.4649,38.027,28.7651,,1.0803,20.0496
2023-08-30,1.0,,1.6814,1.9558,5.2877,1.4764,0.9568,7.9347,24.107,7.4531,,0.8592,8.5427,,379.85,16590.26,4.1347,90.0188,142.7,159.15,1442.07,,,18.2478,5.0511,11.546,1.825,61.8,4.4728,4.942,,11.841,1.4723,38.145,29.119,,1.0886,20.217
2023-08-31,1.0,,1.6785,1.9558,5.3082,1.4721,0.9584,7.9196,24.072,7.4523,,0.85718,8.525,,380.13,16551.96,4.1293,89.9293,142.3,158.49,1439.56,,,18.1866,5.0428,11.58,1.8259,61.545,4.4673,4.942,,11.843,1.4686,38.005,28.9848,,1.0868,20.4199
2023-09-01,1.0,,1.6737,1.9558,5.3495,1.4656,0.9574,7.8679,24.118,7.4528,,0.85538,8.5068,,383.73,16526.26,4.1163,89.697,142.5,157.47,1428.3,,,18.5188,5.0397,11.486,1.8164,61.312,4.4685,4.9459,,11.896,1.464,37.916,28.9752,,1.0844,20.2711
2023-09-04,1.0,,1.6708,1.9558,5.3328,1.4686,0.9548,7.8528,24.108,7.4527,,0.8555,8.462,,383.05,16466.12,4.1201,89.3045,143.1,158.11,1423.17,,,18.4356,5.0279,11.5005,1.817,61.144,4.4663,4.946,,11.901,1.4622,38.03,28.9242,,1.0801,20.4602
2023-09-05,1.0,,1.6859,1.9558,5.3184,1.4652,0.9548,7.838,24.161,7.4533,,0.85535,8.4134,,386.0,16388.5,4.0724,89.0965,143.9,158.2,1431.25,,,18.5186,5.006,11.5435,1.8297,61.21,4.489,4.9496,,11.9145,1.4614,38.079,28.7481,,1.0731,20.6045
2023-09-06,1.0,,1.6801,1.9558,5.3502,1.4659,0.9561,7.8476,24.217,7.4563,,0.85503,8.4261,,389.15,16431.79,4.0902,89.341,143.9,158.18,1430.83,,,18.8455,5.0222,11.492,1.8224,61.257,4.501,4.9603,,11.9105,1.4624,38.166,28.772,,1.0745,20.6702
2023-09-07,1.0,,1.6767,1.9558,5.333,1.4625,0.9557,7.8488,24.37,7.4599,,0.859,8.3961,,387.58,16413.08,4.1205,89.0955,143.9,157.7,1431.7,,,18.6934,5.0107,11.4805,1.8193,60.822,4.5883,4.96,,11.9095,1.4613,38.128,28.7347,,1.071,20.5218
2023-09-08,1.0,,1.6743,1.9558,5.3238,1.4623,0.9543,7.8565,24.452,7.4591,,0.85735,8.3915,,385.7,16438.4,4.1162,88.861,143.3,157.84,1428.51,,,18.7019,5.0057,11.422,1.8127,60.66,4.6213,4.963,,11.904,1.4605,38.042,28.739,,1.0704,20.437
2023-09-11,1.0,,1.6655,1.9558,5.3205,1.4565,0.956,7.823,24.508,7.4582,,0.8565,8.3995,,384.1,16477.43,4.112,88.9735,143.7,157.16,1425.94,,,18.8201,5.0129,11.424,1.81,60.837,4.6438,4.9635,,11.8795,1.4594,38.049,28.8196,,1.0724,20.2681
2023-09-12,1.0,,1.6682,1.9558,5.292,1.455,0.9561,7.8115,24.605,7.4601,,0.85925,8.3879,,385.08,16462.67,4.0739,88.826,143.7,157.42,1422.62,,,18.5691,5.0105,11.454,1.815,60.689,4.66,4.971,,11.8875,1.4597,38.229,28.8155,,1.0713,20.3284
2023-09-13,1.0,,1.6762,1.9558,5.313,1.4556,0.9589,7.8144,24.487,7.4609,,0.8609,8.3984,,384.35,16502.58,4.1014,89.0805,143.7,158.28,1426.24,,,18.5223,5.023,11.4783,1.8188,60.899,4.6243,4.9673,,11.9475,1.4615,38.397,28.916,,1.0733,20.33
2023-09-14,1.0,,1.6648,1.9558,5.2652,1.4505,0.9588,7.8093,24.468,7.4601,,0.85995,8.3998,,384.3,16475.95,4.1011,89.053,145.3,158.13,1422.44,,,18.4079,5.0238,11.5038,1.8097,60.828,4.6275,4.9703,,11.95,1.4601,38.387,28.9191,,1.073,20.3109
2023-09-15,1.0,,1.6498,1.9558,5.186,1.4409,0.9554,7.7561,24.496,7.4573,,0.85878,8.3416,,383.75,16379.21,4.0573,88.615,145.3,157.5,1415.78,,,18.2275,4.9922,11.422,1.8008,60.612,4.6308,4.9698,,11.873,1.4524,38.145,28.7513,,1.0658,20.2968
2023-09-18,1.0,,1.6575,1.9558,5.1905,1.44,0.9564,7.7796,24.406,7.4551,,0.86141,8.3386,,384.13,16389.03,4.081,88.8295,145.1,157.44,1413.49,,,18.2252,4.9999,11.5688,1.8067,60.534,4.6383,4.969,,11.9872,1.4551,38.072,28.8108,,1.0663,20.2948
2023-09-19,1.0,,1.6566,1.9558,5.1914,1.4373,0.9595,7.8111,24.432,7.4551,,0.86263,8.3756,,383.25,16476.59,4.0725,89.1438,144.9,158.2,1418.98,,,18.301,5.0308,11.4905,1.8022,60.684,4.6548,4.9698,,11.8845,1.4596,38.492,28.9603,,1.0713,20.2829
2023-09-20,1.0,,1.6498,1.9558,5.1982,1.4366,0.9601,7.8059,24.388,7.4528,,0.8653,8.3719,,383.7,16435.63,4.0754,88.9123,145.3,158.28,1420.39,,,18.2287,5.0144,11.482,1.7946,60.703,4.6403,4.9716,,11.8803,1.4581,38.591,28.9339,,1.0702,20.1592
2023-09-21,1.0,,1.6617,1.9558,5.2092,1.4368,0.9628,7.7695,24.437,7.4547,,0.86713,8.3181,,387.78,16351.31,4.0515,88.3718,145.5,157.34,1426.05,,,18.2401,4.9894,11.527,1.8004,60.536,4.627,4.9708,,11.926,1.4559,38.488,28.8448,,1.0635,20.1522
2023-09-22,1.0,,1.6496,1.9558,5.2295,1.4303,0.965,7.7766,24.36,7.4557,,0.86795,8.3262,,386.7,16369.76,4.0534,88.2975,145.3,157.87,1419.23,,,18.266,4.9908,11.427,1.7833,60.43,4.5925,4.9686,,11.879,1.4529,38.287,28.9233,,1.0647,19.997
2023-09-25,1.0,,1.6544,1.9558,5.2516,1.4311,0.9676,7.7728,24.377,7.4571,,0.86965,8.3126,,391.08,16355.1,4.0438,88.377,145.5,158.08,1422.96,,,18.3274,4.9816,11.43,1.7823,60.345,4.5893,4.968,,11.728,1.4524,38.396,28.9312,,1.0633,19.941
2023-09-26,1.0,,1.6539,1.9558,5.2721,1.4318,0.9675,7.7517,24.411,7.4575,,0.8702,8.2942,,388.88,16427.15,4.0511,88.2995,145.1,157.87,1430.12,,,18.4816,4.9737,11.44,1.7782,60.456,4.6093,4.97,,11.654,1.45,38.549,28.919,,1.0605,20.1387
2023-09-27,1.0,,1.6541,1.9558,5.2716,1.4255,0.968,7.7031,24.47,7.4566,,0.8681,8.2397,,390.85,16385.43,4.0516,87.6505,144.9,157.2,1425.19,,,18.5624,4.9603,11.361,1.7779,60.045,4.625,4.9745,,11.6255,1.4449,38.541,28.7668,,1.0536,20.2216
2023-09-28,1.0,,1.6483,1.9558,5.3115,1.4206,0.9678,7.6986,24.378,7.4558,,0.86333,8.2491,,392.35,16382.56,4.056,87.6395,144.9,157.33,1426.71,,,18.594,4.9618,11.316,1.7698,59.988,4.6343,4.9754,,11.6065,1.4431,38.657,28.8951,,1.0539,20.17
2023-09-29,1.0,,1.6339,1.9558,5.3065,1.4227,0.9669,7.7352,24.339,7.4571,,0.86458,8.2959,,389.5,16383.62,4.0472,88.0165,144.9,158.1,1425.26,,,18.503,4.9741,11.2535,1.7575,59.969,4.6283,4.9735,,11.5325,1.4443,38.679,29.0514,,1.0594,19.9813
2023-10-02,1.0,,1.6472,1.9558,5.325,1.4335,0.9634,7.6885,24.46,7.4585,,0.86628,8.2476,,388.6,16372.57,4.0358,87.575,146.5,157.67,1427.62,,,18.4533,4.967,11.3225,1.7641,59.797,4.6123,4.9748,,11.5833,1.4449,38.898,28.9172,,1.053,20.151
2023-10-03,1.0,,1.6612,1.9558,5.337,1.4365,0.966,7.6439,24.494,7.4584,,0.86775,8.1992,,386.73,16336.51,4.0289,87.1175,145.9,157.01,1425.31,,,18.6025,4.945,11.4258,1.775,59.453,4.623,4.9753,,11.6375,1.4393,38.798,28.7892,,1.0469,20.2403
2023-10-04,1.0,,1.6615,1.9558,5.3955,1.4391,0.9634,7.6644,24.428,7.4589,,0.86588,8.2191,,387.32,16406.81,4.0542,87.3975,145.7,156.48,1422.11,,,18.8501,4.9661,11.5135,1.7792,59.507,4.6278,4.9753,,11.5855,1.4402,38.839,28.9397,,1.0497,20.242
2023-10-05,1.0,,1.658,1.9558,5.4372,1.4479,0.9625,7.6856,24.416,7.4578,,0.86605,8.2412,,387.08,16426.14,4.0667,87.627,145.3,156.71,1420.44,,,19.0209,4.9762,11.5703,1.7715,59.661,4.5988,4.9703,,11.5975,1.4421,38.883,29.0064,,1.0526,20.5884
2023-10-06,1.0,,1.6612,1.9558,5.4634,1.4492,0.9629,7.7162,24.423,7.4575,,0.8651,8.2728,,386.81,16522.27,4.0731,87.834,144.9,157.47,1423.03,,,19.3032,4.9789,11.609,1.7711,59.813,4.5983,4.9645,,11.6045,1.4436,39.073,29.1721,,1.0563,20.4935
2023-10-09,1.0,,1.6546,1.9558,5.4385,1.438,0.9581,7.6784,24.477,7.4571,,0.8652,8.2458,,388.55,16523.14,4.1356,87.7205,145.1,157.06,1424.41,,,19.2417,4.9833,11.4828,1.7612,59.911,4.5798,4.9665,,11.6085,1.4419,39.081,29.173,,1.0531,20.4098
2023-10-10,1.0,,1.6538,1.9558,5.4212,1.4387,0.9589,7.7238,24.566,7.4564,,0.8639,8.2744,,387.38,16644.75,4.1789,88.0845,146.3,157.71,1427.6,,,19.2526,5.0053,11.4965,1.7612,60.148,4.5565,4.9654,,11.6005,1.446,38.857,29.3393,,1.0582,20.2777
2023-10-11,1.0,,1.6529,1.9558,5.3461,1.4429,0.9576,7.7433,24.563,7.4567,,0.86265,8.2917,,386.55,16672.19,4.1937,88.198,146.9,157.87,1421.27,,,18.9499,5.0035,11.4953,1.7614,60.204,4.5158,4.9661,,11.5655,1.4451,38.614,29.409,,1.0604,20.0359
2023-10-12,1.0,,1.6584,1.9558,5.3604,1.4435,0.9566,7.7514,24.55,7.4562,,0.8626,8.3056,,385.9,16633.34,4.2032,88.3925,146.5,158.35,1420.07,,,18.8748,5.0042,11.5165,1.7704,60.157,4.5291,4.9632,,11.5435,1.447,38.388,29.4656,,1.0619,20.0085
2023-10-13,1.0,,1.6662,1.9558,5.3352,1.4397,0.9546,7.6902,24.67,7.4582,,0.86415,8.2353,,387.73,16504.79,4.1841,87.634,146.5,157.44,1423.08,,,18.8786,4.9763,11.516,1.7821,59.766,4.535,4.9648,,11.55,1.4405,38.255,29.2576,,1.0524,19.9616
2023-10-16,1.0,,1.666,1.9558,5.333,1.436,0.9505,7.7058,24.664,7.4592,,0.86545,8.2382,,387.05,16548.56,4.2055,87.7315,146.3,157.54,1427.29,,,18.9329,4.9908,11.517,1.7798,59.814,4.4733,4.965,,11.5375,1.4427,38.221,29.3809,,1.0538,19.8069
2023-10-17,1.0,,1.6622,1.9558,5.3305,1.4411,0.9517,7.7288,24.603,7.461,,0.8682,8.2681,,384.98,16609.18,4.2264,87.9585,146.5,158.03,1429.58,,,18.9577,5.0055,11.576,1.7929,59.974,4.4273,4.9685,,11.53,1.4471,38.482,29.5084,,1.0569,19.9138
2023-10-18,1.0,,1.6586,1.9558,5.3295,1.4425,0.9492,7.7278,24.68,7.461,,0.8661,8.2687,,384.13,16648.12,4.2515,87.954,146.3,158.1,1428.23,,,19.0247,5.0126,11.595,1.7919,59.914,4.441,4.972,,11.5643,1.4467,38.319,29.592,,1.0565,19.8917
2023-10-19,1.0,,1.6718,1.9558,5.352,1.4485,0.947,7.7233,24.674,7.4625,,0.87098,8.2624,,383.99,16740.13,4.2569,87.87,146.3,158.21,1434.8,,,19.3681,5.0319,11.6973,1.8119,60.043,4.45,4.9746,,11.6155,1.4499,38.505,29.5605,,1.0558,20.1992
2023-10-20,1.0,,1.6772,1.9558,5.355,1.4492,0.9442,7.7489,24.704,7.462,,0.87213,8.2851,,383.05,16795.11,4.2962,87.983,146.9,158.8,1431.6,,,19.4378,5.0493,11.6808,1.8166,60.167,4.4653,4.9755,,11.634,1.4526,38.678,29.6759,,1.0591,20.1857
2023-10-23,1.0,,1.6805,1.9558,5.3524,1.4542,0.9461,7.7529,24.645,7.4634,,0.87153,8.293,,381.98,16890.56,4.304,88.101,146.9,158.91,1432.8,,,19.4413,5.0812,11.7985,1.822,60.233,4.459,4.9701,,11.7071,1.4541,38.658,29.7246,,1.0597,20.1995
2023-10-24,1.0,,1.6708,1.9558,5.3373,1.4564,0.9501,7.772,24.659,7.4648,,0.87025,8.3169,,383.2,16857.89,4.3177,88.3058,147.3,159.26,1428.75,,,19.3024,5.0874,11.8255,1.8173,60.39,4.463,4.9656,,11.7456,1.4532,38.488,29.8754,,1.0632,20.3166
2023-10-25,1.0,,1.6678,1.9558,5.2863,1.4549,0.9474,7.7381,24.693,7.4639,,0.8724,8.2728,,385.3,16792.94,4.2987,87.9665,147.3,158.55,1427.17,,,19.3238,5.0553,11.838,1.8166,60.135,4.4825,4.9626,,11.7715,1.4484,38.275,29.7334,,1.0576,20.2421
2023-10-26,1.0,,1.6719,1.9558,5.2694,1.4565,0.9466,7.7142,24.714,7.4632,,0.8717,8.2432,,383.5,16779.68,4.3006,87.7355,147.5,158.48,1430.67,,,19.384,5.0447,11.855,1.818,60.089,4.4673,4.9641,,11.8005,1.4454,38.25,29.6796,,1.054,20.1131
2023-10-27,1.0,,1.6616,1.9558,5.2451,1.4572,0.9502,7.7143,24.658,7.4639,,0.87023,8.2426,,382.93,16802.35,4.2903,87.751,147.5,158.08,1430.38,,,19.0642,5.037,11.8285,1.8102,60.063,4.4715,4.9657,,11.8235,1.4455,38.169,29.7198,,1.0541,19.9358
2023-10-30,1.0,,1.6637,1.9558,5.2952,1.467,0.9564,7.7595,24.557,7.4639,,0.87345,8.2939,,382.43,16851.35,4.2963,88.305,147.1,158.8,1430.37,,,19.1209,5.0506,11.7905,1.8175,60.332,4.4565,4.9641,,11.806,1.4483,38.072,29.948,,1.0605,19.8931
2023-10-31,1.0,,1.6739,1.9558,5.3743,1.4712,0.9607,7.7686,24.558,7.4647,,0.87366,8.3079,,382.13,16868.28,4.2756,88.4195,147.5,160.3,1434.66,,,19.1551,5.0594,11.8735,1.8224,60.295,4.4405,4.9659,,11.8275,1.4525,38.266,30.0455,,1.0619,19.9507
2023-11-01,1.0,,1.6561,1.9558,5.2963,1.461,0.9572,7.712,24.677,7.4644,,0.86945,8.2436,,383.75,16803.04,4.2437,87.7525,148.1,159.33,1429.16,,,18.9457,5.0272,11.796,1.8068,59.861,4.4658,4.9679,,11.806,1.4443,38.144,29.8523,,1.0537,19.6349
2023-11-02,1.0,,1.6543,1.9558,5.2818,1.4707,0.9622,7.8009,24.634,7.4635,,0.87305,8.3424,,382.0,16855.04,4.2183,88.704,147.9,159.89,1417.13,,,18.7524,5.0656,11.8743,1.8041,60.24,4.4495,4.9685,,11.819,1.4522,38.252,30.2241,,1.0661,19.5695
2023-11-03,1.0,,1.6478,1.9558,5.2423,1.4653,0.9625,7.8193,24.414,7.4625,,0.86983,8.3745,,380.38,16763.88,4.2491,89.0545,149.1,159.87,1402.42,,,18.5803,5.0615,11.8535,1.7917,60.017,4.45,4.9693,,11.74,1.4516,38.056,30.4016,,1.0702,19.6279
2023-11-06,1.0,,1.6524,1.9558,5.2595,1.4664,0.9646,7.8094,24.443,7.4587,,0.8664,8.402,,379.98,16684.96,4.1723,89.396,150.5,160.87,1394.34,,,18.7638,4.9801,11.8235,1.7987,60.049,4.467,4.9692,,11.6575,1.4501,38.2,30.5458,,1.0741,19.6149
2023-11-07,1.0,,1.6636,1.9558,5.1967,1.4679,0.9626,7.7839,24.622,7.4577,,0.86855,8.3558,,378.5,16736.52,4.13,88.9765,150.5,160.77,1398.07,,,18.7248,4.992,11.922,1.8046,59.911,4.4618,4.9685,,11.6695,1.4483,38.058,30.4546,,1.0686,19.6516
2023-11-08,1.0,,1.6592,1.9558,5.2132,1.4711,0.9599,7.7699,24.666,7.458,,0.87015,8.3408,,379.38,16729.41,4.1091,88.876,150.5,160.97,1402.03,,,18.6974,4.9978,11.9305,1.8006,59.742,4.4655,4.9665,,11.6555,1.4481,37.917,30.4255,,1.0671,19.729
2023-11-09,1.0,,1.6699,1.9558,5.2378,1.4736,0.9637,7.7886,24.555,7.4584,,0.87205,8.3505,,378.5,16721.42,4.1101,89.053,150.9,161.57,1401.9,,,18.757,5.0168,11.9335,1.8035,59.715,4.449,4.9686,,11.634,1.4523,38.089,30.4699,,1.0691,19.8926
2023-11-10,1.0,,1.6795,1.9558,5.2579,1.4753,0.9636,7.7874,24.525,7.4577,,0.87435,8.3433,,377.43,16764.67,4.1458,88.9803,151.9,161.77,1408.82,,,19.0402,5.0296,11.8725,1.8119,59.68,4.4243,4.9698,,11.629,1.4525,38.395,30.5149,,1.0683,20.0296
2023-11-13,1.0,,1.6742,1.9558,5.2599,1.4754,0.9656,7.7794,24.581,7.4598,,0.87155,8.3309,,377.2,16751.9,4.1267,88.844,153.3,161.96,1413.72,,,18.882,5.0234,11.877,1.8142,59.842,4.428,4.971,,11.61,1.452,38.407,30.5041,,1.067,20.0025
2023-11-14,1.0,,1.6819,1.9558,5.2449,1.4832,0.9668,7.8171,24.551,7.4597,,0.8723,8.3754,,377.61,16841.35,4.1117,89.1958,153.7,162.67,1421.73,,,18.8358,5.0596,11.945,1.827,60.065,4.4211,4.9719,,11.6537,1.4592,38.665,30.7098,,1.0724,20.0694
2023-11-15,1.0,,1.6648,1.9558,5.2829,1.4854,0.964,7.8702,24.506,7.4588,,0.87188,8.4852,,377.3,16825.84,4.0943,90.2937,153.9,163.39,1410.5,,,18.8419,5.0781,11.746,1.7985,60.546,4.397,4.9704,,11.451,1.4645,38.56,31.1558,,1.0868,19.7127
2023-11-16,1.0,,1.6736,1.9558,5.2703,1.4891,0.9651,7.8655,24.446,7.4592,,0.8752,8.464,,376.3,16901.66,4.097,90.3145,153.3,164.05,1403.37,,,18.7435,5.0866,11.7675,1.8141,60.44,4.373,4.9705,,11.4898,1.4634,38.492,31.1057,,1.0849,19.8718
2023-11-17,1.0,,1.6709,1.9558,5.2947,1.4908,0.9643,7.8414,24.461,7.4582,,0.87395,8.4785,,377.75,16717.28,4.0487,90.5065,153.3,162.29,1405.0,,,18.7042,5.0881,11.811,1.8161,60.416,4.377,4.9723,,11.481,1.461,38.068,31.197,,1.0872,19.9254
2023-11-20,1.0,,1.6669,1.9558,5.3364,1.4994,0.9665,7.8378,24.541,7.4565,,0.8763,8.5165,,378.9,16881.57,4.0811,91.106,152.5,162.12,1412.56,,,18.759,5.1006,11.72,1.8132,60.497,4.369,4.9721,,11.427,1.4641,38.494,31.4332,,1.0928,20.1445
2023-11-21,1.0,,1.6653,1.9558,5.3454,1.5029,0.9673,7.8178,24.509,7.4556,,0.87326,8.5409,,379.18,16979.32,4.0655,91.2425,152.5,161.61,1413.92,,,18.7681,5.0974,11.67,1.8026,60.724,4.3625,4.9707,,11.404,1.4638,38.545,31.5552,,1.0955,20.1403
2023-11-22,1.0,,1.6618,1.9558,5.3402,1.4959,0.964,7.8015,24.48,7.4547,,0.8703,8.5061,,380.6,17023.45,4.0638,90.903,153.9,162.25,1418.1,,,18.7421,5.1042,11.702,1.8065,60.698,4.3625,4.9708,,11.39,1.4622,38.379,31.4546,,1.0911,20.3008
2023-11-23,1.0,,1.6633,1.9558,5.3367,1.494,0.9644,7.7852,24.367,7.4559,,0.8694,8.5,,379.68,16949.5,4.0784,90.815,152.9,162.98,1418.85,,,18.7094,5.1001,11.711,1.8052,60.364,4.3655,4.9699,,11.4385,1.4618,38.444,31.3536,,1.09,20.5225
2023-11-24,1.0,,1.6621,1.9558,5.3325,1.4935,0.964,7.809,24.406,7.4559,,0.86818,8.5086,,379.88,16995.99,4.0807,91.039,150.3,163.3,1425.61,,,18.6962,5.1136,11.7345,1.7992,60.507,4.3638,4.9698,,11.439,1.464,38.692,31.527,,1.0916,20.6312
2023-11-27,1.0,,1.6575,1.9558,5.3522,1.4929,0.964,7.8331,24.364,7.4554,,0.86671,8.531,,379.98,16954.34,4.0818,91.2743,150.5,162.86,1422.61,,,18.6759,5.1262,11.684,1.7955,60.793,4.359,4.9709,,11.421,1.4641,38.389,31.6571,,1.0951,20.4087
2023-11-28,1.0,,1.6567,1.9558,5.3593,1.4887,0.9645,7.8323,24.365,7.456,,0.8682,8.5368,,379.85,16955.57,4.0546,91.255,150.9,162.74,1419.89,,,18.8095,5.1148,11.7165,1.798,60.696,4.3473,4.9726,,11.433,1.463,38.234,31.6793,,1.0949,20.4833
2023-11-29,1.0,,1.6586,1.9558,5.3785,1.492,0.9628,7.8296,24.26,7.4565,,0.86525,8.5711,,377.38,16960.4,4.0365,91.528,150.5,162.12,1418.07,,,18.8765,5.1105,11.6965,1.7843,60.835,4.3355,4.9726,,11.3655,1.4629,38.228,31.763,,1.0985,20.3397
2023-11-30,1.0,,1.6542,1.9558,5.3984,1.487,0.9562,7.8008,24.292,7.4548,,0.86368,8.5384,,380.75,16981.14,4.0597,91.1143,150.7,161.19,1418.78,,,19.0235,5.0933,11.72,1.7762,60.623,4.349,4.9718,,11.4308,1.4602,38.494,31.5441,,1.0931,20.5703
2023-12-01,1.0,,1.6448,1.9558,5.3538,1.4736,0.953,7.7685,24.331,7.4543,,0.86045,8.497,,379.7,16840.16,4.053,90.6125,150.9,161.14,1420.73,,,18.8153,5.0824,11.698,1.7638,60.252,4.343,4.9713,,11.3715,1.4551,38.215,31.4452,,1.0875,20.3329
2023-12-04,1.0,,1.6351,1.9558,5.3175,1.4716,0.9476,7.758,24.394,7.4564,,0.8579,8.4929,,379.28,16819.75,4.0403,90.62,151.1,159.47,1417.9,,,18.7638,5.0618,11.678,1.7555,60.127,4.3393,4.9677,,11.321,1.4515,38.035,31.3983,,1.0868,20.3627
2023-12-05,1.0,,1.6492,1.9558,5.3636,1.47,0.9456,7.7269,24.369,7.4559,,0.85723,8.4562,,379.3,16740.06,4.031,90.1885,150.7,159.13,1422.18,,,18.9133,5.0483,11.7865,1.7637,59.832,4.3225,4.9671,,11.3095,1.4487,38.133,31.2925,,1.0817,20.4715
2023-12-06,1.0,,1.6391,1.9558,5.2994,1.4616,0.9429,7.7148,24.335,7.4557,,0.8561,8.4173,,380.57,16731.71,3.9969,89.8275,150.1,158.7,1417.89,,,18.676,5.0317,11.796,1.7509,59.613,4.3403,4.9687,,11.3065,1.4452,37.895,31.1921,,1.0778,20.4401
2023-12-07,1.0,,1.6407,1.9558,5.2614,1.4656,0.9446,7.7058,24.356,7.4551,,0.8575,8.4174,,381.38,16737.97,3.9861,89.794,150.1,156.18,1421.02,,,18.6551,5.0344,11.7535,1.7554,59.569,4.3313,4.9658,,11.2557,1.4436,37.925,31.1627,,1.0771,20.2056
2023-12-08,1.0,,1.6327,1.9558,5.2933,1.4627,0.9438,7.7179,24.354,7.4558,,0.8569,8.419,,381.9,16719.01,3.9982,89.8875,150.1,155.53,1412.83,,,18.7923,5.0269,11.727,1.7532,59.758,4.3318,4.9683,,11.238,1.4426,38.097,31.234,,1.0777,20.3657
2023-12-11,1.0,,1.642,1.9558,5.3169,1.4609,0.9478,7.7206,24.367,7.4563,,0.8558,8.3971,,381.9,16857.56,3.9977,89.6798,150.7,157.54,1420.71,,,18.7319,5.037,11.795,1.7608,59.787,4.3303,4.9707,,11.297,1.4454,38.402,31.1872,,1.0757,20.5441
2023-12-12,1.0,,1.6398,1.9558,5.3327,1.4656,0.9443,7.7447,24.42,7.4569,,0.85928,8.4377,,381.8,16835.06,4.0044,90.0765,151.1,156.84,1415.21,,,18.7419,5.0611,11.778,1.7573,60.103,4.3393,4.9732,,11.2815,1.4479,38.543,31.3765,,1.0804,20.4297
2023-12-13,1.0,,1.6452,1.9558,5.3609,1.4644,0.9452,7.7426,24.476,7.4566,,0.8612,8.4288,,380.9,16862.02,3.9971,89.9635,150.7,157.13,1422.86,,,18.687,5.0764,11.825,1.7691,60.493,4.326,4.9738,,11.277,1.449,38.612,31.3399,,1.0787,20.587
2023-12-14,1.0,,1.6288,1.9558,5.3349,1.4677,0.949,7.7866,24.408,7.4566,,0.85955,8.5251,,379.43,16922.87,4.0264,90.993,150.3,154.8,1412.66,,,18.9001,5.1019,11.518,1.7603,60.852,4.3123,4.9712,,11.18,1.4527,38.146,31.6673,,1.0919,20.2693
2023-12-15,1.0,,1.6324,1.9558,5.4085,1.4653,0.9488,7.7812,24.477,7.4556,,0.85833,8.5438,,382.53,17028.2,4.0167,90.941,150.5,155.15,1423.27,,,18.9342,5.1123,11.4495,1.7612,61.035,4.309,4.971,,11.2125,1.456,38.119,31.7965,,1.0946,19.9801
2023-12-18,1.0,,1.6225,1.9558,5.3935,1.4584,0.948,7.7893,24.543,7.4549,,0.86263,8.5135,,385.5,16915.09,3.9875,90.79,150.7,155.95,1419.8,,,18.8458,5.1249,11.3485,1.7514,60.966,4.345,4.9687,,11.145,1.4539,38.218,31.7287,,1.0918,20.2326
2023-12-19,1.0,,1.6273,1.9558,5.3375,1.4673,0.947,7.8231,24.525,7.4564,,0.86095,8.5498,,382.98,16997.57,4.0015,91.1835,150.9,158.2,1430.22,,,18.7406,5.1319,11.3655,1.755,61.343,4.3373,4.9718,,11.175,1.4589,38.315,31.8927,,1.0962,20.2569
2023-12-20,1.0,,1.6186,1.9558,5.3287,1.4609,0.946,7.8121,24.538,7.4565,,0.86555,8.5439,,385.23,16993.62,3.9983,91.0595,150.3,157.12,1425.62,,,18.6867,5.0977,11.2895,1.7421,60.991,4.3413,4.9699,,11.129,1.4562,38.252,31.883,,1.0944,20.1107
2023-12-21,1.0,,1.6243,1.9558,5.3688,1.4668,0.9432,7.8426,24.481,7.4558,,0.86805,8.5781,,382.4,16989.27,3.9718,91.4335,150.3,156.79,1431.04,,,18.7425,5.1131,11.315,1.7536,60.978,4.3403,4.9699,,11.099,1.4598,38.276,32.0229,,1.0983,20.1365
2023-12-22,1.0,,1.6197,1.9558,5.3624,1.4639,0.9417,7.864,24.589,7.456,,0.8666,8.6105,,381.93,17029.65,3.9764,91.628,150.5,156.66,1430.05,,,18.6955,5.1059,11.2705,1.7505,61.067,4.342,4.9708,,11.0556,1.4593,38.084,32.2044,,1.1023,20.307
2023-12-27,1.0,,1.617,1.9558,5.3434,1.4612,0.9438,7.9086,24.673,7.4549,,0.8683,8.6409,,381.63,17060.29,4.0028,92.186,150.7,157.81,1432.67,,,18.7422,5.122,11.2355,1.7483,61.619,4.3308,4.9728,,11.066,1.4628,38.097,32.5339,,1.1065,20.4288
2023-12-28,1.0,,1.6246,1.9558,5.3739,1.4698,0.9302,7.8941,24.714,7.4545,,0.8706,8.6876,,383.1,17136.79,4.0221,92.449,150.3,156.57,1429.08,,,18.7767,5.1213,11.2625,1.7536,61.599,4.3355,4.9753,,11.0382,1.4643,37.999,32.7501,,1.1114,20.6003
2023-12-29,1.0,,1.6263,1.9558,5.3618,1.4642,0.926,7.8509,24.724,7.4529,,0.86905,8.6314,,382.8,17079.71,3.9993,91.9045,150.5,156.33,1433.66,,,18.7231,5.0775,11.2405,1.7504,61.283,4.3395,4.9756,,11.096,1.4591,37.973,32.6531,,1.105,20.3477
2024-01-02,1.0,,1.6147,1.9558,5.3562,1.4565,0.9305,7.8264,24.687,7.4551,,0.86645,8.5609,,382.1,17007.66,3.9705,91.285,150.7,155.68,1438.78,,,18.6887,5.0425,11.2815,1.7471,60.981,4.3708,4.9705,,11.1545,1.4533,37.563,32.5684,,1.0956,20.3656
2024-01-03,1.0,,1.6236,1.9558,5.3859,1.4574,0.9322,7.8057,24.675,7.4581,,0.8647,8.5257,,380.75,16994.33,3.9867,90.965,150.7,156.16,1432.28,,,18.6682,5.0566,11.32,1.7515,60.699,4.3638,4.9725,,11.1915,1.4503,37.616,32.5178,,1.0919,20.5326
2024-01-04,1.0,,1.628,1.9558,5.3761,1.4603,0.9313,7.833,24.652,7.459,,0.86278,8.5523,,378.85,16994.46,3.9973,91.1745,150.5,157.91,1434.25,,,18.6124,5.0762,11.2845,1.7528,60.833,4.346,4.9733,,11.1905,1.4546,37.75,32.6087,,1.0953,20.4271
2024-01-05,1.0,,1.6337,1.9558,5.3724,1.46,0.932,7.813,24.616,7.4584,,0.8621,8.5297,,378.23,16967.41,4.0194,90.81,150.5,158.57,1439.64,,,18.6066,5.0826,11.309,1.7564,60.704,4.3568,4.9737,,11.235,1.4537,37.994,32.5888,,1.0921,20.5511
2024-01-08,1.0,,1.6378,1.9558,5.3607,1.4651,0.9308,7.8397,24.488,7.4615,,0.8615,8.5459,,377.65,16997.39,4.0646,90.9655,150.7,158.19,1444.94,,,18.4982,5.091,11.362,1.7607,60.914,4.3465,4.9728,,11.2095,1.457,38.338,32.7216,,1.0946,20.4984
2024-01-09,1.0,,1.6339,1.9558,5.3475,1.4613,0.9313,7.8381,24.594,7.4577,,0.85938,8.5499,,378.83,17006.39,4.0782,90.9195,150.5,157.63,1442.62,,,18.4514,5.08,11.308,1.7526,61.308,4.3448,4.9716,,11.2115,1.4557,38.252,32.7533,,1.094,20.438
2024-01-10,1.0,,1.6334,1.9558,5.3508,1.4649,0.9336,7.8476,24.562,7.4582,,0.86023,8.5602,,378.35,17032.14,4.1184,90.8755,150.1,159.03,1443.77,,,18.5983,5.0806,11.2915,1.7567,61.593,4.341,4.9728,,11.197,1.4573,38.338,32.8087,,1.0946,20.4139
2024-01-11,1.0,,1.6369,1.9558,5.3606,1.4677,0.9338,7.8649,24.659,7.4568,,0.86145,8.5899,,378.83,17084.79,4.1044,91.209,150.1,159.71,1444.39,,,18.6688,5.1046,11.3283,1.7577,61.516,4.349,4.9722,,11.197,1.46,38.449,32.9577,,1.0987,20.4331
2024-01-12,1.0,,1.6375,1.9558,5.3309,1.4634,0.935,7.8451,24.689,7.4565,,0.8595,8.5599,,379.35,17037.35,4.0917,90.735,150.1,159.17,1438.73,,,18.4931,5.0853,11.2765,1.7552,61.092,4.3628,4.9731,,11.26,1.4583,38.406,32.9305,,1.0942,20.4408
2024-01-15,1.0,,1.6449,1.9558,5.3333,1.4695,0.9351,7.8529,24.714,7.459,,0.86075,8.5599,,379.68,17031.62,4.1074,90.698,149.7,159.67,1446.95,,,18.4899,5.1108,11.314,1.7679,61.073,4.3625,4.9743,,11.278,1.4601,38.272,32.9445,,1.0945,20.431
2024-01-16,1.0,,1.6484,1.9558,5.3184,1.4661,0.9361,7.8237,24.71,7.4582,,0.86078,8.516,,379.36,16985.88,4.0985,90.425,149.3,159.64,1454.92,,,18.539,5.1058,11.3335,1.7681,60.939,4.387,4.9763,,11.3215,1.4589,38.522,32.7624,,1.0882,20.5528
2024-01-17,1.0,,1.6592,1.9558,5.3673,1.4701,0.9406,7.8262,24.755,7.4586,,0.85818,8.511,,380.86,17001.24,4.1149,90.4265,149.5,160.65,1463.11,,,18.8054,5.1312,11.4335,1.7779,60.819,4.3993,4.9755,,11.3925,1.4615,38.624,32.7803,,1.0877,20.7331
2024-01-18,1.0,,1.6579,1.9558,5.3551,1.4681,0.9432,7.8231,24.734,7.4571,,0.85773,8.5062,,382.0,16976.04,4.0972,90.4295,149.5,160.89,1455.8,,,18.686,5.1308,11.446,1.7802,60.726,4.399,4.9772,,11.364,1.4619,38.71,32.786,,1.0875,20.597
2024-01-19,1.0,,1.65,1.9558,5.3444,1.4656,0.9459,7.8291,24.813,7.4575,,0.85825,8.5128,,381.53,16991.83,4.0721,90.4485,148.9,161.17,1451.99,,,18.6494,5.1359,11.41,1.7798,60.956,4.3618,4.9776,,11.38,1.4599,38.605,32.8706,,1.0887,20.6892
2024-01-22,1.0,,1.652,1.9558,5.3738,1.462,0.9458,7.8349,24.758,7.4585,,0.85575,8.513,,383.68,17075.85,4.1003,90.5305,148.5,160.95,1458.19,,,18.5897,5.1472,11.441,1.78,61.273,4.364,4.9776,,11.3545,1.4606,38.807,32.9341,,1.089,20.8846
2024-01-23,1.0,,1.6493,1.9558,5.3981,1.4648,0.9446,7.7953,24.824,7.4574,,0.85493,8.5046,,385.15,17081.11,4.0931,90.3655,148.7,160.88,1454.29,,,18.7548,5.1392,11.4298,1.7839,61.101,4.383,4.9769,,11.347,1.4568,38.827,32.9205,,1.0872,20.7022
2024-01-24,1.0,,1.652,1.9558,5.3587,1.4669,0.9415,7.7996,24.786,7.4568,,0.85543,8.5265,,385.43,17107.06,4.0495,90.6274,147.9,160.46,1453.17,,,18.7537,5.1597,11.4155,1.7785,61.362,4.3725,4.9773,,11.3585,1.4585,38.805,32.897,,1.0905,20.5366
2024-01-25,1.0,,1.6537,1.9558,5.3664,1.4714,0.942,7.8093,24.756,7.456,,0.85538,8.5136,,385.18,17266.55,4.0319,90.5475,148.1,160.81,1456.25,,,18.7648,5.154,11.3905,1.7805,61.556,4.3765,4.9768,,11.35,1.4591,38.926,32.9892,,1.0893,20.5812
2024-01-26,1.0,,1.6483,1.9558,5.3366,1.4607,0.9396,7.7994,24.748,7.4549,,0.85368,8.4933,,386.95,17131.94,4.0057,90.369,148.3,160.62,1451.08,,,18.6582,5.1393,11.3325,1.7801,61.28,4.3775,4.9765,,11.3203,1.457,38.679,32.9445,,1.0871,20.4264
2024-01-29,1.0,,1.6398,1.9558,5.3134,1.4542,0.9339,7.7702,24.806,7.4538,,0.8525,8.4549,,390.03,17127.13,3.9834,89.9995,148.5,160.13,1445.6,,,18.5591,5.1236,11.305,1.7696,61.053,4.366,4.9773,,11.3562,1.4516,38.487,32.8509,,1.0823,20.3022
2024-01-30,1.0,,1.6462,1.9558,5.3697,1.4564,0.9365,7.7866,24.831,7.4543,,0.85628,8.4775,,387.23,17112.98,3.9566,90.1575,148.3,159.97,1442.67,,,18.6729,5.1274,11.3383,1.7721,61.171,4.3618,4.9768,,11.2971,1.4534,38.384,32.9283,,1.0846,20.4934
2024-01-31,1.0,,1.6468,1.9558,5.3749,1.4558,0.9348,7.7789,24.891,7.455,,0.85435,8.4734,,384.9,17076.29,3.9431,90.001,148.3,160.19,1444.63,,,18.5817,5.1259,11.351,1.7705,61.023,4.333,4.9758,,11.2682,1.4517,38.461,32.8984,,1.0837,20.3238
2024-02-01,1.0,,1.6594,1.9558,5.3578,1.4544,0.9336,7.7668,24.89,7.4542,,0.85353,8.4563,,383.35,17049.73,3.9543,89.733,148.3,158.96,1442.43,,,18.6195,5.115,11.3665,1.7757,60.645,4.3373,4.974,,11.3354,1.4499,38.401,32.8383,,1.0814,20.2343
2024-02-02,1.0,,1.6468,1.9558,5.3471,1.4556,0.9315,7.8111,24.875,7.454,,0.85263,8.509,,383.73,17012.52,3.9685,90.232,148.3,159.58,1440.7,,,18.5579,5.1332,11.387,1.7673,60.825,4.3175,4.9727,,11.268,1.4533,38.341,33.1435,,1.0883,20.2973
2024-02-05,1.0,,1.6562,1.9558,5.3694,1.4507,0.9347,7.735,25.006,7.456,,0.85595,8.4053,,385.3,16936.39,3.9494,89.2515,148.1,159.72,1434.09,,,18.4781,5.1049,11.465,1.7755,60.568,4.3343,4.974,,11.374,1.4474,38.492,32.8313,,1.0746,20.4233
2024-02-06,1.0,,1.6515,1.9558,5.338,1.4526,0.9366,7.7231,24.925,7.4605,,0.8546,8.4042,,386.85,16909.43,3.9195,89.2155,148.1,159.56,1426.76,,,18.32,5.1196,11.458,1.7713,60.376,4.3463,4.9763,,11.3825,1.4448,38.267,32.8325,,1.0743,20.3273
2024-02-07,1.0,,1.6504,1.9558,5.344,1.4501,0.9393,7.7529,24.984,7.4586,,0.85305,8.4273,,388.15,16873.71,3.9231,89.422,148.3,159.71,1429.92,,,18.3821,5.1305,11.376,1.7622,60.302,4.3453,4.9769,,11.2725,1.4472,38.384,32.974,,1.0776,20.3686
2024-02-08,1.0,,1.6569,1.9558,5.3546,1.4505,0.9409,7.742,24.954,7.4562,,0.85378,8.4139,,387.03,16843.42,3.9612,89.2765,149.5,160.55,1433.01,,,18.3777,5.131,11.412,1.7668,60.148,4.3375,4.9771,,11.2705,1.4489,38.621,32.9243,,1.0758,20.393
2024-02-09,1.0,,1.6543,1.9558,5.3637,1.4486,0.9432,7.7489,25.172,7.4536,,0.8544,8.4237,,387.98,16844.07,3.9689,89.4363,148.1,161.0,1435.25,,,18.4448,5.1329,11.399,1.7553,60.215,4.3206,4.9773,,11.2815,1.4503,38.72,33.0517,,1.0772,20.4847
2024-02-12,1.0,,1.6505,1.9558,5.3366,1.4504,0.943,7.7497,25.217,7.4548,,0.85391,8.4245,,387.3,16792.58,3.954,89.4321,148.3,160.51,1431.54,,,18.3703,5.1344,11.32,1.7568,60.31,4.3198,4.9743,,11.232,1.4484,38.621,33.077,,1.0773,20.4662
2024-02-13,1.0,,1.6526,1.9558,5.3465,1.4511,0.9481,7.7641,25.285,7.4548,,0.85098,8.4372,,387.0,16850.03,3.9322,89.579,148.7,161.17,1434.64,,,18.4272,5.1439,11.302,1.7636,60.398,4.3198,4.9759,,11.251,1.451,38.52,33.1604,,1.0793,20.318
2024-02-14,1.0,,1.6521,1.9558,5.3069,1.4509,0.9493,7.7065,25.348,7.4537,,0.85258,8.3754,,388.73,16717.15,3.922,88.956,148.7,161.28,1428.41,,,18.3559,5.1271,11.3375,1.7607,60.164,4.3415,4.9754,,11.3127,1.4451,38.76,32.9417,,1.0713,20.3982
2024-02-15,1.0,,1.6525,1.9558,5.3401,1.4547,0.9484,7.7288,25.416,7.4547,,0.85635,8.4009,,389.1,16765.42,3.8971,89.221,148.7,161.26,1429.35,,,18.3562,5.1363,11.361,1.7625,60.096,4.344,4.9771,,11.2575,1.4472,38.829,33.0247,,1.0743,20.4366
2024-02-16,1.0,,1.6517,1.9558,5.3551,1.4518,0.9491,7.7461,25.46,7.4546,,0.85605,8.4236,,389.13,16837.38,3.8864,89.3815,149.1,161.88,1435.09,,,18.3536,5.1476,11.3555,1.7648,60.258,4.34,4.9771,,11.2655,1.45,38.829,33.1951,,1.0768,20.3375
2024-02-19,1.0,,1.6479,1.9558,5.3433,1.4522,0.9492,7.757,25.455,7.4547,,0.85448,8.4273,,388.4,16860.24,3.9074,89.462,148.7,161.59,1438.87,,,18.3698,5.1585,11.3045,1.7536,60.41,4.3265,4.977,,11.237,1.4503,38.826,33.264,,1.0776,20.431
2024-02-20,1.0,,1.6457,1.9558,5.3521,1.4562,0.9526,7.7718,25.429,7.4542,,0.8566,8.4487,,388.28,16916.42,3.9502,89.6045,148.3,162.18,1440.76,,,18.3792,5.1823,11.3275,1.7493,60.556,4.3248,4.9768,,11.2185,1.4525,38.941,33.3825,,1.0802,20.4673
2024-02-21,1.0,,1.6486,1.9558,5.3253,1.4618,0.951,7.773,25.38,7.4545,,0.85619,8.4544,,387.98,16889.77,3.9738,89.632,148.5,162.12,1441.77,,,18.4379,5.1818,11.3345,1.7479,60.48,4.3165,4.976,,11.2075,1.4524,38.739,33.5149,,1.0809,20.3446
2024-02-22,1.0,,1.6515,1.9558,5.3499,1.4618,0.9535,7.7988,25.309,7.454,,0.85625,8.4817,,386.88,16904.39,3.9607,89.871,148.9,163.12,1438.77,,,18.507,5.1796,11.356,1.7497,60.434,4.3158,4.9768,,11.174,1.4552,38.941,33.6091,,1.0844,20.6686
2024-02-23,1.0,,1.6467,1.9558,5.3831,1.4587,0.9522,7.7972,25.354,7.4544,,0.8534,8.476,,388.47,16907.87,3.9322,89.817,148.5,162.91,1440.95,,,18.5089,5.1759,11.389,1.7445,60.562,4.3118,4.9744,,11.1545,1.4553,39.013,33.6842,,1.0834,20.8672
2024-02-26,1.0,,1.656,1.9558,5.4111,1.4674,0.9546,7.81,25.367,7.4542,,0.85495,8.4898,,389.53,16962.54,3.9603,89.9375,149.3,163.38,1444.46,,,18.5473,5.184,11.4285,1.756,60.874,4.3053,4.9722,,11.1675,1.4582,38.915,33.7742,,1.0852,20.9499
2024-02-27,1.0,,1.6565,1.9558,5.3945,1.465,0.9544,7.814,25.332,7.4551,,0.8562,8.4947,,390.2,16976.12,3.9342,89.9755,149.3,163.04,1445.31,,,18.5221,5.1696,11.431,1.7601,60.902,4.3153,4.9668,,11.1805,1.4584,38.932,33.8132,,1.0856,20.772
2024-02-28,1.0,,1.6639,1.9558,5.3497,1.4689,0.952,7.7807,25.352,7.454,,0.85548,8.4599,,391.95,16983.1,3.8965,89.5955,149.3,162.87,1445.35,,,18.4801,5.1565,11.4675,1.7728,60.827,4.2965,4.9683,,11.192,1.4554,38.898,33.7087,,1.0808,20.7857
2024-02-29,1.0,,1.6684,1.9558,5.4054,1.4719,0.9534,7.7888,25.363,7.454,,0.85655,8.4735,,393.48,17038.18,3.8736,89.7458,149.3,162.53,1447.43,,,18.4969,5.1375,11.492,1.7807,60.858,4.3208,4.9706,,11.215,1.457,38.909,33.8067,,1.0826,20.9007
2024-03-01,1.0,,1.6637,1.9558,5.3656,1.4679,0.9582,7.7837,25.333,7.4543,,0.85588,8.465,,393.25,17000.09,3.8522,89.6135,149.5,162.82,1444.21,,,18.4079,5.1318,11.443,1.7764,60.672,4.318,4.9695,,11.1948,1.4563,38.884,33.8944,,1.0813,20.7358
2024-03-04,1.0,,1.664,1.9558,5.3718,1.4719,0.9604,7.8084,25.356,7.4539,,0.85583,8.4861,,395.25,17069.27,3.8775,89.9399,149.5,163.22,1444.94,,,18.4517,5.1231,11.4325,1.7789,60.724,4.322,4.9708,,11.2424,1.457,38.872,34.1936,,1.0846,20.6385
2024-03-05,1.0,,1.6709,1.9558,5.3713,1.4747,0.9609,7.8104,25.353,7.4542,,0.85543,8.4873,,395.75,17079.69,3.9034,89.9525,149.1,163.01,1447.98,,,18.3924,5.137,11.475,1.7847,60.727,4.3248,4.9718,,11.2803,1.4578,38.861,34.3474,,1.0849,20.5862
2024-03-06,1.0,,1.6667,1.9558,5.375,1.477,0.9619,7.8281,25.359,7.4544,,0.85498,8.5088,,392.95,17069.52,3.9212,90.056,148.9,162.67,1450.41,,,18.3532,5.1456,11.468,1.7812,60.731,4.3018,4.9706,,11.2555,1.4578,38.82,34.5173,,1.0874,20.5388
2024-03-07,1.0,,1.6501,1.9558,5.3835,1.4705,0.9577,7.8412,25.359,7.4552,,0.85445,8.5215,,395.43,17038.2,3.9092,90.1205,148.5,161.09,1446.67,,,18.3715,5.1266,11.394,1.7688,60.794,4.302,4.9707,,11.1944,1.4549,38.764,34.6929,,1.0895,20.4622
2024-03-08,1.0,,1.6469,1.9558,5.4281,1.4701,0.9588,7.8594,25.308,7.4547,,0.85168,8.5492,,394.05,16979.47,3.9083,90.4365,149.3,160.99,1441.91,,,18.4282,5.1216,11.3395,1.7674,60.76,4.3065,4.9693,,11.164,1.4558,38.776,34.9441,,1.0932,20.3805
2024-03-11,1.0,,1.6546,1.9558,5.4549,1.4753,0.9594,7.8471,25.322,7.4552,,0.85208,8.544,,395.55,16920.93,3.9429,90.4095,148.9,160.43,1432.46,,,18.3589,5.1177,11.4405,1.7705,60.497,4.2805,4.9644,,11.1865,1.4535,38.689,34.965,,1.0926,20.4277
2024-03-12,1.0,,1.6533,1.9558,5.4425,1.4739,0.9588,7.835,25.272,7.4571,,0.85458,8.5405,,397.8,16942.83,3.9921,90.356,148.7,161.39,1433.16,,,18.3673,5.106,11.4673,1.7737,60.387,4.2865,4.9668,,11.173,1.4546,38.992,34.9898,,1.0916,20.3892
2024-03-13,1.0,,1.6542,1.9558,5.4506,1.4756,0.9599,7.8678,25.273,7.4573,,0.85451,8.5574,,396.9,17039.08,3.9947,90.594,148.5,161.83,1439.01,,,18.3472,5.1282,11.4805,1.777,60.583,4.286,4.9683,,11.193,1.4581,39.036,35.1136,,1.0939,20.4535
2024-03-14,1.0,,1.6529,1.9558,5.4237,1.4725,0.9616,7.8564,25.198,7.4568,,0.8542,8.5455,,394.9,17040.71,3.9682,90.522,148.5,161.7,1441.24,,,18.2308,5.1195,11.467,1.7748,60.503,4.2935,4.971,,11.2245,1.4567,39.002,35.0946,,1.0925,20.3659
2024-03-15,1.0,,1.6579,1.9558,5.4461,1.4731,0.9613,7.838,25.166,7.4571,,0.8541,8.5199,,393.2,17011.02,3.9811,90.259,148.9,162.03,1448.71,,,18.1915,5.1241,11.5205,1.786,60.494,4.2953,4.9711,,11.2674,1.4562,39.053,35.0917,,1.0892,20.3515
2024-03-18,1.0,,1.6583,1.9558,5.4382,1.4745,0.963,7.8402,25.2,7.4573,,0.85525,8.5168,,394.95,17121.08,3.9759,90.285,148.9,162.51,1452.75,,,18.2207,5.1394,11.5565,1.7881,60.56,4.3113,4.9716,,11.3178,1.4575,39.173,35.1825,,1.0892,20.5859
2024-03-19,1.0,,1.6651,1.9558,5.4766,1.4767,0.963,7.814,25.268,7.4571,,0.85445,8.4902,,394.5,17089.51,3.9805,90.1065,148.9,163.37,1453.28,,,18.3376,5.1372,11.5985,1.7938,60.721,4.321,4.9742,,11.3465,1.4565,39.15,35.1056,,1.0854,20.5442
2024-03-20,1.0,,1.6633,1.9558,5.4414,1.4736,0.9658,7.8058,25.289,7.4572,,0.85438,8.4837,,395.33,17065.2,3.9816,90.24,148.5,164.54,1453.86,,,18.2541,5.1379,11.5725,1.7976,60.978,4.3248,4.9721,,11.3595,1.4579,39.244,35.1241,,1.0844,20.4589
2024-03-21,1.0,,1.6535,1.9558,5.421,1.4736,0.9766,7.852,25.243,7.4579,,0.85678,8.53,,393.35,17092.14,3.9186,90.656,148.7,164.96,1449.01,,,18.261,5.1424,11.543,1.7963,61.033,4.3028,4.9734,,11.3645,1.4619,39.396,34.9445,,1.0907,20.4181
2024-03-22,1.0,,1.6601,1.9558,5.4099,1.4688,0.9729,7.8245,25.371,7.4581,,0.85795,8.4645,,396.3,17111.81,3.9265,90.409,148.9,163.74,1453.62,,,18.1372,5.1274,11.617,1.802,60.928,4.317,4.9727,,11.4025,1.4593,39.298,34.6209,,1.0823,20.5597
2024-03-25,1.0,,1.658,1.9558,5.4069,1.4722,0.9724,7.8134,25.266,7.4585,,0.85698,8.4748,,396.17,17100.93,3.9369,90.368,149.1,163.78,1453.39,,,18.1374,5.1195,11.605,1.8046,60.92,4.3078,4.9712,,11.457,1.4573,39.364,34.8332,,1.0835,20.4889
2024-03-26,1.0,,1.6574,1.9558,5.4067,1.4718,0.981,7.8358,25.277,7.459,,0.85846,8.492,,395.45,17149.6,3.9747,90.4365,149.3,164.4,1455.75,,,18.1165,5.1236,11.626,1.8036,61.055,4.3093,4.9702,,11.453,1.4595,39.415,34.9542,,1.0855,20.5294
2024-03-27,1.0,,1.66,1.9558,5.3969,1.4712,0.9811,7.8182,25.319,7.4582,,0.85768,8.4615,,395.4,17194.2,3.9582,90.134,149.9,163.52,1461.31,,,17.9367,5.1192,11.6825,1.8043,60.849,4.3148,4.9721,,11.506,1.4586,39.381,34.9005,,1.0816,20.4716
2024-03-28,1.0,,1.6607,1.9558,5.4032,1.4672,0.9766,7.8144,25.305,7.458,,0.8551,8.4594,,395.26,17157.87,3.9799,90.1365,150.3,163.45,1458.67,,,17.9179,5.1168,11.699,1.8092,60.797,4.3123,4.9735,,11.525,1.4587,39.412,34.9487,,1.0811,20.5226
2024-04-02,1.0,,1.6522,1.9558,5.4114,1.4577,0.9765,7.7779,25.361,7.4582,,0.8551,8.4148,,395.63,17103.38,3.9826,89.649,150.1,163.01,1453.23,,,17.849,5.1106,11.708,1.804,60.506,4.2938,4.9699,,11.5575,1.4535,39.395,34.6033,,1.0749,20.2399
2024-04-03,1.0,,1.6539,1.9558,5.4681,1.4626,0.9792,7.8023,25.352,7.4589,,0.85713,8.4421,,393.2,17196.78,4.0165,90.0055,150.1,163.66,1456.04,,,17.8782,5.1273,11.658,1.8054,60.817,4.2968,4.9687,,11.575,1.4571,39.584,34.4418,,1.0783,20.2667
2024-04-04,1.0,,1.6446,1.9558,5.4751,1.4652,0.9846,7.8501,25.322,7.4589,,0.85788,8.4957,,391.55,17233.19,4.0339,90.5116,150.3,164.69,1462.46,,,17.9675,5.1433,11.6125,1.7998,61.243,4.2955,4.9687,,11.5105,1.4628,39.881,34.6065,,1.0852,20.2704
2024-04-05,1.0,,1.6461,1.9558,5.4633,1.4702,0.9793,7.8421,25.286,7.459,,0.85773,8.4868,,390.1,17192.63,4.0725,90.3283,150.3,164.1,1464.09,,,17.9104,5.1462,11.6118,1.8001,61.268,4.2835,4.9677,,11.526,1.4608,39.743,34.6312,,1.0841,20.171
2024-04-08,1.0,,1.6433,1.9558,5.4806,1.4715,0.9807,7.8282,25.354,7.4588,,0.85795,8.4761,,390.78,17217.66,4.0033,90.159,150.3,164.43,1468.37,,,17.8053,5.1425,11.5905,1.7984,61.204,4.2773,4.9681,,11.4675,1.4607,39.769,34.8481,,1.0823,20.1574
2024-04-09,1.0,,1.6407,1.9558,5.4489,1.4749,0.9819,7.8603,25.38,7.459,,0.85663,8.5096,,389.2,17243.05,4.011,90.4135,150.3,164.97,1470.98,,,17.7268,5.1591,11.593,1.7938,61.301,4.2565,4.9682,,11.4555,1.4623,39.529,34.9828,,1.0867,20.0861
2024-04-10,1.0,,1.6399,1.9558,5.433,1.4728,0.981,7.8548,25.368,7.4594,,0.85515,8.506,,389.18,17212.45,4.0324,90.3585,150.7,164.89,1467.33,,,17.7305,5.1558,11.5665,1.7856,61.408,4.2563,4.969,,11.4345,1.4605,39.536,35.0329,,1.086,20.0851
2024-04-11,1.0,,1.6448,1.9558,5.4468,1.4688,0.9787,7.7646,25.392,7.4604,,0.85525,8.4058,,389.8,17189.9,4.03,89.4385,150.3,164.18,1469.32,,,17.6448,5.0936,11.618,1.792,60.577,4.257,4.9713,,11.531,1.4518,39.22,34.6336,,1.0729,20.1614
2024-04-12,1.0,,1.6413,1.9558,5.4442,1.4643,0.9716,7.7094,25.337,7.4603,,0.85424,8.3478,,391.63,17171.88,4.0175,88.914,150.5,163.16,1469.79,,,17.5982,5.081,11.587,1.7872,60.256,4.2603,4.9717,,11.5699,1.4478,38.853,34.4334,,1.0652,19.9907
2024-04-15,1.0,,1.6441,1.9558,5.4553,1.4645,0.9725,7.7134,25.324,7.4606,,0.85405,8.3419,,394.25,17111.78,3.9578,88.895,150.7,164.05,1473.79,,,17.6561,5.0925,11.626,1.7943,60.558,4.2938,4.9742,,11.5583,1.4498,39.124,34.5291,,1.0656,20.2067
2024-04-16,1.0,,1.6578,1.9558,5.5607,1.4668,0.9712,7.6995,25.21,7.4609,,0.8544,8.3304,,394.63,17234.12,4.0001,88.8975,150.7,164.54,1481.62,,,17.9141,5.0973,11.6745,1.8072,60.561,4.3435,4.9764,,11.635,1.4509,38.958,34.572,,1.0637,20.2104
2024-04-17,1.0,,1.6556,1.9558,5.6044,1.4691,0.9693,7.7006,25.228,7.4611,,0.854,8.3307,,393.0,17290.58,4.0173,89.008,150.5,164.54,1471.92,,,18.0761,5.0972,11.696,1.8012,60.879,4.3508,4.9758,,11.6793,1.4495,39.18,34.6054,,1.0638,20.2752
2024-04-18,1.0,,1.6567,1.9558,5.5973,1.4687,0.9704,7.7294,25.254,7.4616,,0.85628,8.3635,,393.93,17279.69,4.0363,89.188,150.3,164.82,1467.41,,,18.094,5.1083,11.7375,1.8013,61.127,4.3255,4.9758,,11.637,1.452,39.251,34.7035,,1.0679,20.3461
2024-04-19,1.0,,1.6622,1.9558,5.6165,1.4666,0.968,7.7139,25.267,7.4622,,0.8562,8.3443,,395.3,17325.08,4.0181,88.9228,150.3,164.68,1469.09,,,18.4819,5.0959,11.765,1.8105,61.373,4.33,4.9764,,11.664,1.451,39.288,34.7304,,1.0653,20.4793
2024-04-22,1.0,,1.6517,1.9558,5.5427,1.4592,0.9693,7.7012,25.275,7.4615,,0.86328,8.3316,,393.9,17279.87,4.0054,88.628,150.3,164.51,1467.64,,,18.2059,5.08,11.7185,1.8004,61.134,4.3188,4.9756,,11.6015,1.449,39.392,34.5943,,1.0632,20.3468
2024-04-23,1.0,,1.6536,1.9558,5.5246,1.4623,0.9724,7.7353,25.256,7.4607,,0.8605,8.364,,393.63,17302.61,4.0422,88.9475,150.3,165.23,1471.21,,,18.2732,5.1022,11.731,1.8047,61.44,4.3158,4.9761,,11.603,1.4543,39.536,34.7807,,1.0674,20.534
2024-04-24,1.0,,1.6421,1.9558,5.4856,1.4628,0.9774,7.7431,25.242,7.4575,,0.85945,8.37,,393.35,17277.66,4.0339,89.0435,150.3,165.57,1469.91,,,18.0824,5.1058,11.733,1.801,61.487,4.3193,4.9757,,11.6225,1.4547,39.602,34.7497,,1.0686,20.5062
2024-04-25,1.0,,1.6415,1.9558,5.505,1.4659,0.9792,7.7682,25.152,7.4587,,0.85675,8.392,,392.98,17355.14,4.0646,89.3155,150.1,166.76,1473.23,,,18.267,5.1215,11.714,1.799,61.94,4.3165,4.9761,,11.639,1.4581,39.691,34.8475,,1.072,20.3377
2024-04-26,1.0,,1.6392,1.9558,5.5208,1.4632,0.9779,7.7638,25.164,7.4573,,0.85643,8.3873,,392.28,17385.77,4.0798,89.3191,150.3,168.03,1474.65,,,18.4672,5.1079,11.7995,1.801,61.83,4.3205,4.9764,,11.7052,1.4587,39.583,34.8036,,1.0714,20.2037
2024-04-29,1.0,,1.6322,1.9558,5.4706,1.4635,0.9776,7.7627,25.175,7.4581,,0.85493,8.3904,,391.64,17408.74,4.0316,89.461,150.3,167.53,1476.15,,,18.3202,5.1108,11.7835,1.7932,61.858,4.3255,4.9759,,11.685,1.4578,39.696,34.7103,,1.072,20.0504
2024-04-30,1.0,,1.6423,1.9558,5.4928,1.4672,0.9787,7.7609,25.14,7.4583,,0.85478,8.3817,,390.68,17422.11,4.0172,89.4155,150.3,168.27,1479.67,,,18.1895,5.113,11.815,1.8035,61.83,4.3178,4.9759,,11.753,1.4593,39.732,34.7045,,1.0718,20.0682
2024-05-02,1.0,,1.6386,1.9558,5.5025,1.4678,0.9759,7.7465,25.09,7.4589,,0.85538,8.3633,,388.98,17302.04,4.0046,89.2938,150.1,165.63,1470.41,,,18.1187,5.0864,11.843,1.8047,61.628,4.3278,4.9763,,11.682,1.4538,39.508,34.6345,,1.0698,19.969
2024-05-03,1.0,,1.633,1.9558,5.4916,1.4682,0.9744,7.7798,25.025,7.4583,,0.85573,8.3961,,388.95,17247.67,3.9943,89.671,150.3,164.62,1460.24,,,18.2086,5.0927,11.708,1.7952,61.392,4.329,4.9761,,11.6398,1.4527,39.516,34.7482,,1.0744,19.8952
2024-05-06,1.0,,1.6248,1.9558,5.4683,1.4731,0.9754,7.7662,24.995,7.4589,,0.8566,8.4223,,389.38,17289.39,4.0322,89.9875,150.3,165.7,1460.0,,,18.2346,5.1067,11.6663,1.7891,61.66,4.3185,4.9688,,11.625,1.4548,39.618,34.7747,,1.0776,19.8369
2024-05-07,1.0,,1.6297,1.9558,5.4629,1.473,0.977,7.7707,25.014,7.4596,,0.85805,8.4197,,389.05,17295.26,4.0056,89.898,150.3,166.45,1462.45,,,18.1606,5.1009,11.698,1.7918,61.678,4.3138,4.9757,,11.681,1.457,39.683,34.7408,,1.0766,19.9127
2024-05-08,1.0,,1.6374,1.9558,5.4682,1.4784,0.977,7.7651,25.036,7.4599,,0.86083,8.3989,,388.88,17270.98,3.9883,89.7015,150.1,167.15,1466.47,,,18.1936,5.0949,11.757,1.7948,61.643,4.3075,4.9757,,11.733,1.4572,39.717,34.6564,,1.0743,20.0409
2024-05-09,1.0,,1.6299,1.9558,5.5189,1.4728,0.976,7.7554,24.935,7.4594,,0.85995,8.3881,,387.95,17248.52,4.014,89.607,150.3,167.32,1471.57,,,18.1764,5.0878,11.7215,1.7881,61.569,4.292,4.9753,,11.7205,1.4558,39.617,34.5811,,1.0732,19.8856
2024-05-10,1.0,,1.632,1.9558,5.5332,1.4747,0.9779,7.7877,24.936,7.4607,,0.86055,8.4228,,387.72,17292.1,4.0091,90.0185,150.3,167.87,1472.72,,,18.073,5.1082,11.6735,1.7923,61.936,4.2968,4.9758,,11.6865,1.4592,39.58,34.7431,,1.0779,19.8673
2024-05-13,1.0,,1.6305,1.9558,5.5486,1.4757,0.9784,7.8095,24.779,7.4608,,0.86023,8.4329,,387.0,17371.37,4.0161,90.133,150.3,168.25,1476.01,,,18.0713,5.1082,11.68,1.7923,62.417,4.286,4.9762,,11.7,1.4605,39.688,34.7702,,1.0795,19.8185
2024-05-14,1.0,,1.6329,1.9558,5.5419,1.4753,0.9801,7.8103,24.75,7.4608,,0.85983,8.4341,,386.1,17407.15,4.0089,90.16,150.5,168.89,1476.56,,,18.1363,5.0952,11.6815,1.7934,62.452,4.2695,4.9758,,11.7285,1.4609,39.589,34.8169,,1.0796,19.8835
2024-05-15,1.0,,1.6308,1.9558,5.5827,1.4763,0.98,7.8212,24.766,7.4617,,0.8584,8.4578,,386.0,17340.14,4.003,90.4445,150.3,168.43,1471.93,,,18.271,5.0986,11.649,1.786,62.284,4.269,4.9758,,11.6751,1.4609,39.58,34.9765,,1.0832,19.9073
2024-05-16,1.0,,1.629,1.9558,5.5696,1.481,0.9822,7.843,24.709,7.4612,,0.8585,8.4798,,386.18,17297.31,4.0057,90.73,150.3,168.33,1463.04,,,18.1784,5.0885,11.642,1.7794,62.49,4.2648,4.9755,,11.6172,1.4617,39.291,34.9901,,1.0866,19.7911
2024-05-17,1.0,,1.6281,1.9558,5.5645,1.4784,0.9855,7.837,24.722,7.4615,,0.85685,8.46,,387.6,17316.08,4.0318,90.3883,150.3,168.96,1471.55,,,18.0889,5.0831,11.633,1.7751,62.559,4.265,4.9752,,11.655,1.4609,39.358,34.9852,,1.0844,19.8068
2024-05-20,1.0,,1.6259,1.9558,5.559,1.4798,0.988,7.856,24.748,7.4611,,0.85548,8.4712,,385.65,17351.81,4.0267,90.4715,150.3,169.25,1477.31,,,18.0315,5.0884,11.6115,1.7773,62.853,4.2533,4.975,,11.6127,1.4628,39.214,34.9725,,1.0861,19.8052
2024-05-21,1.0,,1.6278,1.9558,5.5371,1.4797,0.9884,7.861,24.682,7.4617,,0.8544,8.4778,,385.43,17383.98,3.9892,90.5115,150.1,169.86,1480.56,,,17.98,5.0979,11.583,1.781,63.294,4.2553,4.9743,,11.581,1.4632,39.425,34.9752,,1.0864,19.6955
2024-05-22,1.0,,1.6288,1.9558,5.5647,1.481,0.9905,7.8414,24.748,7.4617,,0.85165,8.4538,,388.05,17371.32,3.9853,90.2135,150.1,169.54,1480.95,,,18.0397,5.082,11.585,1.7724,62.825,4.2686,4.9751,,11.6325,1.4616,39.448,34.8553,,1.083,19.7464
2024-05-23,1.0,,1.6333,1.9558,5.5745,1.4832,0.9907,7.8578,24.738,7.4624,,0.85175,8.4749,,387.08,17398.69,3.9863,90.3445,150.1,169.9,1476.66,,,18.0534,5.1063,11.5165,1.7703,63.138,4.263,4.9754,,11.5925,1.4637,39.612,34.9722,,1.0854,19.9118
2024-05-24,1.0,,1.6394,1.9558,5.5722,1.4865,0.9924,7.8522,24.736,7.4612,,0.85241,8.468,,385.18,17377.88,3.9801,90.104,149.9,170.28,1480.44,,,18.0844,5.1073,11.4953,1.7747,63.078,4.2553,4.9743,,11.599,1.4639,39.756,34.9539,,1.084,19.9506
2024-05-27,1.0,,1.632,1.9558,5.6038,1.4813,0.9922,7.8545,24.733,7.4619,,0.8507,8.4663,,384.7,17421.56,3.9851,90.1393,149.7,170.07,1478.03,,,18.0901,5.093,11.415,1.7665,63.09,4.2553,4.9763,,11.54,1.4633,39.702,34.9,,1.0843,19.9632
2024-05-28,1.0,,1.6314,1.9558,5.6141,1.482,0.9908,7.8842,24.655,7.4616,,0.8508,8.4994,,382.78,17495.81,3.9948,90.515,149.3,170.54,1477.78,,,18.1116,5.1077,11.407,1.7648,63.083,4.2483,4.9759,,11.466,1.4659,39.823,35.0223,,1.0882,19.9443
2024-05-29,1.0,,1.637,1.9558,5.6149,1.4838,0.9907,7.8706,24.731,7.4607,,0.8513,8.4811,,387.08,17580.25,4.0153,90.529,149.1,170.74,1484.62,,,18.2588,5.1066,11.417,1.7716,63.481,4.264,4.9768,,11.5215,1.4652,39.948,34.9889,,1.0857,19.9
2024-05-30,1.0,,1.6341,1.9558,5.6279,1.4828,0.9808,7.8261,24.77,7.4595,,0.85105,8.4556,,389.45,17563.67,4.0247,90.073,148.9,169.5,1488.66,,,18.4071,5.0874,11.4065,1.7706,63.354,4.2848,4.9764,,11.4995,1.4612,39.745,34.9038,,1.0815,20.1501
2024-05-31,1.0,,1.6315,1.9558,5.6418,1.4804,0.9818,7.8577,24.709,7.4588,,0.85365,8.4838,,388.83,17641.72,4.0342,90.5255,149.1,170.52,1501.11,,,18.4387,5.108,11.383,1.7696,63.604,4.2645,4.9767,,11.421,1.4663,39.925,34.9691,,1.0852,20.2927
2024-06-03,1.0,,1.629,1.9558,5.6957,1.4784,0.9772,7.8562,24.724,7.459,,0.85175,8.4797,,391.4,17595.37,3.9692,90.125,149.5,170.09,1493.24,,,19.0161,5.1033,11.3885,1.7614,63.653,4.2815,4.9762,,11.4035,1.4638,39.937,34.9104,,1.0842,20.2534
2024-06-04,1.0,,1.6364,1.9558,5.7284,1.486,0.9703,7.863,24.755,7.459,,0.85143,8.4901,,392.28,17680.4,4.005,90.6925,149.9,168.29,1495.71,,,19.5326,5.1087,11.489,1.7624,63.854,4.3005,4.975,,11.3755,1.464,39.733,35.2217,,1.0865,20.2986
2024-06-05,1.0,,1.6353,1.9558,5.7259,1.4867,0.9704,7.8795,24.654,7.4592,,0.85048,8.4904,,391.73,17762.62,4.0302,90.708,149.5,169.72,1491.34,,,19.1919,5.1077,11.475,1.7577,63.938,4.3045,4.9755,,11.3275,1.4657,39.906,35.2316,,1.0872,20.5868
2024-06-06,1.0,,1.6368,1.9558,5.7623,1.4879,0.9687,7.8715,24.632,7.4592,,0.85088,8.4853,,390.68,17670.67,4.0503,90.7135,149.7,169.74,1486.44,,,19.1254,5.1,11.5,1.7584,63.734,4.3015,4.9758,,11.293,1.4648,39.679,35.0263,,1.0865,20.6281
2024-06-07,1.0,,1.6345,1.9558,5.7158,1.4902,0.9696,7.8916,24.577,7.4613,,0.8512,8.5095,,388.92,17646.42,4.0723,90.889,149.9,169.52,1489.97,,,19.4943,5.1123,11.4865,1.7596,63.786,4.288,4.9763,,11.3075,1.4653,39.756,35.165,,1.0898,20.4821
2024-06-10,1.0,,1.6304,1.9558,5.72,1.4801,0.9637,7.7957,24.636,7.4592,,0.84565,8.4043,,394.15,17529.81,4.0242,89.8004,149.7,168.74,1479.33,,,19.7531,5.0779,11.512,1.7595,63.243,4.324,4.9769,,11.333,1.4548,39.544,34.8697,,1.0756,20.1228
2024-06-11,1.0,,1.626,1.9558,5.7464,1.4781,0.9622,7.7839,24.706,7.4584,,0.84198,8.3802,,394.63,17488.4,3.9923,89.6748,149.5,168.46,1479.23,,,19.7008,5.064,11.491,1.7513,63.071,4.3413,4.9768,,11.2467,1.4517,39.433,34.74,,1.073,19.9574
2024-06-12,1.0,,1.628,1.9558,5.7912,1.4795,0.9641,7.8086,24.686,7.4588,,0.84365,8.4082,,395.28,17552.6,3.9902,89.949,149.5,169.35,1481.35,,,20.2743,5.0784,11.4675,1.7528,63.094,4.3385,4.9768,,11.2345,1.4553,39.475,34.8563,,1.0765,20.0486
2024-06-13,1.0,,1.6232,1.9558,5.8261,1.4823,0.9668,7.8211,24.699,7.4593,,0.84468,8.4224,,396.48,17527.83,4.0108,90.112,149.3,169.58,1482.31,,,20.1654,5.0766,11.4315,1.7477,63.173,4.3473,4.9773,,11.221,1.4557,39.593,34.8311,,1.0784,19.8385
2024-06-14,1.0,,1.6156,1.9558,5.7321,1.4704,0.9534,7.7529,24.736,7.4605,,0.84205,8.347,,398.0,17617.21,3.9848,89.266,149.1,167.8,1480.8,,,19.8471,5.0433,11.4025,1.7418,62.677,4.3733,4.9773,,11.2731,1.4464,39.228,34.8826,,1.0686,19.6019
2024-06-17,1.0,,1.6246,1.9558,5.7841,1.4726,0.9561,7.7728,24.699,7.4603,,0.84573,8.3667,,396.25,17630.35,3.9919,89.4895,149.5,169.11,1480.65,,,19.8594,5.0555,11.486,1.7526,62.879,4.36,4.9769,,11.2933,1.4497,39.415,35.1953,,1.0712,19.5862
2024-06-18,1.0,,1.6207,1.9558,5.8275,1.4731,0.9512,7.7748,24.767,7.4601,,0.8454,8.3664,,395.13,17594.24,3.9867,89.3885,149.3,169.41,1484.07,,,19.7167,5.0511,11.448,1.7562,62.913,4.3503,4.9763,,11.255,1.451,39.447,34.9773,,1.0715,19.4298
2024-06-19,1.0,,1.6125,1.9558,5.8479,1.4737,0.9506,7.8005,24.91,7.4592,,0.84455,8.3905,,396.34,17610.03,3.9958,89.682,149.3,169.78,1484.25,,,19.8583,5.059,11.354,1.7528,63.156,4.33,4.9768,,11.214,1.4519,39.417,34.975,,1.0749,19.3752
2024-06-20,1.0,,1.6076,1.9558,5.7921,1.4696,0.9546,7.7825,24.898,7.4581,,0.84513,8.3654,,397.39,17678.1,3.9948,89.6225,149.3,169.82,1488.01,,,19.7453,5.0492,11.2915,1.7492,63.124,4.321,4.9771,,11.198,1.4504,39.403,35.1725,,1.0719,19.4066
2024-06-21,1.0,,1.6031,1.9558,5.8107,1.4632,0.9537,7.7602,24.949,7.458,,0.84531,8.3401,,396.93,17597.85,4.0097,89.315,149.1,169.82,1484.58,,,19.5271,5.0373,11.2685,1.7427,62.92,4.322,4.9773,,11.2445,1.4468,39.15,35.1129,,1.0688,19.1241
2024-06-24,1.0,,1.6157,1.9558,5.8278,1.4682,0.9586,7.7891,24.893,7.4593,,0.8473,8.3772,,394.36,17596.13,4.0003,89.5833,149.1,171.17,1489.57,,,19.3887,5.0554,11.349,1.7543,63.066,4.3003,4.9774,,11.2555,1.452,39.347,35.2953,,1.073,19.5122
2024-06-25,1.0,,1.6109,1.9558,5.8015,1.465,0.9575,7.7811,24.819,7.4594,,0.84465,8.3652,,396.0,17559.71,3.9968,89.3855,149.1,170.84,1491.03,,,19.3338,5.0404,11.3265,1.7498,62.966,4.2995,4.977,,11.2255,1.4499,39.272,35.316,,1.0714,19.4537
2024-06-26,1.0,,1.6053,1.9558,5.8524,1.4628,0.9585,7.7673,24.877,7.4591,,0.84453,8.3459,,396.53,17563.79,4.0054,89.323,149.1,171.42,1488.06,,,19.4941,5.042,11.3945,1.7537,63.029,4.3075,4.9769,,11.3038,1.4513,39.394,35.1962,,1.0689,19.4243
2024-06-27,1.0,,1.6078,1.9558,5.8887,1.4647,0.9604,7.7745,24.933,7.4583,,0.8459,8.3521,,397.68,17530.0,4.0171,89.242,148.9,171.66,1482.71,,,19.678,5.048,11.398,1.7543,62.705,4.3188,4.9779,,11.338,1.4519,39.393,35.172,,1.0696,19.6609
2024-06-28,1.0,,1.6079,1.9558,5.8915,1.467,0.9634,7.7748,25.025,7.4575,,0.84638,8.3594,,395.1,17487.21,4.02,89.2495,148.9,171.94,1474.86,,,19.5654,5.0501,11.3965,1.7601,62.56,4.309,4.9773,,11.3595,1.4513,39.319,35.1868,,1.0705,19.497
2024-07-01,1.0,,1.6109,1.9558,6.0016,1.4711,0.9689,7.8097,25.048,7.4586,,0.8479,8.3945,,394.25,17569.0,4.0304,89.6575,148.9,173.15,1485.41,,,19.7315,5.0641,11.4315,1.7638,62.998,4.3008,4.9766,,11.3675,1.4567,39.434,35.1126,,1.0745,19.5015
2024-07-02,1.0,,1.612,1.9558,6.0479,1.4727,0.9697,7.8014,25.185,7.459,,0.84755,8.3829,,395.6,17570.19,4.0411,89.5417,149.3,173.31,1488.26,,,19.6825,5.063,11.4795,1.7693,63.097,4.325,4.9769,,11.417,1.4569,39.526,35.0707,,1.0729,19.8161
2024-07-03,1.0,,1.6123,1.9558,6.0813,1.4703,0.9718,7.8247,25.194,7.4587,,0.8468,8.4033,,395.08,17619.72,4.0496,89.836,149.1,174.18,1495.26,,,19.6577,5.0783,11.4583,1.7717,63.218,4.3018,4.9773,,11.371,1.4593,39.546,35.0501,,1.0758,19.905
2024-07-04,1.0,,1.6046,1.9558,5.9345,1.4705,0.9717,7.8515,25.143,7.4588,,0.84663,8.434,,393.5,17632.08,4.0476,90.199,149.1,173.84,1491.06,,,19.5801,5.0863,11.4015,1.7641,63.211,4.2918,4.9769,,11.3375,1.4594,39.56,35.1736,,1.08,19.7867
2024-07-05,1.0,,1.6073,1.9558,5.9419,1.4736,0.973,7.8655,25.202,7.4593,,0.84613,8.4544,,392.55,17622.12,4.0169,90.3685,149.3,174.06,1494.76,,,19.5472,5.097,11.448,1.7672,63.381,4.2798,4.9772,,11.3605,1.4612,39.594,35.4062,,1.0824,19.7371
2024-07-08,1.0,,1.6067,1.9558,5.9265,1.4772,0.9711,7.8766,25.162,7.4586,,0.8441,8.4631,,394.7,17623.56,4.0023,90.4705,149.3,174.37,1499.05,,,19.5399,5.1022,11.4575,1.7655,63.462,4.2778,4.9748,,11.3805,1.4618,39.461,35.4635,,1.0835,19.6622
2024-07-09,1.0,,1.6062,1.9558,5.9075,1.4752,0.9712,7.8639,25.231,7.4595,,0.84491,8.4477,,395.2,17593.46,3.9723,90.291,149.1,174.2,1496.01,,,19.4858,5.0907,11.489,1.7681,63.209,4.2643,4.9731,,11.422,1.4608,39.379,35.5984,,1.0814,19.654
2024-07-10,1.0,,1.6056,1.9558,5.8435,1.4758,0.9723,7.8763,25.379,7.4603,,0.84518,8.4554,,392.68,17557.93,3.9574,90.4015,149.1,174.79,1498.46,,,19.2904,5.0883,11.607,1.7804,63.118,4.2555,4.9734,,11.4075,1.4605,39.343,35.5705,,1.0825,19.5581
2024-07-11,1.0,,1.6075,1.9558,5.8792,1.4796,0.9749,7.8862,25.361,7.4606,,0.84305,8.4767,,393.95,17562.25,3.9516,90.7165,149.3,175.39,1498.04,,,19.4056,5.0883,11.6725,1.7836,63.278,4.2545,4.9755,,11.419,1.4627,39.387,35.6793,,1.0855,19.627
2024-07-12,1.0,,1.6076,1.9558,5.9104,1.4834,0.9747,7.8984,25.341,7.461,,0.84029,8.5019,,391.9,17551.14,3.9529,90.9585,149.3,172.87,1497.89,,,19.3112,5.0851,11.7025,1.7819,63.573,4.2548,4.9729,,11.4965,1.4623,39.367,35.9657,,1.089,19.5935
2024-07-15,1.0,,1.6088,1.9558,5.9335,1.4879,0.9755,7.9206,25.422,7.4614,,0.84045,8.5133,,391.48,17654.29,3.9409,91.168,149.3,172.34,1508.27,,,19.4041,5.0952,11.746,1.7904,63.711,4.2495,4.9692,,11.5375,1.464,39.472,36.0554,,1.0907,19.8324
2024-07-16,1.0,,1.6169,1.9558,5.9227,1.4911,0.9761,7.9223,25.352,7.4611,,0.84058,8.5082,,391.93,17633.22,3.9524,91.1115,149.3,172.65,1507.53,,,19.3324,5.0978,11.7815,1.796,63.684,4.2683,4.9662,,11.5545,1.4647,39.329,36.0785,,1.0902,19.7067
2024-07-17,1.0,,1.6222,1.9558,5.9485,1.4949,0.9693,7.9372,25.29,7.4595,,0.83915,8.5368,,391.28,17634.46,3.9702,91.3642,149.3,171.21,1508.08,,,19.4385,5.0991,11.7575,1.7975,63.703,4.2948,4.9675,,11.5085,1.466,39.291,36.1869,,1.0934,19.8772
2024-07-18,1.0,,1.6237,1.9558,6.0101,1.4953,0.9666,7.9327,25.264,7.4603,,0.84175,8.535,,389.73,17667.74,3.9742,91.4125,149.5,171.02,1511.38,,,19.3675,5.1016,11.748,1.801,63.732,4.2918,4.9693,,11.5338,1.4655,39.299,36.1646,,1.093,19.895
2024-07-19,1.0,,1.6276,1.9558,6.0303,1.4938,0.9688,7.9165,25.261,7.461,,0.8428,8.5049,,390.9,17638.53,3.9805,91.117,149.7,171.61,1511.37,,,19.5065,5.1047,11.8255,1.8087,63.549,4.2853,4.9712,,11.61,1.4645,39.514,35.9909,,1.089,19.9622
2024-07-22,1.0,,1.637,1.9558,6.0986,1.4971,0.9671,7.9191,25.231,7.4617,,0.84215,8.5006,,389.73,17648.14,3.9593,91.0885,150.1,170.8,1511.28,,,19.6457,5.0961,11.9165,1.8171,63.575,4.2788,4.972,,11.6295,1.4648,39.54,35.9064,,1.0888,19.8948
2024-07-23,1.0,,1.6396,1.9558,6.0594,1.4944,0.9681,7.9003,25.362,7.461,,0.84073,8.4788,,390.43,17610.63,3.9314,90.9075,149.7,169.64,1505.59,,,19.5254,5.0738,11.9635,1.8209,63.498,4.277,4.9729,,11.6735,1.4615,39.324,35.7592,,1.086,20.0068
2024-07-24,1.0,,1.6428,1.9558,6.0759,1.4953,0.9609,7.8934,25.425,7.4618,,0.83973,8.4716,,393.28,17622.09,3.9403,90.808,149.7,167.23,1500.01,,,19.8113,5.0687,11.942,1.8267,63.558,4.289,4.9706,,11.6875,1.4577,39.197,35.6509,,1.0848,19.8662
2024-07-25,1.0,,1.6638,1.9558,6.1638,1.502,0.9534,7.8331,25.389,7.4625,,0.8428,8.4682,,393.33,17704.82,3.9666,90.8915,149.5,165.62,1497.33,,,20.098,5.0598,12.0825,1.8401,63.576,4.2968,4.9697,,11.774,1.4566,39.264,35.9078,,1.0851,20.0649
2024-07-26,1.0,,1.6559,1.9558,6.117,1.5009,0.9594,7.875,25.37,7.4626,,0.84378,8.4782,,390.95,17694.04,3.9788,90.9495,149.7,167.84,1505.15,,,19.9254,5.058,11.937,1.8427,63.377,4.274,4.9718,,11.7325,1.4594,39.112,35.7984,,1.086,19.8121
2024-07-29,1.0,,1.6534,1.9558,6.1165,1.4976,0.9578,7.8518,25.371,7.4625,,0.84345,8.449,,392.5,17609.86,4.0321,90.574,149.9,166.44,1496.41,,,19.942,5.018,11.9155,1.8418,63.343,4.2938,4.9725,,11.7265,1.454,38.914,35.7096,,1.0817,19.9041
2024-07-30,1.0,,1.656,1.9558,6.0843,1.4996,0.9592,7.8489,25.429,7.4619,,0.8426,8.4558,,394.5,17681.92,4.044,90.6235,149.5,167.61,1498.59,,,20.1533,5.0034,11.8885,1.8386,63.502,4.2838,4.9766,,11.686,1.4554,38.961,35.8199,,1.0824,19.8815
2024-07-31,1.0,,1.6635,1.9558,6.0874,1.4977,0.9533,7.8194,25.457,7.4621,,0.8438,8.4589,,395.78,17634.43,4.0822,90.625,149.9,162.76,1485.96,,,20.3317,4.9749,11.8175,1.8289,63.218,4.2908,4.9749,,11.6125,1.4491,38.629,35.9085,,1.0828,19.74
2024-08-01,1.0,,1.6501,1.9558,6.112,1.4912,0.9467,7.8203,25.454,7.4613,,0.84328,8.432,,395.55,17549.06,4.0855,90.3485,149.9,162.66,1474.13,,,19.9936,4.9295,11.7465,1.814,62.912,4.2958,4.9756,,11.522,1.4437,38.409,35.7061,,1.0789,19.6134
2024-08-02,1.0,,1.6629,1.9558,6.257,1.5035,0.9433,7.8075,25.271,7.4621,,0.85,8.4625,,396.73,17562.88,4.1211,90.728,150.5,161.37,1479.77,,,20.5799,4.873,11.929,1.8196,62.885,4.289,4.9756,,11.5843,1.4424,38.296,35.9419,,1.0835,19.7048
2024-08-05,1.0,,1.7008,1.9558,6.3759,1.5188,0.9304,7.8046,25.314,7.4607,,0.85878,8.5335,,398.45,17754.5,4.2013,92.2765,150.5,155.98,1495.97,,,21.6414,4.8525,12.1108,1.8461,63.303,4.3128,4.9768,,11.534,1.4475,38.732,36.5848,,1.0966,20.3713
2024-08-06,1.0,,1.6837,1.9558,6.2028,1.5097,0.9325,7.8071,25.286,7.4628,,0.85998,8.5055,,397.38,17653.43,4.1979,91.5925,150.7,158.29,1504.09,,,21.0872,4.8834,12.0005,1.8423,63.049,4.3105,4.9772,,11.559,1.4485,38.797,36.6472,,1.0915,20.1616
2024-08-07,1.0,,1.6643,1.9558,6.136,1.501,0.9409,7.8425,25.27,7.4627,,0.85808,8.5162,,398.2,17539.37,4.1367,91.695,150.9,160.62,1501.94,,,21.0692,4.9111,11.781,1.815,63.015,4.3173,4.9768,,11.4235,1.4499,38.866,36.5786,,1.0922,20.034
2024-08-08,1.0,,1.6677,1.9558,6.1544,1.5021,0.9368,7.8393,25.273,7.4619,,0.86093,8.5168,,396.1,17378.97,4.1511,91.759,151.1,159.74,1503.86,,,21.0402,4.8912,11.8825,1.823,62.738,4.319,4.9767,,11.4955,1.4474,38.577,36.6133,,1.093,20.0993
2024-08-09,1.0,,1.6609,1.9558,6.0477,1.5007,0.9435,7.828,25.234,7.4622,,0.85708,8.514,,395.2,17413.43,4.0722,91.655,151.1,160.33,1491.07,,,20.5652,4.828,11.8295,1.8156,62.533,4.3253,4.9769,,11.4955,1.4453,38.45,36.6275,,1.0917,20.0169
2024-08-12,1.0,,1.656,1.9558,5.9998,1.4998,0.9491,7.8439,25.178,7.4628,,0.85554,8.5157,,393.25,17444.0,4.1171,91.7375,151.1,161.25,1497.58,,,20.566,4.8682,11.7745,1.811,62.611,4.3058,4.9767,,11.4935,1.4474,38.527,36.6293,,1.0925,19.9047
2024-08-13,1.0,,1.6572,1.9558,6.0061,1.5014,0.948,7.8301,25.203,7.4621,,0.85458,8.5143,,393.53,17318.2,4.0855,91.761,151.1,161.17,1498.93,,,20.7235,4.8648,11.797,1.8089,62.322,4.289,4.9757,,11.506,1.4454,38.384,36.6789,,1.0931,19.8621
2024-08-14,1.0,,1.6643,1.9558,6.0024,1.5115,0.9515,7.8627,25.197,7.462,,0.85783,8.5824,,394.45,17194.6,4.1127,92.5025,152.1,161.98,1493.74,,,20.878,4.8704,11.7665,1.8324,62.761,4.2975,4.9763,,11.4843,1.4494,38.429,36.9665,,1.1019,19.9267
2024-08-15,1.0,,1.6609,1.9558,6.0262,1.509,0.9541,7.8816,25.2,7.4619,,0.85615,8.58,,394.58,17290.19,4.077,92.4385,152.1,162.14,1495.28,,,20.7475,4.8834,11.7455,1.832,62.744,4.2815,4.9764,,11.5135,1.4505,38.483,37.0147,,1.1011,19.8284
2024-08-16,1.0,,1.6577,1.9558,6.0112,1.5095,0.954,7.8758,25.239,7.4616,,0.85128,8.5705,,395.73,17259.48,4.0359,92.2775,152.9,162.72,1490.58,,,20.5459,4.872,11.8185,1.824,62.843,4.2703,4.9758,,11.5435,1.4497,38.408,37.0448,,1.0994,19.6993
2024-08-19,1.0,,1.6486,1.9558,6.0215,1.5098,0.9543,7.8848,25.181,7.4616,,0.85243,8.604,,393.08,17212.31,4.0907,92.6085,151.9,161.22,1476.07,,,20.6586,4.8376,11.7345,1.817,62.578,4.2688,4.9773,,11.4871,1.4464,38.053,37.2418,,1.1041,19.6951
2024-08-20,1.0,,1.6454,1.9558,6.0376,1.5085,0.9527,7.9192,25.158,7.4623,,0.85194,8.6345,,393.85,17126.0,4.1073,92.8445,152.1,162.18,1478.34,,,20.844,4.852,11.6825,1.8042,62.559,4.2643,4.9768,,11.3825,1.4493,37.885,37.4904,,1.1084,19.7295
2024-08-21,1.0,,1.6495,1.9558,6.0844,1.5117,0.9503,7.9306,25.11,7.4615,,0.85303,8.6634,,392.35,17247.2,4.1395,93.2585,152.7,162.26,1485.55,,,21.1283,4.8688,11.683,1.8109,62.817,4.2858,4.977,,11.378,1.4529,38.095,37.6869,,1.1116,19.8257
2024-08-22,1.0,,1.655,1.9558,6.1538,1.513,0.949,7.9491,25.092,7.4619,,0.84943,8.6814,,394.1,17405.17,4.1455,93.478,152.3,162.64,1490.74,,,21.6175,4.8749,11.7685,1.8107,62.723,4.2815,4.9764,,11.392,1.4568,38.332,37.7855,,1.1135,20.0237
2024-08-23,1.0,,1.6518,1.9558,6.1902,1.5106,0.9476,7.9364,25.078,7.4615,,0.84733,8.6728,,393.75,17303.11,4.1184,93.309,152.3,162.37,1486.86,,,21.5311,4.8654,11.802,1.8061,62.734,4.2775,4.9763,,11.4355,1.4551,38.067,37.8181,,1.1121,19.9591
2024-08-26,1.0,,1.6496,1.9558,6.1332,1.5076,0.946,7.9512,25.034,7.461,,0.84645,8.7023,,395.23,17236.51,4.0966,93.6635,153.1,160.94,1481.16,,,21.4092,4.8531,11.7785,1.8008,62.524,4.2815,4.9756,,11.403,1.4546,37.926,37.9737,,1.1163,19.8317
2024-08-27,1.0,,1.6461,1.9558,6.1186,1.5041,0.944,7.9547,25.034,7.4609,,0.84438,8.7073,,393.13,17349.32,4.1135,93.674,153.1,161.24,1485.86,,,21.6869,4.8527,11.723,1.7912,62.842,4.2783,4.9771,,11.3758,1.4552,38.029,37.9876,,1.1162,19.7883
2024-08-28,1.0,,1.6407,1.9558,6.1498,1.4982,0.9375,7.9253,25.053,7.4593,,0.84163,8.6711,,393.4,17150.03,4.0759,93.3565,153.1,160.57,1485.05,,,21.8823,4.8281,11.712,1.7823,62.544,4.3003,4.9773,,11.335,1.4493,37.848,37.8389,,1.1117,19.7851
2024-08-29,1.0,,1.6274,1.9558,6.1892,1.4927,0.9364,7.8653,25.043,7.4588,,0.84175,8.6422,,392.73,17082.67,4.0671,93.023,152.9,160.36,1474.34,,,21.8575,4.78,11.641,1.768,62.279,4.2898,4.9774,,11.3455,1.4432,37.649,37.7944,,1.1088,19.6351
2024-08-30,1.0,,1.6301,1.9558,6.2155,1.4941,0.9416,7.8585,25.031,7.4589,,0.8412,8.6455,,392.53,17180.03,4.0245,92.9485,152.9,161.19,1478.6,,,21.7581,4.7901,11.662,1.7709,62.309,4.2763,4.9768,,11.3355,1.4441,37.541,37.7651,,1.1087,19.5358
2024-09-02,1.0,,1.6322,1.9558,6.2185,1.4932,0.9415,7.8677,25.045,7.4587,,0.84218,8.6239,,392.55,17189.79,4.0415,92.8075,153.1,162.56,1481.32,,,21.7618,4.8171,11.73,1.7767,62.513,4.275,4.9753,,11.351,1.4464,37.834,37.5814,,1.1061,19.8166
2024-09-03,1.0,,1.6394,1.9558,6.2056,1.4951,0.9409,7.8614,25.071,7.4595,,0.84085,8.605,,393.38,17171.01,4.0623,92.669,153.5,161.26,1481.23,,,21.8785,4.8195,11.766,1.7839,62.427,4.2783,4.9735,,11.372,1.4453,37.833,37.4947,,1.1035,19.8345
2024-09-04,1.0,,1.645,1.9558,6.2523,1.498,0.9396,7.8648,25.086,7.4605,,0.84248,8.6174,,393.23,17126.34,4.1074,92.7985,153.5,160.26,1481.5,,,21.9638,4.8101,11.805,1.7861,62.502,4.2788,4.9726,,11.411,1.444,37.785,37.623,,1.105,19.7997
2024-09-05,1.0,,1.6498,1.9558,6.2481,1.4996,0.939,7.8739,25.027,7.4611,,0.84318,8.6493,,392.3,17110.19,4.1011,93.1987,153.5,159.2,1481.54,,,22.279,4.8136,11.7895,1.7874,62.231,4.2683,4.9708,,11.3995,1.4444,37.303,37.7192,,1.1097,19.736
2024-09-06,1.0,,1.6503,1.9558,6.1855,1.4984,0.9365,7.865,25.034,7.462,,0.84293,8.6526,,394.75,17114.05,4.116,93.206,153.3,158.93,1477.3,,,22.1512,4.8082,11.8015,1.7858,62.118,4.28,4.9735,,11.3698,1.4428,37.228,37.7388,,1.1103,19.6875
2024-09-09,1.0,,1.6596,1.9558,6.2,1.4979,0.9376,7.8589,25.051,7.4616,,0.84365,8.6101,,395.95,17083.3,4.1425,92.711,152.3,158.53,1485.48,,,21.9879,4.8274,11.9405,1.8004,62.354,4.278,4.9743,,11.455,1.4428,37.474,37.5989,,1.1043,19.7659
2024-09-10,1.0,,1.6551,1.9558,6.153,1.4973,0.9349,7.853,25.058,7.4623,,0.84265,8.6004,,397.38,17046.54,4.1539,92.6325,152.3,157.81,1480.59,,,21.9527,4.7902,11.902,1.7921,62.216,4.2833,4.9745,,11.4355,1.4397,37.235,37.5708,,1.1031,19.7464
2024-09-11,1.0,,1.656,1.9558,6.2245,1.4997,0.9358,7.8534,25.088,7.4624,,0.84375,8.6106,,396.2,17020.19,4.1538,92.743,152.7,156.6,1478.5,,,21.9952,4.7816,11.937,1.7966,61.706,4.2873,4.9742,,11.435,1.4385,37.198,37.557,,1.1043,19.7394
2024-09-12,1.0,,1.6497,1.9558,6.2309,1.4964,0.9414,7.8441,25.122,7.462,,0.8446,8.5945,,395.88,17007.44,4.1344,92.49,152.3,157.02,1477.3,,,21.7456,4.7746,11.934,1.796,61.852,4.2978,4.974,,11.414,1.438,37.146,37.402,,1.1016,19.7713
2024-09-13,1.0,,1.6542,1.9558,6.2147,1.5061,0.9387,7.8634,25.147,7.4627,,0.84475,8.6411,,395.33,17072.28,4.1105,92.988,152.3,156.17,1474.21,,,21.5637,4.7665,11.8495,1.7973,62.041,4.2898,4.9738,,11.3635,1.4404,36.988,37.6148,,1.1081,19.7185
2024-09-16,1.0,,1.6492,1.9558,6.1772,1.5109,0.9394,7.8953,25.128,7.4621,,0.84278,8.6723,,393.83,17095.99,4.1641,93.302,152.5,155.66,1467.42,,,21.4029,4.7858,11.78,1.7958,62.094,4.2708,4.9744,,11.3195,1.4407,36.983,37.804,,1.1126,19.6277
2024-09-17,1.0,,1.6472,1.9558,6.1236,1.5134,0.9405,7.9046,25.125,7.4621,,0.84278,8.6796,,394.68,17082.55,4.1808,93.305,152.3,156.71,1467.66,,,21.529,4.7441,11.7885,1.7965,61.966,4.2683,4.9738,,11.3245,1.4407,37.104,37.9137,,1.1139,19.6418
2024-09-18,1.0,,1.64,1.9558,6.0942,1.5117,0.9388,7.8797,25.07,7.4613,,0.84225,8.6692,,394.25,17032.01,4.1916,93.1315,152.3,157.94,1473.65,,,21.2402,4.721,11.7753,1.7877,61.988,4.27,4.9749,,11.324,1.4395,37.015,37.9429,,1.1124,19.5531
2024-09-19,1.0,,1.6352,1.9558,6.024,1.511,0.946,7.8827,25.081,7.4592,,0.83953,8.6952,,394.55,16924.49,4.1899,93.325,152.5,159.53,1481.57,,,21.391,4.6967,11.6678,1.7845,61.949,4.2658,4.9744,,11.3175,1.4415,36.965,37.9584,,1.1156,19.4454
2024-09-20,1.0,,1.6388,1.9558,6.057,1.5148,0.9486,7.8776,25.078,7.459,,0.8391,8.7022,,393.68,16929.55,4.2077,93.274,152.3,161.08,1491.51,,,21.6089,4.6953,11.733,1.7919,62.15,4.2763,4.9745,,11.381,1.4426,36.887,38.0857,,1.1166,19.5684
2024-09-23,1.0,,1.6274,1.9558,6.1976,1.5065,0.9448,7.8438,25.098,7.4581,,0.83518,8.6576,,394.68,16886.09,4.201,92.8955,151.7,159.58,1486.62,,,21.5915,4.6733,11.686,1.777,62.3,4.275,4.9742,,11.362,1.4357,36.654,37.9745,,1.1119,19.3253
2024-09-24,1.0,,1.6237,1.9558,6.137,1.5033,0.9439,7.829,25.155,7.4571,,0.8322,8.6668,,394.7,16896.39,4.1947,93.151,151.7,160.14,1485.87,,,21.5748,4.6246,11.612,1.7707,62.601,4.2665,4.9756,,11.2935,1.4341,36.569,38.0064,,1.1133,19.2869
2024-09-25,1.0,,1.6276,1.9558,6.1104,1.5044,0.9495,7.8692,25.123,7.4575,,0.83653,8.716,,395.03,16922.87,4.205,93.575,150.5,161.49,1489.46,,,21.7426,4.6242,11.684,1.7725,62.609,4.2643,4.976,,11.311,1.4378,36.599,38.209,,1.1194,19.1932
2024-09-26,1.0,,1.6217,1.9558,6.0372,1.5025,0.9452,7.8213,25.159,7.4572,,0.83428,8.6773,,395.95,16878.63,4.1132,93.297,150.5,160.78,1478.62,,,21.8299,4.6237,11.7865,1.7691,62.423,4.271,4.9759,,11.3,1.4328,36.215,38.1022,,1.1155,19.238
2024-09-27,1.0,,1.618,1.9558,6.0668,1.5036,0.942,7.823,25.158,7.457,,0.83338,8.6737,,396.95,16859.24,4.1296,93.384,150.7,159.63,1462.76,,,21.8374,4.6027,11.7575,1.7649,62.591,4.2738,4.9764,,11.273,1.4305,36.135,38.1336,,1.1158,19.1092
2024-09-30,1.0,,1.6166,1.9558,6.0504,1.5133,0.9439,7.8511,25.184,7.456,,0.83543,8.6933,,396.88,16975.88,4.1491,93.813,150.7,159.82,1469.11,,,21.9842,4.6167,11.7645,1.7616,62.74,4.2788,4.9753,,11.3,1.4342,36.107,38.2693,,1.1196,19.2258
2024-10-01,1.0,,1.604,1.9558,6.0377,1.4986,0.9394,7.7807,25.272,7.4578,,0.83193,8.6181,,397.83,16847.95,4.1262,92.931,149.9,159.37,1463.99,,,21.8444,4.6168,11.7305,1.7548,62.287,4.2853,4.9759,,11.3145,1.4268,36.124,37.9185,,1.1086,19.1585
2024-10-02,1.0,,1.6048,1.9558,5.9961,1.4932,0.9388,7.7702,25.316,7.4593,,0.83288,8.5947,,399.53,16913.83,4.1917,92.979,149.9,160.26,1462.53,,,21.6083,4.6205,11.6735,1.7614,62.186,4.295,4.9763,,11.3495,1.4266,36.296,37.8927,,1.1071,19.2605
2024-10-03,1.0,,1.6124,1.9558,6.0304,1.4945,0.9387,7.7477,25.357,7.4595,,0.84258,8.5734,,401.43,17075.07,4.1859,92.723,149.3,161.98,1472.89,,,21.5389,4.6601,11.7195,1.7749,62.315,4.3058,4.9766,,11.361,1.4315,36.567,37.7045,,1.1039,19.3017
2024-10-04,1.0,,1.6121,1.9558,6.057,1.4952,0.9394,7.7407,25.347,7.4579,,0.83735,8.5629,,401.33,17164.54,4.2022,92.6095,149.1,161.69,1478.24,,,21.2688,4.6542,11.6845,1.7779,62.126,4.3145,4.9769,,11.3375,1.4314,36.484,37.7762,,1.1029,19.2809
2024-10-07,1.0,,1.6155,1.9558,5.972,1.4914,0.9388,7.7077,25.346,7.4572,,0.83918,8.5291,,402.08,17260.41,4.1583,92.2458,148.5,162.63,1476.12,,,21.2234,4.7036,11.656,1.7847,62.519,4.3215,4.9778,,11.366,1.4304,36.669,37.6174,,1.0982,19.0978
2024-10-08,1.0,,1.6293,1.9558,6.0528,1.4981,0.941,7.7449,25.313,7.4579,,0.83778,8.537,,400.55,17183.1,4.1473,92.2065,148.5,162.49,1478.22,,,21.1383,4.7074,11.687,1.7933,62.392,4.3083,4.9773,,11.349,1.4307,36.724,37.6381,,1.0982,19.1784
2024-10-09,1.0,,1.6283,1.9558,6.0743,1.4985,0.9397,7.7435,25.348,7.4586,,0.8374,8.5176,,399.9,17130.12,4.1205,91.9995,148.7,162.97,1473.03,,,21.1916,4.6923,11.786,1.8038,62.41,4.2978,4.9759,,11.362,1.4294,36.651,37.5237,,1.0957,19.3282
2024-10-10,1.0,,1.6276,1.9558,6.1061,1.5031,0.9393,7.7376,25.317,7.4592,,0.83686,8.496,,400.4,17165.59,4.1238,91.7985,148.5,162.85,1477.51,,,21.2788,4.6915,11.792,1.7998,62.762,4.3048,4.9756,,11.3655,1.43,36.721,37.4017,,1.0932,19.2391
2024-10-11,1.0,,1.6233,1.9558,6.0886,1.5063,0.9378,7.7282,25.293,7.461,,0.83705,8.5001,,400.85,17043.21,4.1103,91.9575,149.1,162.94,1477.64,,,21.2356,4.6897,11.7393,1.7941,62.613,4.2898,4.9749,,11.354,1.4283,36.445,37.4975,,1.0938,19.1041
2024-10-14,1.0,,1.6248,1.9558,6.1443,1.5047,0.9409,7.7332,25.263,7.4613,,0.83665,8.4718,,400.78,17019.81,4.1029,91.729,149.3,163.39,1484.03,,,21.0353,4.688,11.7465,1.7948,62.767,4.2893,4.9743,,11.3735,1.4277,36.303,37.4118,,1.0915,19.1618
2024-10-15,1.0,,1.6236,1.9558,6.0949,1.5063,0.9401,7.7574,25.242,7.461,,0.83355,8.469,,400.48,16927.02,4.0905,91.622,149.3,162.85,1482.73,,,21.2097,4.6986,11.766,1.7902,63.068,4.2938,4.9758,,11.301,1.4271,36.345,37.3517,,1.0903,19.1651
2024-10-16,1.0,,1.6291,1.9558,6.1432,1.5013,0.9397,7.7511,25.296,7.461,,0.83605,8.4676,,401.0,16919.28,4.1013,91.55,149.5,162.57,1483.1,,,21.4791,4.6803,11.8015,1.7924,62.947,4.3,4.9761,,11.346,1.4264,36.102,37.2788,,1.0897,19.1283
2024-10-17,1.0,,1.6228,1.9558,6.1749,1.4975,0.938,7.7385,25.256,7.4605,,0.83455,8.4477,,399.73,16853.38,4.0823,91.324,149.1,162.5,1488.83,,,21.7135,4.6832,11.8735,1.7903,62.854,4.3113,4.9738,,11.418,1.4261,36.051,37.117,,1.0866,19.2606
2024-10-18,1.0,,1.6165,1.9558,6.1328,1.496,0.9401,7.7065,25.229,7.4576,,0.83165,8.427,,400.05,16803.96,4.0226,91.198,149.1,162.75,1488.05,,,21.4076,4.6691,11.8115,1.7865,62.359,4.3085,4.9733,,11.4205,1.4235,35.996,37.197,,1.0847,19.0769
2024-10-21,1.0,,1.623,1.9558,6.1953,1.4998,0.938,7.7198,25.268,7.4587,,0.83315,8.4351,,401.6,16816.56,4.0948,91.244,149.3,162.79,1495.73,,,21.6539,4.6744,11.838,1.792,62.527,4.3175,4.9728,,11.4275,1.4246,36.309,37.1763,,1.0853,19.1176
2024-10-22,1.0,,1.6177,1.9558,6.1636,1.4964,0.9365,7.7052,25.252,7.4576,,0.8334,8.411,,400.03,16843.32,4.0871,90.971,149.3,163.22,1491.66,,,21.5202,4.6833,11.823,1.787,62.58,4.317,4.9737,,11.4005,1.4231,36.229,37.0599,,1.0821,19.0184
2024-10-23,1.0,,1.6233,1.9558,6.1583,1.49,0.934,7.6759,25.235,7.4583,,0.83148,8.3656,,401.83,16872.7,4.0845,90.537,149.3,164.66,1491.54,,,21.6115,4.6836,11.8525,1.7918,62.513,4.3433,4.9737,,11.412,1.4237,36.355,36.925,,1.0767,19.0355
2024-10-24,1.0,,1.6234,1.9558,6.1487,1.4922,0.9349,7.6848,25.23,7.4598,,0.8321,8.3926,,402.93,16827.69,4.0804,90.796,148.7,164.12,1489.82,,,21.3667,4.6963,11.8155,1.7914,62.521,4.3435,4.9728,,11.419,1.4249,36.329,36.9788,,1.0801,19.09
2024-10-25,1.0,,1.6311,1.9558,6.142,1.4989,0.9382,7.7123,25.25,7.4609,,0.83358,8.411,,404.68,16978.9,4.1062,91.027,149.1,164.45,1504.09,,,21.4408,4.7024,11.8195,1.8025,63.118,4.3478,4.9733,,11.4475,1.429,36.54,37.118,,1.0825,19.0627
2024-10-28,1.0,,1.6372,1.9558,6.155,1.503,0.9367,7.7099,25.348,7.4585,,0.8329,8.4072,,404.83,17016.01,4.0327,90.958,149.1,165.18,1496.45,,,21.6223,4.7177,11.912,1.8059,62.969,4.35,4.9738,,11.471,1.4302,36.538,37.1009,,1.0818,19.1877
2024-10-29,1.0,,1.6423,1.9558,6.1613,1.4981,0.9369,7.6895,25.372,7.4588,,0.8302,8.3716,,405.23,16993.4,4.0298,90.57,148.7,165.66,1496.4,,,21.5719,4.7172,11.8415,1.8076,62.857,4.348,4.9749,,11.517,1.4287,36.4,36.9491,,1.0774,19.1063
2024-10-30,1.0,,1.646,1.9558,6.2564,1.5072,0.9393,7.7054,25.377,7.4606,,0.83425,8.405,,408.38,16966.73,4.0214,90.943,148.5,165.91,1493.02,,,21.8174,4.7359,11.8785,1.8099,63.01,4.3463,4.9747,,11.566,1.4329,36.522,37.0855,,1.0815,19.1535
2024-10-31,1.0,,1.6559,1.9558,6.2635,1.5134,0.9412,7.7436,25.327,7.4601,,0.83753,8.4598,,408.28,17105.85,4.0441,91.493,148.9,166.3,1500.05,,,21.8087,4.7652,11.9385,1.822,63.364,4.3508,4.9749,,11.6308,1.4377,36.754,37.268,,1.0882,19.1869
2024-11-01,1.0,,1.653,1.9558,6.2813,1.5144,0.9427,7.7403,25.33,7.4562,,0.83998,8.466,,407.75,17132.28,4.0681,91.4955,149.1,165.54,1498.21,,,21.7247,4.766,11.96,1.8164,63.525,4.3543,4.9745,,11.6115,1.4392,36.873,37.3758,,1.0885,19.1111
2024-11-04,1.0,,1.6516,1.9558,6.3344,1.5155,0.941,7.7363,25.288,7.4578,,0.84063,8.4761,,407.83,17190.86,4.0879,91.718,148.9,165.47,1497.97,,,21.9187,4.7678,11.9465,1.8196,63.762,4.3423,4.975,,11.6445,1.4356,36.736,37.4528,,1.0904,19.1248
2024-11-05,1.0,,1.6452,1.9558,6.3039,1.5128,0.9402,7.7405,25.343,7.4586,,0.8392,8.4687,,409.25,17180.21,4.0828,91.6565,148.9,165.93,1503.71,,,21.9579,4.7353,11.96,1.8169,63.553,4.358,4.9756,,11.6665,1.4351,36.652,37.4292,,1.0897,19.0277
2024-11-06,1.0,,1.6301,1.9558,6.2127,1.4893,0.9368,7.6779,25.339,7.457,,0.83223,8.3167,,410.08,16976.6,4.0115,90.181,148.3,165.05,1500.9,,,22.0755,4.7095,11.909,1.7997,62.949,4.3493,4.9755,,11.6515,1.4281,36.705,36.6357,,1.0695,18.9842
2024-11-07,1.0,,1.6196,1.9558,6.0988,1.496,0.9432,7.7159,25.262,7.4574,,0.83185,8.3818,,404.58,16889.15,4.0094,90.9355,148.3,165.71,1495.78,,,21.3897,4.7492,11.7485,1.7932,63.1,4.3253,4.9759,,11.599,1.4258,36.798,36.9319,,1.0785,18.7328
2024-11-08,1.0,,1.6259,1.9558,6.2034,1.4983,0.9393,7.7233,25.208,7.4573,,0.83188,8.3745,,406.68,16801.68,4.024,90.89,148.7,164.18,1495.41,,,21.5349,4.7208,11.7735,1.797,62.85,4.3255,4.9748,,11.59,1.4251,36.695,37.0104,,1.0772,18.8777
2024-11-11,1.0,,1.6186,1.9558,6.1877,1.4848,0.9369,7.6719,25.339,7.4574,,0.8268,8.2812,,409.63,16750.08,3.9832,89.8935,148.3,163.82,1489.97,,,21.8559,4.6971,11.7865,1.7857,62.461,4.344,4.9749,,11.592,1.4197,36.703,36.567,,1.0651,19.0171
2024-11-12,1.0,,1.6206,1.9558,6.1131,1.4799,0.9354,7.6781,25.39,7.4591,,0.82835,8.2586,,410.7,16770.14,3.982,89.5888,147.9,163.71,1492.15,,,21.6428,4.7139,11.7385,1.7848,62.273,4.3503,4.9763,,11.542,1.4204,36.942,36.5039,,1.0617,19.1584
2024-11-13,1.0,,1.6299,1.9558,6.1031,1.484,0.9379,7.6626,25.295,7.4598,,0.83413,8.2682,,408.7,16716.39,3.9774,89.6915,147.9,164.71,1487.4,,,21.7942,4.7278,11.7645,1.7941,62.327,4.3425,4.9764,,11.5895,1.4214,36.861,36.5216,,1.0629,19.1406
2024-11-14,1.0,,1.6285,1.9558,6.1122,1.4759,0.9369,7.6267,25.305,7.4593,,0.83158,8.1975,,407.05,16803.82,3.9374,88.9645,146.3,164.24,1478.78,,,21.7209,4.7193,11.759,1.7958,61.972,4.3383,4.9764,,11.603,1.4175,36.887,36.1969,,1.0533,19.3136
2024-11-15,1.0,,1.6345,1.9558,6.1335,1.4861,0.9389,7.6492,25.286,7.459,,0.83455,8.2385,,407.23,16810.0,3.9586,89.3465,145.7,164.36,1476.23,,,21.5697,4.7311,11.699,1.8015,62.162,4.32,4.9768,,11.5905,1.4187,36.861,36.4294,,1.0583,19.2353
2024-11-18,1.0,,1.6352,1.9558,6.103,1.4873,0.9364,7.6442,25.282,7.4591,,0.8356,8.214,,408.7,16732.73,3.9468,89.0765,144.3,163.74,1474.49,,,21.5023,4.7278,11.717,1.8062,61.929,4.3278,4.9765,,11.6,1.4186,36.758,36.4467,,1.0552,19.0768
2024-11-19,1.0,,1.6264,1.9558,6.1212,1.4833,0.9329,7.6578,25.284,7.4591,,0.83638,8.2335,,407.45,16759.52,3.9611,89.2935,145.3,162.71,1472.84,,,21.4956,4.7315,11.6595,1.7949,62.314,4.3303,4.9769,,11.584,1.4163,36.521,36.5558,,1.0578,19.097
2024-11-20,1.0,,1.6225,1.9558,6.0975,1.4767,0.9342,7.6528,25.286,7.4592,,0.8338,8.2208,,409.6,16790.04,3.9413,89.1025,145.5,164.42,1474.4,,,21.3036,4.7228,11.644,1.7947,62.282,4.3308,4.9765,,11.605,1.4173,36.581,36.4025,,1.0562,19.1266
2024-11-21,1.0,,1.6141,1.9558,6.1277,1.47,0.9294,7.6204,25.346,7.4588,,0.83273,8.1921,,410.5,16732.97,3.9291,88.9158,145.9,162.53,1471.6,,,21.4444,4.6999,11.62,1.7924,62.116,4.3418,4.977,,11.607,1.4144,36.467,36.2958,,1.0526,19.0284
2024-11-22,1.0,,1.6018,1.9558,6.0483,1.4561,0.9272,7.5458,25.358,7.4577,,0.83205,8.1052,,411.13,16569.6,3.8717,87.929,145.7,160.84,1464.43,,,21.2742,4.6516,11.568,1.7824,61.368,4.3373,4.9767,,11.553,1.4034,35.968,35.9737,,1.0412,18.7942
2024-11-25,1.0,,1.6111,1.9558,6.0941,1.4648,0.9324,7.6018,25.295,7.4586,,0.83465,8.1659,,409.78,16651.89,3.8493,88.4595,145.3,161.64,1469.87,,,21.3301,4.6724,11.5865,1.7926,61.936,4.3185,4.9767,,11.503,1.4128,36.271,36.302,,1.0495,18.9592
2024-11-26,1.0,,1.6191,1.9558,6.1005,1.4833,0.9314,7.6265,25.294,7.4585,,0.8348,8.187,,410.98,16706.73,3.8402,88.6999,145.3,161.13,1468.29,,,21.5593,4.6902,11.6815,1.796,62.04,4.3105,4.9771,,11.523,1.4153,36.411,36.4491,,1.0522,19.0331
2024-11-27,1.0,,1.6247,1.9558,6.1293,1.4807,0.9309,7.6347,25.267,7.4583,,0.834,8.1949,,412.08,16705.22,3.8504,88.894,144.7,159.65,1466.33,,,21.8466,4.6784,11.69,1.7893,61.87,4.312,4.9768,,11.529,1.4147,36.327,36.4981,,1.0531,19.1091
2024-11-28,1.0,,1.6228,1.9558,6.2891,1.477,0.9314,7.6403,25.271,7.4577,,0.8323,8.2046,,412.83,16734.74,3.8453,89.0495,145.1,159.89,1472.29,,,21.4419,4.688,11.664,1.7912,61.872,4.31,4.9773,,11.5375,1.4165,36.291,36.4814,,1.0542,19.136
2024-11-29,1.0,,1.6245,1.9558,6.4361,1.4796,0.9309,7.6484,25.256,7.4579,,0.83205,8.2211,,411.75,16753.81,3.8411,89.3245,145.7,158.64,1476.11,,,21.537,4.6948,11.6805,1.7873,61.939,4.296,4.9774,,11.518,1.4159,36.217,36.639,,1.0562,19.0777
2024-12-02,1.0,,1.6211,1.9558,6.3323,1.4748,0.9316,7.6421,25.266,7.4583,,0.82898,8.1753,,414.95,16703.82,3.8205,89.001,145.9,157.74,1475.53,,,21.5341,4.6851,11.659,1.7842,61.655,4.2905,4.977,,11.527,1.4138,36.207,36.4772,,1.0507,19.1038
2024-12-03,1.0,,1.622,1.9558,6.382,1.4753,0.9309,7.6589,25.224,7.4589,,0.83123,8.1818,,414.65,16749.14,3.8202,89.017,145.7,157.3,1474.9,,,21.3906,4.6989,11.629,1.7873,61.584,4.2973,4.9769,,11.5755,1.414,36.182,36.5294,,1.0512,19.0304
2024-12-04,1.0,,1.6384,1.9558,6.3472,1.4755,0.9305,7.6285,25.196,7.4577,,0.8283,8.167,,414.39,16707.46,3.7891,88.9315,145.3,158.59,1487.28,,,21.3067,4.6716,11.6205,1.7987,61.113,4.2868,4.977,,11.548,1.4135,36.04,36.4667,,1.0492,19.0679
2024-12-05,1.0,,1.6377,1.9558,6.3219,1.4809,0.9305,7.6577,25.146,7.4579,,0.828,8.2027,,411.8,16711.17,3.7981,89.2543,145.5,158.52,1494.61,,,21.386,4.6666,11.66,1.7985,60.946,4.2745,4.9774,,11.5095,1.4133,35.973,36.5975,,1.054,19.0427
2024-12-06,1.0,,1.6506,1.9558,6.3546,1.4882,0.9284,7.6852,25.11,7.4584,,0.82855,8.2314,,414.35,16743.43,3.8074,89.613,145.7,159.25,1502.23,,,21.3595,4.6763,11.7445,1.8113,61.215,4.267,4.9774,,11.523,1.4174,35.97,36.8199,,1.0581,19.1076
2024-12-09,1.0,,1.638,1.9558,6.3852,1.4919,0.9295,7.677,25.093,7.4578,,0.82805,8.2164,,411.25,16779.92,3.7649,89.689,145.9,159.4,1513.49,,,21.304,4.6763,11.7435,1.803,61.297,4.2593,4.972,,11.536,1.4157,35.656,36.7915,,1.0568,18.8315
2024-12-10,1.0,,1.6452,1.9558,6.3811,1.4908,0.9267,7.6354,25.098,7.4578,,0.82555,8.1858,,411.15,16709.98,3.7661,89.3525,145.9,159.74,1507.31,,,21.2298,4.6614,11.7315,1.8083,61.05,4.2678,4.9713,,11.5335,1.4118,35.55,36.6838,,1.0527,18.8204
2024-12-11,1.0,,1.6525,1.9558,6.3431,1.4905,0.928,7.6318,25.117,7.4574,,0.82458,8.1677,,409.48,16740.07,3.7665,89.1495,145.9,160.35,1502.88,,,21.2325,4.6578,11.712,1.818,61.266,4.2643,4.9674,,11.5165,1.4114,35.603,36.638,,1.0507,18.6794
2024-12-12,1.0,,1.6413,1.9558,6.1975,1.4865,0.9319,7.6272,25.065,7.4583,,0.82428,8.1575,,408.45,16747.78,3.745,89.044,145.9,159.6,1500.97,,,21.1588,4.6549,11.654,1.8114,61.185,4.2758,4.9704,,11.5,1.4108,35.512,36.5895,,1.0491,18.5627
2024-12-13,1.0,,1.6488,1.9558,6.3481,1.4954,0.9385,7.651,25.019,7.457,,0.83043,8.1777,,408.9,16850.2,3.7775,89.191,145.9,161.45,1507.58,,,21.2438,4.6805,11.6758,1.8218,61.641,4.2643,4.9732,,11.515,1.417,35.903,36.7584,,1.0518,18.8131
2024-12-16,1.0,,1.651,1.9558,6.3397,1.4959,0.9372,7.6463,25.036,7.4588,,0.82945,8.1625,,409.03,16820.21,3.7767,89.123,145.1,161.73,1509.15,,,21.1635,4.6742,11.716,1.8189,61.706,4.264,4.9763,,11.4541,1.4173,35.782,36.7034,,1.0498,18.7692
2024-12-17,1.0,,1.6547,1.9558,6.4584,1.4995,0.9413,7.6464,25.064,7.459,,0.82648,8.1571,,409.45,16940.06,3.779,89.14,144.7,161.63,1508.13,,,21.1368,4.6885,11.7635,1.8229,61.971,4.2635,4.9753,,11.472,1.4181,35.926,36.7302,,1.0497,19.0296
2024-12-18,1.0,,1.6602,1.9558,6.4544,1.5022,0.9382,7.6463,25.127,7.4606,,0.8252,8.1563,,410.88,16909.32,3.766,89.161,144.9,161.52,1509.48,,,21.1393,4.6917,11.762,1.8303,61.855,4.2578,4.9752,,11.4895,1.4177,35.933,36.7556,,1.0496,18.9602
2024-12-19,1.0,,1.6631,1.9558,6.5335,1.493,0.9319,7.5858,25.127,7.4613,,0.82445,8.0785,,416.05,16957.88,3.7647,88.481,144.7,163.07,1505.3,,,21.1339,4.6835,11.8143,1.8387,61.396,4.25,4.976,,11.4625,1.4131,35.946,36.4565,,1.0395,19.035
2024-12-20,1.0,,1.6674,1.9558,6.3173,1.4946,0.9297,7.5831,25.121,7.4614,,0.82965,8.0755,,414.18,16863.07,3.806,88.355,144.7,162.89,1502.7,,,21.0194,4.6838,11.8685,1.8445,61.1,4.2623,4.9762,,11.476,1.41,35.757,36.5544,,1.039,19.1104
2024-12-23,1.0,,1.6667,1.9558,6.3916,1.4978,0.9336,7.5861,25.165,7.459,,0.82995,8.0757,,414.7,16817.59,3.7938,88.4635,145.1,163.36,1510.56,,,21.0069,4.6665,11.807,1.8429,60.899,4.2753,4.9763,,11.484,1.4103,35.632,36.6032,,1.0393,19.2042
2024-12-24,1.0,,1.6681,1.9558,6.4384,1.4988,0.9358,7.5843,25.135,7.4608,,0.82805,8.0743,,411.73,16843.33,3.8133,88.5275,145.1,163.25,1515.98,,,20.949,4.6642,11.849,1.8429,60.787,4.2715,4.9745,,11.5335,1.4129,35.489,36.6474,,1.0395,19.3293
2024-12-27,1.0,,1.6777,1.9558,6.4586,1.5002,0.9396,7.6169,25.201,7.4602,,0.83098,8.099,,411.45,16922.75,3.8364,89.21,145.1,164.65,1537.65,,,21.1453,4.666,11.8435,1.8508,60.683,4.2753,4.9769,,11.4795,1.4174,35.495,36.7456,,1.0435,19.5259
2024-12-30,1.0,,1.6756,1.9558,6.476,1.5035,0.9435,7.6234,25.226,7.46,,0.8295,8.1065,,411.53,16881.0,3.812,89.2685,143.9,164.57,1539.13,,,21.2847,4.6632,11.8455,1.847,60.411,4.2655,4.9765,,11.4865,1.4166,35.64,36.8914,,1.0444,19.5691
2024-12-31,1.0,,1.6772,1.9558,6.4253,1.4948,0.9412,7.5833,25.185,7.4578,,0.82918,8.0686,,411.35,16820.88,3.7885,88.9335,143.9,163.06,1532.15,,,21.5504,4.6454,11.795,1.8532,60.301,4.275,4.9743,,11.459,1.4164,35.676,36.7372,,1.0389,19.6188
2025-01-02,1.0,,1.6618,1.9558,6.42,1.4885,0.9371,7.5338,25.177,7.4583,,0.83118,8.0261,,412.9,16726.78,3.7676,88.507,143.9,162.04,1515.07,,,21.4375,4.6223,11.7173,1.8402,59.769,4.2753,4.9743,,11.4223,1.4091,35.355,36.4523,,1.0321,19.2719
2025-01-03,1.0,,1.6556,1.9558,6.3478,1.4842,0.9362,7.5371,25.166,7.4599,,0.82993,8.0122,,414.93,16703.85,3.7614,88.3335,144.1,161.77,1512.7,,,21.2331,4.6346,11.713,1.8366,59.835,4.2725,4.9752,,11.4395,1.4113,35.475,36.4248,,1.0299,19.2957
2025-01-06,1.0,,1.6555,1.9558,6.3649,1.4914,0.9396,7.6284,25.154,7.4591,,0.83098,8.1035,,414.68,16834.71,3.7905,89.2605,144.7,163.25,1518.24,,,21.1962,4.7032,11.7095,1.8354,60.369,4.2518,4.9747,,11.4645,1.4168,35.834,36.8305,,1.0426,19.2724
2025-01-07,1.0,,1.6557,1.9558,6.3134,1.4878,0.9426,7.6142,25.137,7.4592,,0.82915,8.0824,,415.73,16794.93,3.7681,89.112,145.5,163.86,1507.35,,,21.1387,4.6639,11.7385,1.8317,60.378,4.2583,4.9744,,11.475,1.415,35.83,36.7432,,1.0393,19.3216
2025-01-08,1.0,,1.66,1.9558,6.3075,1.4803,0.9379,7.5413,25.15,7.4608,,0.83403,8.0018,,416.25,16719.53,3.7798,88.352,145.1,162.94,1503.5,,,21.0093,4.6313,11.738,1.8383,60.192,4.2765,4.9739,,11.5125,1.4096,35.682,36.3952,,1.0286,19.4357
2025-01-09,1.0,,1.663,1.9558,6.2991,1.4831,0.9397,7.5558,25.116,7.4609,,0.83808,8.0189,,413.98,16693.79,3.7713,88.474,144.9,162.56,1504.23,,,21.1013,4.6403,11.7605,1.8417,60.281,4.2723,4.9734,,11.4945,1.4102,35.645,36.4212,,1.0305,19.4534
2025-01-10,1.0,,1.6655,1.9558,6.2397,1.4845,0.9416,7.5542,25.09,7.4606,,0.83693,8.0224,,413.68,16680.99,3.7889,88.6265,145.3,162.86,1511.32,,,21.1258,4.6332,11.757,1.8454,60.242,4.266,4.9735,,11.497,1.4092,35.616,36.4849,,1.0304,19.6165
2025-01-13,1.0,,1.6578,1.9558,6.2109,1.4699,0.9346,7.4771,25.23,7.4605,,0.8416,7.9412,,413.68,16640.94,3.7436,88.4165,144.5,160.22,1497.52,,,21.1803,4.5993,11.709,1.8358,59.851,4.2715,4.9731,,11.5055,1.401,35.464,36.2019,,1.0198,19.5236
2025-01-14,1.0,,1.6601,1.9558,6.2299,1.4744,0.9395,7.5108,25.294,7.4607,,0.84288,7.9761,,412.05,16708.88,3.7185,88.6925,144.9,161.63,1496.39,,,21.1339,4.6154,11.7195,1.8324,60.196,4.2683,4.9749,,11.512,1.4036,35.612,36.3634,,1.0245,19.4143
2025-01-15,1.0,,1.6616,1.9558,6.2377,1.4784,0.9394,7.5515,25.218,7.4611,,0.84313,8.0201,,410.63,16872.43,3.7299,89.0145,144.7,161.75,1503.15,,,21.09,4.634,11.7035,1.8381,60.358,4.2613,4.9742,,11.5015,1.4089,35.762,36.5477,,1.03,19.4319
2025-01-16,1.0,,1.6574,1.9558,6.1984,1.4776,0.9376,7.5311,25.231,7.4609,,0.84258,8.0007,,412.35,16852.5,3.7232,88.943,145.1,160.46,1499.04,,,21.1824,4.625,11.6965,1.8389,60.157,4.2688,4.9754,,11.485,1.4061,35.592,36.4071,,1.0272,19.4048
2025-01-17,1.0,,1.6646,1.9558,6.2518,1.4864,0.9394,7.5474,25.265,7.4608,,0.84453,8.0194,,412.65,16887.38,3.6971,89.198,145.1,160.23,1502.05,,,21.4193,4.6403,11.759,1.8435,60.337,4.2585,4.9765,,11.506,1.4083,35.492,36.6271,,1.0298,19.3288
2025-01-20,1.0,,1.6627,1.9558,6.2688,1.4924,0.9429,7.5431,25.209,7.4611,,0.84588,8.0301,,413.15,16908.13,3.6994,89.2735,145.5,161.36,1497.2,,,21.5304,4.635,11.7665,1.8407,60.334,4.2568,4.9769,,11.4945,1.4077,35.337,36.7135,,1.0316,19.3381
2025-01-21,1.0,,1.6639,1.9558,6.2685,1.4963,0.9427,7.5443,25.178,7.4614,,0.84553,8.0636,,411.48,16921.73,3.7145,89.686,145.9,161.26,1493.41,,,21.4878,4.6353,11.817,1.8406,60.621,4.2538,4.9768,,11.475,1.4078,35.281,36.9008,,1.0357,19.2676
2025-01-22,1.0,,1.6603,1.9558,6.2738,1.4972,0.9449,7.5892,25.139,7.4612,,0.84466,8.1322,,411.08,16928.83,3.6962,90.209,146.5,162.72,1496.01,,,21.4707,4.633,11.7525,1.8387,61.003,4.23,4.9768,,11.467,1.4126,35.334,37.2312,,1.0443,19.2877
2025-01-23,1.0,,1.6594,1.9558,6.1921,1.4984,0.9442,7.5829,25.14,7.4606,,0.84468,8.1045,,409.7,16895.73,3.7117,89.9285,145.9,162.58,1494.9,,,21.2962,4.6235,11.7305,1.8377,61.063,4.211,4.9763,,11.4685,1.4114,35.4,37.0993,,1.0404,19.3143
2025-01-24,1.0,,1.66,1.9558,6.1866,1.5015,0.9494,7.5891,25.097,7.4614,,0.84413,8.1559,,408.85,16900.5,3.7585,90.33,146.3,163.9,1501.6,,,21.2056,4.5841,11.7495,1.8364,61.145,4.2138,4.9761,,11.459,1.4129,35.27,37.3769,,1.0472,19.252
2025-01-27,1.0,,1.67,1.9558,6.2375,1.5096,0.9453,7.6306,25.102,7.4625,,0.84106,8.1987,,408.78,17007.37,3.8064,90.88,146.3,162.21,1507.97,,,21.5878,4.6106,11.8095,1.8464,61.408,4.2193,4.975,,11.496,1.4134,35.402,37.6265,,1.053,19.6537
2025-01-28,1.0,,1.6698,1.9558,6.1535,1.5019,0.9441,7.5517,25.091,7.4626,,0.83868,8.1189,,408.13,16907.81,3.7725,90.1955,146.1,161.86,1506.81,,,21.5381,4.5779,11.7785,1.8439,60.9,4.2078,4.9749,,11.478,1.4087,35.306,37.2705,,1.0421,19.4839
2025-01-29,1.0,,1.671,1.9558,6.0791,1.5011,0.943,7.5385,25.122,7.4627,,0.83723,8.0992,,408.08,16883.0,3.7423,89.9945,145.7,161.5,1504.02,,,21.2947,4.567,11.7785,1.8426,60.723,4.2135,4.9753,,11.4555,1.4051,35.107,37.1934,,1.0396,19.405
2025-01-30,1.0,,1.6705,1.9558,6.1496,1.4997,0.9441,7.5436,25.121,7.4616,,0.83685,8.105,,407.25,16901.81,3.7277,90.097,146.1,160.32,1500.02,,,21.3551,4.57,11.7615,1.8408,60.693,4.2063,4.9758,,11.47,1.4048,35.053,37.223,,1.0403,19.2738
2025-01-31,1.0,,1.6702,1.9558,6.0677,1.5035,0.9449,7.5363,25.166,7.4618,,0.83608,8.099,,407.95,16941.21,3.7199,89.9945,146.7,160.99,1506.62,,,21.4769,4.6301,11.7373,1.8391,60.682,4.213,4.9767,,11.474,1.4091,34.915,37.2655,,1.0393,19.3588
2025-02-03,1.0,,1.6671,1.9558,6.0119,1.5051,0.9393,7.45,25.254,7.4618,,0.83136,8.0072,,408.43,16864.57,3.6992,89.4513,146.0,158.87,1504.01,,,21.5073,4.5976,11.7138,1.8424,60.158,4.2255,4.9769,,11.481,1.4024,34.932,36.9718,,1.0274,19.3445
2025-02-04,1.0,,1.6629,1.9558,6.0138,1.4894,0.9396,7.4943,25.172,7.461,,0.83188,8.0489,,407.15,16865.27,3.6961,90.011,146.8,160.52,1504.21,,,21.1322,4.5929,11.721,1.8418,60.222,4.2193,4.9769,,11.418,1.4015,34.937,37.1554,,1.0335,19.4072
2025-02-05,1.0,,1.658,1.9558,6.0327,1.4876,0.9395,7.5797,25.136,7.4597,,0.83085,8.1162,,406.0,17003.7,3.7012,91.0595,146.8,159.25,1507.59,,,21.4775,4.6091,11.6693,1.8321,60.44,4.1968,4.9766,,11.3583,1.4053,34.987,37.4306,,1.0422,19.3507
2025-02-06,1.0,,1.6547,1.9558,6.0127,1.4865,0.9385,7.5511,25.139,7.4596,,0.83688,8.0668,,406.1,16943.78,3.6892,90.76,146.6,157.95,1502.98,,,21.3713,4.5947,11.6585,1.8317,60.202,4.2065,4.9767,,11.321,1.4027,35.053,37.1866,,1.036,19.2822
2025-02-07,1.0,,1.6525,1.9558,5.9857,1.4883,0.9418,7.5634,25.108,7.46,,0.83353,8.0828,,405.55,16933.08,3.6872,90.8135,146.6,157.77,1501.65,,,21.2827,4.6074,11.625,1.8287,60.19,4.1985,4.9768,,11.2865,1.4021,34.924,37.3344,,1.0377,19.1225
2025-02-10,1.0,,1.6448,1.9558,5.9622,1.4798,0.9396,7.5395,25.073,7.4584,,0.83283,8.04,,403.88,16867.63,3.679,90.274,146.6,156.92,1496.81,,,21.2378,4.613,11.5745,1.8257,60.011,4.1758,4.9769,,11.2765,1.3972,34.993,37.1484,,1.032,19.0069
2025-02-11,1.0,,1.6442,1.9558,5.9898,1.4789,0.9429,7.544,25.101,7.4582,,0.83355,8.0452,,403.9,16897.29,3.7088,89.548,146.6,157.28,1500.7,,,21.2848,4.6148,11.5755,1.8284,60.05,4.1785,4.9769,,11.2525,1.3995,35.22,37.22,,1.0324,19.0894
2025-02-12,1.0,,1.6525,1.9558,5.9812,1.483,0.9457,7.5794,25.075,7.4583,,0.83338,8.0769,,402.63,16953.65,3.7259,90.101,146.4,159.22,1505.97,,,21.3163,4.6354,11.662,1.8391,60.291,4.1713,4.9767,,11.2895,1.4031,35.367,37.4321,,1.037,19.1398
2025-02-13,1.0,,1.6591,1.9558,6.0084,1.4844,0.9421,7.5817,25.057,7.4586,,0.83313,8.0926,,401.78,17024.53,3.7162,90.3771,146.8,159.79,1507.52,,,21.4383,4.6287,11.7145,1.8447,60.312,4.1688,4.9771,,11.2815,1.4033,35.227,37.515,,1.039,19.2471
2025-02-14,1.0,,1.6514,1.9558,6.0127,1.4856,0.9442,7.6141,25.043,7.459,,0.83215,8.1554,,402.95,16980.33,3.7341,90.81,147.3,160.09,1509.5,,,21.3146,4.647,11.6515,1.8352,60.487,4.1653,4.977,,11.2445,1.4052,35.238,37.9486,,1.0478,19.2555
2025-02-17,1.0,,1.6456,1.9558,5.9756,1.4861,0.944,7.6066,25.056,7.4597,,0.83133,8.1481,,401.73,16993.02,3.7239,90.992,146.9,158.67,1511.85,,,21.351,4.6437,11.6415,1.8263,60.757,4.1605,4.977,,11.216,1.405,35.31,37.9484,,1.0473,19.3112
2025-02-18,1.0,,1.6466,1.9558,5.9576,1.4844,0.9425,7.6056,25.098,7.4582,,0.83025,8.1235,,401.54,17067.58,3.7177,90.85,146.7,158.55,1506.32,,,21.1919,4.6442,11.659,1.8338,60.846,4.166,4.9773,,11.2115,1.4036,35.222,37.8958,,1.0447,19.2608
2025-02-19,1.0,,1.6419,1.9558,5.9775,1.4821,0.9435,7.6017,25.101,7.4588,,0.82838,8.1148,,402.13,17081.19,3.6976,90.642,146.3,158.41,1504.72,,,21.1954,4.6343,11.629,1.8252,60.651,4.174,4.9774,,11.214,1.4008,35.157,37.8746,,1.0434,19.3298
2025-02-20,1.0,,1.6382,1.9558,5.9526,1.4841,0.9423,7.5807,25.073,7.459,,0.82823,8.1211,,402.08,17011.8,3.6986,90.426,145.7,156.6,1500.62,,,21.2619,4.6262,11.609,1.8227,60.462,4.1605,4.9778,,11.166,1.3966,35.099,37.9226,,1.0443,19.248
2025-02-21,1.0,,1.6394,1.9558,5.9751,1.4856,0.942,7.5933,25.082,7.4588,,0.8276,8.1327,,404.6,17077.52,3.7211,90.6598,145.7,157.46,1500.16,,,21.2714,4.624,11.629,1.8186,60.64,4.1683,4.9773,,11.1425,1.3994,35.183,38.1023,,1.0465,19.245
2025-02-24,1.0,,1.6434,1.9558,5.9857,1.4876,0.9415,7.5879,25.062,7.4603,,0.8283,8.1356,,401.69,17044.56,3.7334,90.7663,145.1,156.81,1494.52,,,21.3703,4.616,11.6355,1.8213,60.581,4.1445,4.9772,,11.153,1.4002,35.066,38.0941,,1.0466,19.2037
2025-02-25,1.0,,1.6538,1.9558,6.0839,1.4969,0.9386,7.6219,24.939,7.4595,,0.82908,8.1609,,401.2,17160.65,3.7569,91.5198,145.7,157.19,1505.11,,,21.494,4.6449,11.6638,1.8337,60.832,4.1393,4.9774,,11.1455,1.4047,35.38,38.2742,,1.0497,19.2862
2025-02-26,1.0,,1.6622,1.9558,6.0329,1.5054,0.9392,7.6125,24.948,7.4584,,0.82868,8.1516,,400.3,17171.68,3.7475,91.3495,145.3,156.7,1504.35,,,21.4685,4.6447,11.6895,1.8419,60.733,4.144,4.9773,,11.143,1.4035,35.388,38.2126,,1.0487,19.2857
2025-02-27,1.0,,1.6638,1.9558,6.0825,1.504,0.9407,7.6127,24.987,7.4584,,0.82673,8.1446,,399.43,17238.38,3.7184,91.311,145.5,156.73,1511.87,,,21.3501,4.6565,11.7015,1.8434,60.632,4.1308,4.9763,,11.159,1.4049,35.522,38.1682,,1.0477,19.2947
2025-02-28,1.0,,1.6741,1.9558,6.0712,1.5019,0.9394,7.5782,25.029,7.4583,,0.82608,8.098,,399.5,17228.17,3.7457,90.971,145.7,156.96,1519.92,,,21.2191,4.6459,11.7245,1.8579,60.355,4.1503,4.9768,,11.188,1.4037,35.567,38.0186,,1.0411,19.1917
2025-03-03,1.0,,1.6811,1.9558,6.159,1.5104,0.9428,7.6282,25.097,7.4583,,0.8253,8.1386,,400.43,17216.08,3.7616,91.353,145.7,158.33,1526.42,,,21.4253,4.6737,11.695,1.8669,60.436,4.1708,4.9773,,11.15,1.4106,35.691,38.1487,,1.0465,19.5068
2025-03-04,1.0,,1.6919,1.9558,6.2132,1.5224,0.9371,7.6614,25.025,7.4589,,0.82788,8.2056,,398.93,17328.15,3.8177,91.9903,146.3,156.5,1537.13,,,21.9418,4.7153,11.808,1.872,60.797,4.1593,4.9769,,11.0995,1.4151,35.582,38.4845,,1.0557,19.5569
2025-03-05,1.0,,1.703,1.9558,6.2938,1.5398,0.9514,7.7675,25.048,7.4589,,0.835,8.3106,,398.85,17496.99,3.875,93.0873,146.5,160.09,1551.65,,,22.0091,4.7369,11.82,1.8832,61.383,4.15,4.9758,,11.0125,1.4301,36.012,38.9615,,1.0694,19.7222
2025-03-06,1.0,,1.7037,1.9558,6.2088,1.5509,0.9565,7.8247,25.047,7.4593,,0.8379,8.3922,,400.68,17670.84,3.9023,94.008,146.9,159.24,1563.53,,,22.0272,4.7799,11.716,1.881,61.924,4.177,4.9754,,10.962,1.4387,36.399,39.3233,,1.0796,19.7579
2025-03-07,1.0,,1.7258,1.9558,6.2617,1.5566,0.9557,7.8561,25.016,7.4589,,0.84088,8.4357,,399.28,17664.39,3.934,94.4435,147.3,160.35,1570.47,,,22.049,4.7934,11.759,1.9012,62.129,4.1788,4.9757,,10.9715,1.4448,36.518,39.5792,,1.0857,19.7306
2025-03-10,1.0,,1.7158,1.9558,6.2887,1.5642,0.9512,7.8718,24.957,7.4584,,0.83849,8.4241,,399.45,17739.0,3.9415,94.6938,146.9,159.39,1578.91,,,21.9075,4.7973,11.6705,1.8917,62.261,4.196,4.9765,,10.9695,1.4436,36.651,39.6428,,1.0845,19.7829
2025-03-11,1.0,,1.7357,1.9558,6.3688,1.5731,0.9608,7.8929,24.963,7.4587,,0.84374,8.4784,,401.78,17937.42,3.98,95.1455,146.9,161.52,1586.56,,,22.2142,4.8155,11.634,1.913,62.518,4.2003,4.9771,,10.9815,1.4535,36.855,39.927,,1.0912,19.9287
2025-03-12,1.0,,1.7297,1.9558,6.3587,1.5684,0.9619,7.8848,25.013,7.4591,,0.84078,8.4579,,399.78,17929.24,3.9606,94.9275,146.5,162.23,1580.65,,,22.0364,4.823,11.6085,1.9056,62.449,4.1955,4.9774,,10.9765,1.4527,36.855,39.8526,,1.0886,20.0248
2025-03-13,1.0,,1.7264,1.9558,6.3032,1.5591,0.9579,7.8493,25.093,7.4605,,0.83778,8.4175,,400.28,17799.48,3.9622,94.27,146.1,160.64,1577.63,,,21.8318,4.8064,11.5975,1.9045,62.238,4.1965,4.9775,,11.07,1.4484,36.665,39.6459,,1.083,19.9578
2025-03-14,1.0,,1.7237,1.9558,6.2683,1.5691,0.9641,7.8822,25.014,7.4601,,0.84183,8.4635,,399.48,17811.63,4.0019,94.6655,145.9,161.88,1582.87,,,21.7571,4.8418,11.62,1.8985,62.372,4.1723,4.9768,,11.0538,1.4536,36.658,39.9381,,1.0889,19.7832
2025-03-17,1.0,,1.716,1.9558,6.2238,1.5625,0.9616,7.8869,25.035,7.4607,,0.84026,8.4719,,399.28,17858.46,3.9773,94.631,146.1,162.26,1579.07,,,21.6851,4.8464,11.5283,1.8813,62.479,4.1863,4.9775,,11.0225,1.4522,36.661,39.978,,1.0903,19.7797
2025-03-18,1.0,,1.7147,1.9558,6.2091,1.5599,0.9601,7.8907,25.038,7.4598,,0.84173,8.4833,,397.33,18028.24,3.9844,94.5045,145.7,163.5,1586.67,,,21.8986,4.8531,11.528,1.8777,62.541,4.175,4.9774,,10.997,1.4544,36.646,40.02,,1.0918,19.7084
2025-03-19,1.0,,1.7208,1.9558,6.1929,1.5606,0.9583,7.8786,24.994,7.4592,,0.84078,8.4674,,398.23,18008.06,4.001,94.0605,145.5,163.27,1589.71,,,21.7258,4.8339,11.505,1.8832,62.351,4.1885,4.9773,,11.0025,1.4526,36.641,41.3997,,1.0897,19.745
2025-03-20,1.0,,1.7242,1.9558,6.1272,1.5592,0.9564,7.8481,25.013,7.4594,,0.8369,8.4189,,399.68,17884.8,3.9828,93.551,144.3,160.85,1591.96,,,21.8986,4.7947,11.5025,1.8896,62.008,4.2003,4.9769,,11.0295,1.4476,36.621,41.1641,,1.0833,19.7062
2025-03-21,1.0,,1.724,1.9558,6.1911,1.5551,0.9547,7.8477,24.981,7.4596,,0.83765,8.4166,,399.08,17876.68,4.0199,93.14,144.3,160.99,1585.51,,,21.9337,4.7866,11.401,1.8821,62.004,4.2023,4.977,,10.933,1.4452,36.655,41.1528,,1.0827,19.6831
2025-03-24,1.0,,1.7223,1.9558,6.2314,1.552,0.9544,7.8513,24.97,7.4591,,0.83663,8.4141,,398.08,17923.73,4.0041,92.6195,144.7,162.15,1588.2,,,21.8324,4.7994,11.3795,1.8908,62.067,4.176,4.9756,,10.957,1.448,36.666,41.1312,,1.0824,19.6168
2025-03-25,1.0,,1.7123,1.9558,6.2051,1.5459,0.9539,7.8571,24.884,7.4599,,0.83565,8.416,,398.0,17931.67,3.9657,92.7728,144.1,162.32,1587.16,,,21.654,4.802,11.309,1.8834,62.276,4.1635,4.9756,,10.7975,1.4459,36.637,41.1079,,1.0825,19.6632
2025-03-26,1.0,,1.7077,1.9558,6.177,1.5387,0.9532,7.8381,24.934,7.4605,,0.83623,8.3886,,400.83,17922.0,3.957,92.4014,143.3,162.2,1580.86,,,21.6498,4.7785,11.3585,1.8749,62.26,4.1755,4.9763,,10.8395,1.4439,36.652,41.0041,,1.0788,19.6974
2025-03-27,1.0,,1.7101,1.9558,6.2154,1.5425,0.9524,7.8361,24.982,7.4605,,0.83318,8.3867,,400.98,17887.25,3.9595,92.462,142.3,162.55,1580.16,,,21.8876,4.7794,11.3435,1.8778,61.911,4.1968,4.9773,,10.8235,1.445,36.529,40.994,,1.0785,19.7061
2025-03-28,1.0,,1.712,1.9558,6.2252,1.5444,0.9525,7.8445,24.96,7.4616,,0.83358,8.3988,,403.13,17909.52,3.984,92.346,142.5,162.64,1585.65,,,21.9676,4.7912,11.294,1.8845,61.947,4.1775,4.9774,,10.82,1.4481,36.664,41.0387,,1.0797,19.6113
2025-03-31,1.0,,1.7318,1.9558,6.2507,1.5533,0.9531,7.8442,24.962,7.4613,,0.83536,8.413,,402.35,17992.97,4.0256,92.3955,142.7,161.6,1594.71,,,22.0627,4.7992,11.413,1.9035,61.919,4.184,4.9771,,10.849,1.4519,36.706,41.0399,,1.0815,19.8782
2025-04-01,1.0,,1.7255,1.9558,6.1679,1.5529,0.952,7.8431,24.954,7.4616,,0.83665,8.3943,,402.63,18062.4,3.9973,92.384,143.7,160.93,1588.43,,,22.138,4.7872,11.318,1.9001,61.794,4.1863,4.9774,,10.816,1.4492,36.846,40.9201,,1.0788,19.7741
2025-04-02,1.0,,1.7146,1.9558,6.1212,1.5479,0.9543,7.8529,24.963,7.4611,,0.83455,8.4067,,400.95,18058.29,3.9977,92.362,143.7,161.22,1579.27,,,21.9953,4.8117,11.2745,1.8821,61.806,4.1775,4.9775,,10.764,1.4508,36.93,40.9573,,1.0803,20.1042
2025-04-03,1.0,,1.7448,1.9558,6.2411,1.5636,0.9538,8.0919,24.972,7.4613,,0.84163,8.6311,,401.58,18547.91,4.0919,94.6325,144.7,162.17,1615.11,,,22.223,4.9293,11.4235,1.9047,63.295,4.196,4.9774,,10.7205,1.4804,38.046,42.097,,1.1097,20.9522
2025-04-04,1.0,,1.8098,1.9558,6.3407,1.5696,0.9407,8.0518,25.142,7.4618,,0.84985,8.5933,,405.7,18750.74,4.1244,94.426,144.7,160.56,1601.11,,,22.5386,4.906,11.6815,1.9613,63.294,4.2625,4.9773,,10.974,1.4804,37.793,42.0298,,1.1057,21.0789
2025-04-07,1.0,,1.8174,1.9558,6.4415,1.5657,0.9377,8.0155,25.195,7.4638,,0.85588,8.5198,,407.95,18591.26,4.1504,94.059,145.1,160.58,1606.51,,,22.6772,4.9132,11.9545,1.9651,62.94,4.294,4.9774,,11.078,1.4767,37.847,41.6868,,1.0967,21.2745
2025-04-08,1.0,,1.8073,1.9558,6.4211,1.5512,0.9349,8.0359,25.139,7.4648,,0.85644,8.5059,,407.0,18522.86,4.1168,94.4125,145.1,160.65,1618.79,,,22.4776,4.9176,11.9505,1.9534,62.776,4.269,4.9772,,10.9775,1.4766,37.986,41.6215,,1.095,21.1803
2025-04-09,1.0,,1.8391,1.9558,6.6875,1.5671,0.9278,8.1179,25.168,7.469,,0.86435,8.5645,,408.93,18715.31,4.2116,95.733,145.1,159.61,1631.05,,,23.1597,4.9658,12.1195,1.9878,63.441,4.2953,4.9777,,11.0715,1.4883,38.111,41.982,,1.1045,21.7765
2025-04-10,1.0,,1.7905,1.9558,6.4887,1.5607,0.9299,8.1137,25.11,7.4653,,0.85755,8.6004,,406.75,18655.61,4.1901,95.484,144.7,161.28,1612.93,,,22.6437,4.9514,11.9815,1.9428,63.551,4.2543,4.9776,,11.019,1.481,37.756,42.0127,,1.1082,21.527
2025-04-11,1.0,,1.8201,1.9558,6.6159,1.5736,0.9252,8.2819,25.147,7.4675,,0.86678,8.799,,408.9,19123.91,4.2217,97.685,145.3,162.07,1624.38,,,23.123,5.0178,12.1005,1.9576,64.746,4.2953,4.9777,,11.1198,1.4992,38.072,43.181,,1.1346,21.8788
2025-04-14,1.0,,1.8034,1.9558,6.6488,1.5786,0.9329,8.3196,25.108,7.4675,,0.86383,8.8221,,410.45,19125.14,4.191,97.8348,144.9,162.97,1617.29,,,22.972,5.0229,12.0205,1.943,64.868,4.286,4.9775,,11.0065,1.4971,38.176,43.2931,,1.1377,21.5332
2025-04-15,1.0,,1.7794,1.9558,6.6207,1.5711,0.9242,8.2835,25.064,7.4641,,0.8557,8.8238,,407.73,19084.7,4.1797,97.2557,145.53,161.85,1615.76,,,22.7215,5.0034,11.9726,1.9104,64.537,4.2844,4.9778,,11.0611,1.4915,38.026,43.1829,,1.1324,21.4541
2025-04-16,1.0,,1.7816,1.9558,6.6671,1.5807,0.926,8.2961,24.995,7.4672,,0.85618,8.8124,,407.73,19074.81,4.1824,97.2595,145.3,162.09,1610.21,,,22.7237,5.0081,12.0725,1.92,64.421,4.2933,4.9778,,11.155,1.4926,37.716,43.2901,,1.1355,21.4054
2025-04-17,1.0,,1.7845,1.9558,6.681,1.5773,0.9291,8.29,25.009,7.4672,,0.85873,8.8195,,407.6,19162.33,4.1852,97.0185,145.1,161.98,1609.12,,,22.6247,5.0069,11.9655,1.9118,64.387,4.2743,4.9776,,11.0278,1.4905,37.8,43.2604,,1.136,21.3927
2025-04-22,1.0,,1.7945,1.9558,6.6516,1.5891,0.9318,8.3929,25.081,7.4656,,0.85858,8.9027,,409.38,19328.11,4.2682,97.785,144.9,161.05,1635.54,,,22.559,5.0397,11.8885,1.9141,64.963,4.28,4.9773,,10.9153,1.5011,38.14,43.9069,,1.1476,21.3719
2025-04-23,1.0,,1.7814,1.9558,6.5127,1.5789,0.9382,8.3199,25.015,7.4658,,0.85793,8.8567,,409.03,19263.67,4.1849,97.4838,144.9,161.68,1623.36,,,22.3248,5.0123,11.891,1.9063,64.56,4.2915,4.9772,,10.9395,1.4961,38.086,43.7076,,1.1415,21.2326
2025-04-24,1.0,,1.7823,1.9558,6.4678,1.5769,0.9392,8.2925,24.977,7.4655,,0.855,8.826,,407.3,19170.72,4.1477,97.0793,144.9,162.16,1632.79,,,22.2856,4.9747,11.8285,1.9026,64.222,4.2748,4.9769,,10.911,1.4924,38.041,43.584,,1.1376,21.2838
2025-04-25,1.0,,1.7797,1.9558,6.4566,1.5754,0.9421,8.2773,24.929,7.4656,,0.8531,8.8089,,406.53,19140.75,4.1124,97.0205,144.9,162.8,1634.83,,,22.2874,4.9676,11.8415,1.9063,63.918,4.2683,4.9776,,11.0015,1.493,38.091,43.6289,,1.1357,21.3608
2025-04-28,1.0,,1.7759,1.9558,6.4691,1.5744,0.942,8.2891,24.969,7.4644,,0.8514,8.8105,,404.48,19095.01,4.1255,96.5725,145.5,162.8,1640.53,,,22.1708,4.9555,11.8615,1.9094,64.013,4.2755,4.9779,,10.997,1.4923,38.152,43.6646,,1.1358,21.1585
2025-04-29,1.0,,1.7754,1.9558,6.4326,1.5746,0.9392,8.2715,24.922,7.4636,,0.8498,8.8237,,404.04,19059.27,4.1189,96.8227,146.1,162.28,1632.79,,,22.2948,4.9217,11.8045,1.9106,63.802,4.2708,4.9777,,10.962,1.4894,38.031,43.7159,,1.1373,21.0942
2025-04-30,1.0,,1.7798,1.9558,6.3839,1.5728,0.9389,8.2635,24.92,7.4636,,0.8518,8.8214,,404.08,18901.98,4.1231,96.136,145.9,162.68,1618.39,,,22.202,4.9074,11.809,1.9219,63.538,4.2753,4.9782,,10.9715,1.4859,38.009,43.7574,,1.1373,21.1095
2025-05-02,1.0,,1.762,1.9558,6.4264,1.5675,0.9343,8.2479,24.922,7.4619,,0.8533,8.7908,,404.03,18652.09,4.0901,95.6221,146.3,163.93,1585.45,,,22.3319,4.8338,11.7585,1.9078,63.009,4.275,4.9782,,10.9375,1.4694,37.472,43.7476,,1.1343,20.8458
2025-05-05,1.0,,1.7492,1.9558,6.4019,1.566,0.9336,8.2479,24.905,7.4622,,0.8515,8.7909,,404.43,18640.97,4.0988,95.6155,146.7,163.19,1555.49,,,22.2177,4.7641,11.7885,1.8948,63.114,4.2733,4.9785,,10.9355,1.4619,37.33,43.7662,,1.1343,20.7679
2025-05-06,1.0,,1.7522,1.9558,6.4538,1.5629,0.9346,8.1735,24.96,7.4613,,0.8469,8.7769,,405.15,18592.54,4.0984,95.5585,146.7,161.64,1564.07,,,22.3265,4.7933,11.7015,1.8925,63.034,4.2748,5.088,,10.88,1.46,36.959,43.7156,,1.1325,20.6847
2025-05-07,1.0,,1.7553,1.9558,6.4763,1.5673,0.9359,8.2079,24.924,7.4615,,0.8511,8.8139,,404.08,18762.86,4.0717,96.2925,146.3,162.89,1580.35,,,22.3014,4.8155,11.6715,1.8979,62.889,4.2753,5.109,,10.903,1.467,37.147,43.8992,,1.136,20.7755
2025-05-08,1.0,,1.7605,1.9558,6.4915,1.5694,0.9325,8.1764,24.924,7.4603,,0.8476,8.7796,,405.43,18641.58,4.0428,96.592,146.5,163.45,1580.13,,,22.1113,4.8362,11.688,1.9065,62.902,4.27,5.1188,,10.903,1.4645,37.071,43.6443,,1.1297,20.504
2025-05-09,1.0,,1.7572,1.9558,6.3647,1.5658,0.9353,8.147,24.946,7.4604,,0.8477,8.7519,,404.9,18606.59,3.9928,96.0755,146.9,163.36,1575.72,,,21.9473,4.835,11.6725,1.9095,62.413,4.2393,5.1181,,10.92,1.46,37.132,43.5999,,1.1252,20.4835
2025-05-12,1.0,,1.7384,1.9558,6.3002,1.5531,0.9369,7.9999,24.98,7.4593,,0.8429,8.6534,,406.13,18501.71,3.9413,94.242,146.5,164.46,1576.03,,,21.7015,4.7722,11.596,1.8902,61.885,4.2403,5.1021,,10.8845,1.4507,37.188,43.0602,,1.1106,20.3368
2025-05-13,1.0,,1.7341,1.9558,6.295,1.5552,0.9358,8.0021,24.948,7.4595,,0.8406,8.6621,,404.83,18513.04,3.9748,94.829,146.7,164.61,1582.85,,,21.7534,4.8032,11.5733,1.8858,62.016,4.2518,5.103,,10.8255,1.4501,36.942,43.0898,,1.1112,20.427
2025-05-14,1.0,,1.734,1.9558,6.2927,1.5632,0.939,8.0794,24.928,7.4592,,0.8415,8.7519,,404.2,18542.91,3.9816,95.7558,145.1,164.01,1567.22,,,21.7282,4.8108,11.5715,1.8869,62.64,4.2425,5.1043,,10.854,1.4563,37.315,43.4551,,1.1214,20.4644
2025-05-15,1.0,,1.7457,1.9558,6.2954,1.5645,0.9377,8.0661,24.922,7.4601,,0.8424,8.7325,,403.38,18483.55,3.9607,95.647,144.7,163.3,1563.75,,,21.636,4.7905,11.65,1.9037,62.433,4.2423,5.1051,,10.8875,1.4528,37.263,43.2788,,1.1185,20.2209
2025-05-16,1.0,,1.7458,1.9558,6.365,1.564,0.9381,8.0659,24.936,7.4602,,0.8427,8.7478,,403.05,18427.62,3.9758,95.82,145.9,163.05,1563.17,,,21.8169,4.8095,11.635,1.8987,62.362,4.26,5.1041,,10.9327,1.4539,37.377,43.4722,,1.1194,20.2668
2025-05-19,1.0,,1.7471,1.9558,6.3853,1.5707,0.9394,8.1225,24.907,7.4608,,0.8419,8.8062,,402.35,18531.73,3.9995,96.2175,145.9,163.26,1564.04,,,21.9137,4.8325,11.5955,1.9048,62.727,4.2688,5.0413,,10.9015,1.4577,37.227,43.7446,,1.1262,20.3248
2025-05-20,1.0,,1.7538,1.9558,6.3444,1.5683,0.9366,8.1154,24.92,7.4595,,0.8418,8.7968,,402.65,18461.54,3.967,96.184,145.9,162.59,1567.69,,,21.6729,4.8325,11.5955,1.9035,62.674,4.2488,5.0733,,10.8835,1.4568,37.163,43.6708,,1.1241,20.2073
2025-05-21,1.0,,1.7569,1.9558,6.419,1.5721,0.9352,8.155,24.867,7.4592,,0.8446,8.8655,,402.05,18486.8,4.022,96.8675,144.6,162.76,1556.99,,,21.8591,4.8341,11.484,1.9067,62.988,4.242,5.0709,,10.8445,1.4603,37.122,43.9528,,1.1321,20.2806
2025-05-22,1.0,,1.7608,1.9558,6.4025,1.568,0.9343,8.1477,24.942,7.4602,,0.8427,8.8496,,403.73,18472.97,4.0656,97.2295,144.6,162.19,1562.67,,,21.9464,4.8346,11.5155,1.9147,62.948,4.246,5.0581,,10.8485,1.4601,37.105,44.006,,1.1309,20.3859
2025-05-23,1.0,,1.7569,1.9558,6.4721,1.563,0.9299,8.1197,24.915,7.4594,,0.8382,8.8508,,403.55,18382.88,4.0931,96.552,145.0,161.13,1555.77,,,21.854,4.7815,11.522,1.9012,62.531,4.2603,5.0517,,10.8348,1.4555,36.779,44.108,,1.1301,20.3253
2025-05-26,1.0,,1.7488,1.9558,6.429,1.5614,0.9356,8.1795,24.864,7.4591,,0.8392,8.9184,,403.63,18496.57,4.0635,96.839,144.6,162.63,1558.61,,,21.8434,4.8016,11.484,1.8926,63.089,4.2445,5.0624,,10.8335,1.461,37.091,44.2744,,1.1381,20.313
2025-05-27,1.0,,1.7624,1.9558,6.4331,1.5642,0.9386,8.1709,24.907,7.4591,,0.8381,8.9009,,404.28,18490.41,4.0193,96.9785,144.0,163.72,1560.6,,,21.8643,4.8138,11.506,1.9078,63.067,4.2475,5.0608,,10.8785,1.4623,37.225,44.2872,,1.1356,20.344
2025-05-28,1.0,,1.758,1.9558,6.3982,1.5649,0.9364,8.1402,24.922,7.4588,,0.8398,8.8704,,402.93,18469.29,4.0039,96.6375,144.0,163.43,1554.23,,,21.8363,4.7814,11.4945,1.8974,62.805,4.2415,5.0511,,10.8735,1.4587,36.967,44.2145,,1.1317,20.2713
2025-05-29,1.0,,1.7513,1.9558,6.4136,1.5594,0.9339,8.1093,24.923,7.4593,,0.8377,8.8426,,404.33,18386.06,3.9571,96.4173,144.2,163.47,1550.97,,,21.8855,4.7877,11.488,1.8901,62.838,4.236,5.0599,,10.8695,1.4547,36.895,44.125,,1.1281,20.1379
2025-05-30,1.0,,1.7647,1.9558,6.4405,1.5656,0.9341,8.1576,24.918,7.4587,,0.8412,8.8926,,403.6,18519.93,3.9761,97.0248,144.2,162.96,1563.09,,,21.8766,4.8264,11.5408,1.9017,63.209,4.2498,5.0612,,10.8735,1.4633,37.243,44.4954,,1.1339,20.2939
2025-06-02,1.0,,1.7606,1.9558,6.5015,1.5643,0.9336,8.2214,24.899,7.4606,,0.8434,8.9576,,402.83,18584.37,4.0134,97.4995,144.4,162.98,1572.2,,,22.0066,4.8605,11.51,1.8972,63.553,4.2578,5.0547,,10.8535,1.4686,37.163,44.7505,,1.1419,20.4734
2025-06-03,1.0,,1.764,1.9558,6.4638,1.5643,0.9358,8.1841,24.896,7.4608,,0.8436,8.9315,,403.63,18580.53,4.0119,97.4915,144.6,163.0,1567.6,,,21.9076,4.8334,11.533,1.8997,63.402,4.2798,5.0588,,10.9245,1.4674,37.118,44.5535,,1.1386,20.3913
2025-06-04,1.0,,1.7552,1.9558,6.4002,1.5601,0.937,8.1835,24.808,7.4599,,0.8421,8.9327,,403.45,18571.8,3.9882,97.779,144.6,164.15,1555.42,,,21.8646,4.8348,11.5185,1.8926,63.499,4.283,5.053,,10.9475,1.4678,37.243,44.534,,1.1384,20.3178
2025-06-05,1.0,,1.755,1.9558,6.4325,1.5603,0.9365,8.2008,24.812,7.4595,,0.8419,8.9635,,403.65,18568.54,3.9835,98.04,144.4,163.66,1550.55,,,21.957,4.8319,11.5265,1.8889,63.515,4.284,5.0505,,10.943,1.4676,37.142,44.933,,1.1423,20.2755
2025-06-06,1.0,,1.7592,1.9558,6.3685,1.563,0.9383,8.1955,24.757,7.4595,,0.8426,8.954,,403.15,18615.62,3.9885,97.836,144.2,164.62,1551.09,,,21.8225,4.8274,11.524,1.8936,63.631,4.287,5.0452,,10.959,1.4683,37.211,44.7723,,1.1411,20.2736
2025-06-09,1.0,,1.7514,1.9558,6.3404,1.5615,0.9369,8.1943,24.793,7.4603,,0.8424,8.9547,,401.7,18585.75,3.9761,97.744,144.0,164.88,1547.7,,,21.7507,4.8287,11.509,1.8874,63.688,4.27,5.0405,,10.97,1.4676,37.316,44.7585,,1.141,20.241
2025-06-10,1.0,,1.7529,1.9558,6.3549,1.5647,0.9389,8.2115,24.771,7.4596,,0.8464,8.97,,400.9,18589.44,3.9973,97.8069,143.8,165.23,1561.83,,,21.7568,4.8408,11.5073,1.8883,63.819,4.2533,5.0353,,10.946,1.4695,37.304,44.8327,,1.1429,20.1984
2025-06-11,1.0,,1.7578,1.9558,6.3772,1.5647,0.9405,8.2172,24.784,7.4591,,0.8476,8.974,,400.38,18615.32,4.0022,97.796,143.6,166.17,1572.7,,,21.7313,4.8447,11.566,1.8973,63.865,4.2605,5.0273,,10.9845,1.4714,37.369,44.8064,,1.1433,20.308
2025-06-12,1.0,,1.7799,1.9558,6.4188,1.5807,0.9427,8.3201,24.787,7.4595,,0.8538,9.1004,,400.75,18806.92,4.1282,99.1718,143.8,166.64,1569.57,,,21.9082,4.8938,11.574,1.916,64.609,4.269,5.028,,10.9355,1.4828,37.565,45.5951,,1.1594,20.6489
2025-06-13,1.0,,1.7777,1.9558,6.4007,1.569,0.9359,8.2682,24.831,7.4586,,0.8505,9.0362,,403.43,18783.67,4.1422,99.11,144.2,165.94,1577.42,,,21.8807,4.8874,11.4435,1.9167,64.706,4.2745,5.033,,10.9635,1.4777,37.351,45.3974,,1.1512,20.736
2025-06-16,1.0,,1.7732,1.9558,6.4033,1.5701,0.9393,8.3102,24.782,7.4581,,0.8523,9.0853,,401.53,18851.21,4.0759,99.5785,143.8,166.89,1573.46,,,21.886,4.908,11.467,1.9113,65.215,4.2643,5.025,,10.9615,1.4816,37.598,45.5968,,1.1574,20.5796
2025-06-17,1.0,,1.7693,1.9558,6.347,1.5688,0.9406,8.3091,24.8,7.4585,,0.8525,9.0805,,402.83,18852.43,4.0509,99.777,143.6,167.35,1579.42,,,21.8965,4.9112,11.4175,1.904,65.143,4.2778,5.028,,10.948,1.4817,37.613,45.5611,,1.1568,20.6113
2025-06-18,1.0,,1.7703,1.9558,6.3065,1.5714,0.9403,8.2723,24.805,7.4585,,0.8552,9.0337,,403.38,18828.24,4.0233,99.456,143.6,166.67,1583.1,,,21.8075,4.8915,11.4435,1.9096,65.855,4.2733,5.0302,,11.027,1.4787,37.545,45.5019,,1.1508,20.8021
2025-06-19,1.0,,1.7744,1.9558,6.3032,1.5735,0.9389,8.2496,24.82,7.4593,,0.8541,9.0101,,403.38,18805.44,3.9975,99.5585,143.0,167.2,1584.1,,,21.8938,4.8896,11.5315,1.9192,65.862,4.2773,5.0304,,11.067,1.4787,37.631,45.4054,,1.1478,20.7627
2025-06-20,1.0,,1.7754,1.9558,6.3145,1.5793,0.9415,8.2643,24.83,7.4597,,0.8537,9.0391,,402.6,18889.21,4.0025,99.7375,143.0,167.67,1573.8,,,21.924,4.8968,11.598,1.9229,65.831,4.2656,5.0303,,11.125,1.4797,37.758,45.6904,,1.1515,20.715
2025-06-23,1.0,,1.7963,1.9558,6.3581,1.5818,0.9387,8.2442,24.862,7.4595,,0.8567,9.0055,,404.23,18931.44,3.9861,99.535,143.0,169.27,1592.49,,,22.0862,4.9272,11.6635,1.9454,66.095,4.2755,5.0451,,11.1635,1.4829,37.812,45.578,,1.1472,20.7729
2025-06-24,1.0,,1.7834,1.9558,6.3613,1.5915,0.9387,8.3262,24.794,7.4597,,0.8527,9.1114,,402.13,18947.15,3.9456,99.8517,142.2,168.27,1578.75,,,22.0972,4.926,11.713,1.9244,66.288,4.2538,5.0487,,11.063,1.4855,37.926,46.0086,,1.1607,20.5836
2025-06-25,1.0,,1.7854,1.9558,6.417,1.5928,0.9361,8.321,24.78,7.4604,,0.8526,9.1044,,401.18,18914.13,3.9497,99.859,142.2,169.07,1581.45,,,22.0357,4.9158,11.782,1.9272,65.794,4.2478,5.0582,,11.06,1.4853,37.85,46.0876,,1.1598,20.6388
2025-06-26,1.0,,1.7906,1.9558,6.497,1.6008,0.9379,8.3862,24.785,7.4604,,0.8535,9.1803,,399.9,18989.64,3.9665,100.276,142.2,168.92,1587.13,,,22.0696,4.9458,11.8125,1.9332,66.189,4.2468,5.0718,,11.091,1.4918,38.02,46.5165,,1.1695,20.8169
2025-06-27,1.0,,1.7912,1.9558,6.4119,1.5977,0.9359,8.3939,24.748,7.4613,,0.8529,9.1876,,398.81,18975.99,3.9567,100.078,142.0,169.24,1592.7,,,22.0764,4.9496,11.792,1.9318,66.196,4.2378,5.0816,,11.1183,1.4933,38.184,46.6818,,1.1704,20.8363
2025-06-30,1.0,,1.7948,1.9558,6.4384,1.6027,0.9347,8.397,24.746,7.4609,,0.8555,9.2001,,399.8,19021.03,3.9492,100.5605,142.2,169.17,1588.21,,,22.0899,4.9365,11.8345,1.9334,66.161,4.2423,5.0785,,11.1465,1.4941,38.125,46.5682,,1.172,20.8411
2025-07-01,1.0,,1.7935,1.9558,6.4115,1.6076,0.9324,8.4584,24.68,7.4607,,0.8588,9.2709,,399.18,19135.74,3.9813,101.0525,142.2,168.7,1598.18,,,22.0635,4.9572,11.8445,1.9324,66.525,4.2443,5.0738,,11.159,1.5009,38.241,47.0684,,1.181,20.7666
2025-07-02,1.0,,1.7934,1.9558,6.4355,1.6041,0.933,8.4275,24.663,7.4611,,0.8605,9.2274,,399.0,19089.0,3.9667,100.7005,143.0,169.45,1598.57,,,22.0357,4.9712,11.878,1.9402,66.262,4.2493,5.0641,,11.2005,1.4982,38.133,46.7461,,1.1755,20.7569
2025-07-03,1.0,,1.7928,1.9558,6.3992,1.601,0.9351,8.4377,24.646,7.4615,,0.8629,9.2488,,399.58,19111.35,3.9562,100.5915,142.4,169.58,1604.8,,,22.1402,4.9755,11.875,1.942,66.374,4.2485,5.0604,,11.2515,1.5003,38.162,46.9614,,1.1782,20.6505
2025-07-04,1.0,,1.7948,1.9558,6.3733,1.5995,0.9346,8.4285,24.655,7.4617,,0.8625,9.2367,,398.48,19055.6,3.9425,100.498,142.4,169.92,1604.3,,,21.9344,4.9669,11.847,1.9413,66.542,4.2458,5.0579,,11.2505,1.4992,38.054,46.8944,,1.1767,20.7358
2025-07-07,1.0,,1.8043,1.9558,6.3827,1.6016,0.9354,8.4128,24.625,7.4604,,0.8611,9.2062,,399.7,19060.17,3.912,100.7765,142.4,170.71,1603.56,,,21.9707,4.9668,11.8755,1.9552,66.449,4.2493,5.0655,,11.1645,1.4998,38.216,46.9115,,1.1728,20.8187
2025-07-08,1.0,,1.7925,1.9558,6.4029,1.6006,0.9351,8.4066,24.648,7.4609,,0.8632,9.1986,,399.45,19068.41,3.931,100.3895,142.6,171.7,1605.91,,,21.8547,4.9696,11.8295,1.9499,66.197,4.2438,5.0688,,11.1695,1.4991,38.125,46.8994,,1.1718,20.8398
2025-07-09,1.0,,1.7938,1.9558,6.3894,1.603,0.9325,8.3993,24.629,7.4612,,0.8613,9.1829,,400.15,19022.64,3.8953,100.27,143.6,171.63,1610.58,,,21.7536,4.9722,11.83,1.9544,66.177,4.2395,5.0772,,11.1645,1.4989,38.282,46.8489,,1.1698,20.8686
2025-07-10,1.0,,1.7873,1.9558,6.569,1.6028,0.932,8.401,24.639,7.4611,,0.8627,9.1915,,398.93,19012.2,3.8715,100.4195,143.0,171.33,1607.94,,,21.842,4.9734,11.803,1.9476,66.196,4.2475,5.0775,,11.152,1.4989,38.189,46.8571,,1.1709,20.8105
2025-07-11,1.0,,1.7777,1.9558,6.5021,1.6007,0.931,8.3741,24.667,7.4615,,0.8657,9.1711,,400.03,18945.5,3.8958,100.266,142.6,171.81,1606.41,,,21.8904,4.9682,11.8305,1.9447,65.993,4.2575,5.0786,,11.148,1.4961,37.923,46.9356,,1.1683,20.9845
2025-07-14,1.0,,1.7806,1.9558,6.5013,1.5984,0.9307,8.3785,24.648,7.4629,,0.8667,9.1766,,400.1,19025.18,3.9301,100.536,142.4,172.27,1613.98,,,21.8404,4.9712,11.803,1.9517,66.25,4.2585,5.0793,,11.205,1.4973,37.905,47.0195,,1.169,20.8891
2025-07-15,1.0,,1.7785,1.9558,6.5327,1.5973,0.9299,8.3673,24.67,7.4636,,0.8679,9.157,,400.48,18970.73,3.9036,100.1605,142.4,172.58,1611.01,,,21.8193,4.9483,11.8715,1.9474,66.135,4.255,5.0789,,11.27,1.4955,37.882,46.9114,,1.1665,20.7782
2025-07-16,1.0,,1.7794,1.9558,6.4549,1.5924,0.9326,8.3309,24.647,7.4633,,0.8659,9.1075,,399.9,18906.74,3.8961,99.7735,142.2,172.56,1614.05,,,21.8247,4.925,11.946,1.9527,66.243,4.2593,5.073,,11.3195,1.491,37.753,46.7071,,1.1602,20.7818
2025-07-17,1.0,,1.7923,1.9558,6.4624,1.5937,0.9323,8.3157,24.639,7.4628,,0.8644,9.0883,,399.15,18931.49,3.8901,99.6725,141.8,172.28,1614.66,,,21.7782,4.917,11.9675,1.9587,66.312,4.2544,5.0734,,11.311,1.4904,37.678,46.6446,,1.1579,20.7253
2025-07-18,1.0,,1.7852,1.9558,6.4699,1.5984,0.9324,8.3623,24.623,7.4636,,0.8656,9.1439,,399.06,18995.56,3.9119,100.351,142.0,172.94,1619.52,,,21.8089,4.9425,11.8335,1.9493,66.431,4.2493,5.0728,,11.2505,1.4943,37.688,46.9874,,1.165,20.6351
2025-07-21,1.0,,1.7883,1.9558,6.5189,1.599,0.9325,8.3726,24.618,7.4647,,0.8656,9.1582,,398.95,19034.48,3.9136,100.666,142.4,172.02,1614.64,,,21.778,4.9416,11.866,1.9536,66.68,4.2425,5.0697,,11.212,1.4945,37.702,47.0858,,1.1667,20.6669
2025-07-22,1.0,,1.7944,1.9558,6.5193,1.5993,0.9326,8.394,24.619,7.465,,0.8675,9.1837,,399.2,19087.5,3.92,101.1091,142.4,172.17,1621.6,,,21.8257,4.9504,11.8845,1.9629,66.638,4.2565,5.0699,,11.211,1.4991,37.712,47.2937,,1.1699,20.5644
2025-07-23,1.0,,1.7776,1.9558,6.5298,1.5928,0.9306,8.3961,24.616,7.4643,,0.8665,9.2049,,399.13,19107.99,3.9094,101.3375,142.2,171.53,1612.26,,,21.879,4.9572,11.8415,1.9409,66.598,4.2545,5.069,,11.164,1.4977,37.705,47.4369,,1.1726,20.5925
2025-07-24,1.0,,1.7771,1.9558,6.4923,1.6009,0.9341,8.4142,24.553,7.4643,,0.8675,9.2283,,397.95,19154.81,3.9256,101.563,142.0,172.22,1610.08,,,21.8211,4.9557,11.8765,1.9427,66.61,4.2553,5.071,,11.185,1.5011,37.937,47.5853,,1.1756,20.6866
2025-07-25,1.0,,1.7852,1.9558,6.4757,1.6035,0.9343,8.4046,24.539,7.4644,,0.8715,9.2027,,396.9,19153.97,3.9346,101.424,142.2,173.11,1619.4,,,21.7647,4.9493,11.8995,1.9496,66.972,4.2543,5.0707,,11.1665,1.502,37.951,47.5454,,1.1724,20.7906
2025-07-28,1.0,,1.7853,1.9558,6.5018,1.5992,0.9334,8.3605,24.6,7.4631,,0.8679,9.1483,,397.35,19085.29,3.9095,101.0355,142.2,172.65,1614.6,,,21.7137,4.9308,11.8625,1.9487,66.684,4.2595,5.0701,,11.1545,1.4967,37.753,47.2443,,1.1654,20.8002
2025-07-29,1.0,,1.7753,1.9558,6.451,1.5887,0.9305,8.2778,24.609,7.4614,,0.865,9.0533,,399.9,18928.19,3.8867,100.163,142.2,171.58,1607.8,,,21.6946,4.8836,11.8165,1.9398,66.149,4.2805,5.0768,,11.156,1.4862,37.453,46.7946,,1.1533,20.719
2025-07-30,1.0,,1.7775,1.9558,6.4402,1.59,0.9301,8.2783,24.562,7.4618,,0.8622,9.0486,,398.85,18917.48,3.8811,100.848,142.2,170.96,1595.6,,,21.6193,4.8874,11.7795,1.9391,66.347,4.2675,5.0731,,11.1435,1.4865,37.457,46.7776,,1.1527,20.5966
2025-07-31,1.0,,1.7762,1.9558,6.3899,1.5838,0.9297,8.235,24.571,7.4626,,0.8649,8.9851,,400.0,18882.87,3.8758,100.295,142.2,171.52,1596.29,,,21.5455,4.8817,11.774,1.9375,66.77,4.2728,5.0757,,11.1575,1.4845,37.4,46.4644,,1.1446,20.739
2025-08-01,1.0,,1.7756,1.9558,6.4129,1.5822,0.9312,8.2243,24.588,7.4629,,0.8665,8.9521,,400.15,18839.07,3.9053,99.79,143.0,171.61,1601.83,,,21.6158,4.8781,11.8128,1.9456,66.317,4.2755,5.075,,11.1965,1.4811,37.462,46.3784,,1.1404,20.8958
2025-08-04,1.0,,1.7846,1.9558,6.4024,1.5934,0.9344,8.2993,24.582,7.4628,,0.8704,9.0785,,398.25,18935.32,3.9428,101.3745,143.0,170.45,1600.27,,,21.797,4.9007,11.8745,1.9544,66.325,4.2758,5.0737,,11.1825,1.4889,37.482,47.0424,,1.1565,20.8422
2025-08-05,1.0,,1.786,1.9558,6.375,1.5928,0.9347,8.2986,24.61,7.4632,,0.8693,9.0633,,399.03,18912.29,3.983,101.3495,142.6,170.42,1606.19,,,21.8147,4.8811,11.857,1.9584,66.579,4.2765,5.0748,,11.173,1.4875,37.449,46.9509,,1.1546,20.8098
2025-08-06,1.0,,1.7844,1.9558,6.3895,1.5967,0.9369,8.3383,24.566,7.4623,,0.8717,9.109,,398.28,18981.71,4.0044,101.7935,142.8,171.22,1611.01,,,21.7397,4.9085,11.8515,1.9567,66.706,4.278,5.0758,,11.1955,1.4928,37.574,47.1819,,1.1604,20.6708
2025-08-07,1.0,,1.7852,1.9558,6.3583,1.6001,0.9413,8.3587,24.523,7.4643,,0.8673,9.1393,,396.67,18989.44,3.9736,101.8715,142.8,171.6,1610.96,,,21.6964,4.9296,11.8903,1.956,66.598,4.2593,5.0732,,11.1945,1.4952,37.648,47.319,,1.1643,20.6372
2025-08-08,1.0,,1.7857,1.9558,6.3227,1.6003,0.941,8.3677,24.446,7.4633,,0.8671,9.1436,,395.88,18940.58,4.0029,102.0605,143.0,172.18,1619.93,,,21.6653,4.9388,11.954,1.9562,66.291,4.251,5.0724,,11.178,1.4969,37.705,47.3965,,1.1648,20.6285
2025-08-11,1.0,,1.7858,1.9558,6.3297,1.602,0.943,8.35,24.483,7.4631,,0.8656,9.1232,,395.73,18955.37,3.9725,101.9695,143.0,171.86,1617.61,,,21.6389,4.9202,11.905,1.9597,66.308,4.2535,5.064,,11.182,1.4951,37.684,47.306,,1.1622,20.6483
2025-08-12,1.0,,1.7887,1.9558,6.3116,1.6015,0.9418,8.3416,24.469,7.4633,,0.8621,9.1107,,395.95,18931.13,3.9839,101.7913,143.0,172.3,1613.43,,,21.6733,4.9105,11.8938,1.9605,66.257,4.2603,5.0649,,11.192,1.4931,37.679,47.2839,,1.1606,20.5601
2025-08-13,1.0,,1.7872,1.9558,6.3128,1.6114,0.9409,8.402,24.471,7.4626,,0.8631,9.1931,,395.65,18888.38,3.9699,102.4105,143.2,172.47,1614.2,,,21.7134,4.9274,11.944,1.9569,66.34,4.26,5.0631,,11.1575,1.499,37.815,47.7158,,1.1711,20.5126
2025-08-14,1.0,,1.7918,1.9558,6.31,1.6113,0.9415,8.3824,24.47,7.4633,,0.861,9.1677,,394.98,18826.04,3.9509,102.371,143.2,171.3,1620.32,,,21.8417,4.9244,11.9215,1.9649,66.504,4.2605,5.0636,,11.182,1.4975,37.858,47.6805,,1.169,20.5484
2025-08-15,1.0,,1.7947,1.9558,6.3127,1.612,0.9418,8.3909,24.482,7.4636,,0.8622,9.1401,,394.98,18914.92,3.9445,102.225,143.2,171.81,1623.42,,,21.9115,4.9242,11.896,1.9717,66.743,4.2588,5.0627,,11.1775,1.4988,37.904,47.7995,,1.1688,20.5545
2025-08-18,1.0,,1.7931,1.9558,6.3128,1.6098,0.9423,8.3798,24.471,7.4639,,0.8621,9.1256,,395.55,18934.19,3.9582,101.9985,143.0,172.27,1618.17,,,21.9597,4.9289,11.884,1.9665,66.522,4.25,5.0599,,11.157,1.4972,37.908,47.7015,,1.1673,20.5604
2025-08-19,1.0,,1.7994,1.9558,6.3563,1.6133,0.9409,8.3866,24.457,7.4646,,0.864,9.1137,,393.7,18989.62,3.9493,101.7358,143.4,172.67,1622.4,,,21.9599,4.9339,11.928,1.9713,66.76,4.2448,5.0579,,11.158,1.4989,37.972,47.732,,1.1682,20.5788
2025-08-20,1.0,,1.8094,1.9558,6.3888,1.6156,0.9403,8.3609,24.491,7.4649,,0.8645,9.1038,,394.5,18969.63,3.9629,101.4305,143.4,171.77,1629.72,,,21.8735,4.9237,11.9505,1.9983,66.44,4.2483,5.0585,,11.177,1.4974,37.924,47.6535,,1.1651,20.6249
2025-08-21,1.0,,1.8118,1.9558,6.3851,1.6164,0.9389,8.3547,24.53,7.4641,,0.8654,9.0943,,395.75,18991.18,3.9801,101.566,143.4,172.09,1627.94,,,21.832,4.9169,11.8505,1.9986,66.451,4.2518,5.0554,,11.164,1.4983,37.984,47.6441,,1.1639,20.604
2025-08-22,1.0,,1.8068,1.9558,6.3462,1.6151,0.9383,8.3333,24.565,7.4646,,0.8653,9.075,,395.83,19006.77,3.9458,101.613,143.4,172.6,1614.06,,,21.732,4.9073,11.8325,1.9978,66.091,4.2628,5.0533,,11.1775,1.4956,37.889,47.461,,1.1608,20.4635
2025-08-25,1.0,,1.8005,1.9558,6.3504,1.6171,0.9385,8.3709,24.544,7.464,,0.8659,9.1369,,397.4,19001.6,3.9545,102.4185,143.4,172.36,1622.7,,,21.8024,4.9215,11.8085,1.9928,66.273,4.2616,5.0539,,11.1345,1.5009,37.939,47.9475,,1.1697,20.5342
2025-08-26,1.0,,1.7956,1.9558,6.2992,1.6137,0.9376,8.3427,24.544,7.4643,,0.8642,9.0921,,396.88,19014.67,3.923,102.127,143.2,171.77,1625.27,,,21.7269,4.9136,11.836,1.9903,66.395,4.2608,5.0578,,11.1565,1.4977,37.824,47.8202,,1.1656,20.5608
2025-08-27,1.0,,1.7916,1.9558,6.3051,1.6056,0.935,8.3027,24.542,7.4647,,0.8626,9.0229,,396.85,19038.95,3.8757,101.739,143.0,171.63,1620.49,,,21.7128,4.9096,11.786,1.9894,66.375,4.2698,5.0666,,11.116,1.4943,37.648,47.5745,,1.1593,20.5917
2025-08-28,1.0,,1.788,1.9558,6.3147,1.6062,0.9353,8.3266,24.557,7.4648,,0.8637,9.1008,,396.63,19057.22,3.8855,102.2535,143.0,171.48,1618.06,,,21.7283,4.9238,11.748,1.9871,66.535,4.2618,5.0683,,11.0735,1.498,37.754,47.9206,,1.1676,20.5817
2025-08-29,1.0,,1.7865,1.9558,6.3253,1.6031,0.9364,8.3155,24.458,7.4642,,0.8668,9.0877,,396.9,19207.37,3.8953,102.8035,143.0,171.72,1622.26,,,21.7935,4.9255,11.7465,1.9811,66.687,4.2665,5.0728,,11.055,1.4987,37.76,47.9536,,1.1658,20.6758
2025-09-01,1.0,,1.7885,1.9558,6.3587,1.6105,0.9383,8.3581,24.433,7.4639,,0.8662,9.1339,,395.15,19249.27,3.928,103.3225,143.4,172.47,1632.32,,,21.8009,4.9496,11.7315,1.9863,66.985,4.2553,5.0737,,11.012,1.504,37.845,48.1658,,1.1715,20.5948
2025-09-02,1.0,,1.7897,1.9558,6.3757,1.6056,0.9366,8.3202,24.485,7.4632,,0.8702,9.0915,,395.58,19110.27,3.9478,102.5795,143.6,173.1,1625.01,,,21.8726,4.9263,11.674,1.9892,66.762,4.2653,5.0822,,11.003,1.5006,37.704,47.9289,,1.1646,20.6439
2025-09-03,1.0,,1.7823,1.9558,6.355,1.6079,0.9374,8.3268,24.446,7.4633,,0.8687,9.0909,,393.3,19170.53,3.9247,102.582,143.6,173.17,1619.1,,,21.7972,4.9263,11.7,1.9857,66.787,4.2523,5.0774,,11.0015,1.5015,37.668,47.9724,,1.1653,20.5442
2025-09-04,1.0,,1.787,1.9558,6.3585,1.6094,0.9383,8.3168,24.452,7.4644,,0.8663,9.0828,,393.15,19154.37,3.9174,102.6255,143.6,172.76,1622.79,,,21.8626,4.9209,11.753,1.9887,66.503,4.251,5.0768,,11.0185,1.5013,37.626,47.9563,,1.1647,20.722
2025-09-05,1.0,,1.787,1.9558,6.346,1.6138,0.939,8.3489,24.421,7.4648,,0.8678,9.1263,,392.75,19207.0,3.903,103.221,143.0,173.09,1626.8,,,21.8523,4.942,11.7505,1.9901,66.49,4.2505,5.0786,,11.001,1.5045,37.635,48.177,,1.1697,20.6644
2025-09-08,1.0,,1.7799,1.9558,6.34,1.619,0.9328,8.3619,24.366,7.466,,0.8669,9.1402,,393.58,19381.93,3.9019,103.2455,143.4,173.39,1627.71,,,21.8835,4.9463,11.7125,1.9761,66.555,4.2495,5.0721,,11.0005,1.5062,37.266,48.3955,,1.1728,20.6029
2025-09-09,1.0,,1.7771,1.9558,6.3665,1.622,0.9331,8.3635,24.326,7.4663,,0.8663,9.1458,,393.3,19287.41,3.9217,103.5465,143.4,172.36,1628.55,,,21.8728,4.9395,11.7105,1.9741,66.821,4.2558,5.0738,,11.0018,1.5049,37.217,48.4734,,1.1744,20.5339
2025-09-10,1.0,,1.772,1.9558,6.3582,1.6224,0.9338,8.3387,24.388,7.4651,,0.865,9.1189,,393.4,19301.04,3.9025,103.1625,143.0,172.67,1625.93,,,21.8069,4.9345,11.6195,1.9704,66.875,4.2645,5.0746,,10.951,1.5017,37.205,48.3323,,1.1707,20.57
2025-09-11,1.0,,1.7697,1.9558,6.3299,1.6222,0.9346,8.3252,24.385,7.464,,0.8647,9.1031,,392.63,19261.5,3.9035,103.331,142.8,172.88,1627.67,,,21.7808,4.9334,11.612,1.9713,66.812,4.2653,5.0709,,10.9515,1.5015,37.188,48.2522,,1.1685,20.5023
2025-09-12,1.0,,1.7646,1.9558,6.326,1.6227,0.9347,8.3461,24.318,7.4644,,0.8653,9.1198,,391.13,19262.58,3.9041,103.4388,143.6,173.33,1630.98,,,21.6643,4.9274,11.5845,1.9702,66.943,4.2575,5.0695,,10.9485,1.5042,37.199,48.4777,,1.1718,20.3726
2025-09-15,1.0,,1.7659,1.9558,6.2769,1.6262,0.9353,8.3795,24.327,7.4646,,0.8641,9.1524,,389.93,19318.24,3.932,103.7145,143.2,173.38,1633.1,,,21.6677,4.9476,11.5565,1.9723,67.272,4.2505,5.062,,10.9115,1.5069,37.486,48.5585,,1.1766,20.3814
2025-09-16,1.0,,1.7698,1.9558,6.2689,1.6233,0.9336,8.401,24.326,7.465,,0.8656,9.189,,389.78,19373.16,3.9471,103.9615,143.2,173.55,1631.64,,,21.6651,4.9648,11.59,1.9759,67.207,4.2513,5.0629,,10.9305,1.5089,37.446,48.7565,,1.1807,20.4949
2025-09-17,1.0,,1.7728,1.9558,6.2714,1.6281,0.9317,8.4092,24.324,7.4643,,0.8675,9.2045,,389.95,19487.31,3.9583,103.9895,142.8,173.28,1631.8,,,21.6532,4.9579,11.626,1.9786,67.3,4.2525,5.0668,,10.9635,1.5111,37.577,48.8791,,1.1837,20.5797
2025-09-18,1.0,,1.7781,1.9558,6.2316,1.6288,0.9331,8.3973,24.301,7.4647,,0.868,9.191,,388.58,19552.76,3.9458,104.1335,143.4,174.24,1638.56,,,21.5449,4.9588,11.587,2.0029,67.441,4.256,5.069,,10.998,1.5125,37.611,48.8098,,1.1818,20.5083
2025-09-19,1.0,,1.7802,1.9558,6.2567,1.6214,0.9344,8.351,24.292,7.4635,,0.8708,9.1256,,390.55,19541.55,3.9196,103.465,143.0,173.79,1640.88,,,21.6277,4.9373,11.6705,2.0029,67.032,4.263,5.075,,11.0705,1.5081,37.42,48.5812,,1.1736,20.4038
2025-09-22,1.0,,1.7865,1.9558,6.2943,1.6272,0.9348,8.3788,24.255,7.4635,,0.8729,9.1548,,389.1,19535.61,3.9499,103.998,142.8,174.17,1639.08,,,21.6687,4.951,11.7025,2.0104,67.024,4.259,5.0749,,11.0495,1.5113,37.434,48.7594,,1.1781,20.3855
2025-09-23,1.0,,1.7854,1.9558,6.2967,1.6307,0.9344,8.3869,24.242,7.4643,,0.8729,9.1696,,389.25,19639.89,3.9431,104.6918,142.6,174.3,1644.59,,,21.6265,4.9513,11.672,2.0113,67.526,4.2553,5.0772,,10.9887,1.5137,37.572,48.8372,,1.1793,20.4235
2025-09-24,1.0,,1.7791,1.9558,6.224,1.6302,0.9335,8.3786,24.29,7.4639,,0.8731,9.1422,,391.08,19630.64,3.9373,104.2845,142.4,174.51,1644.99,,,21.6342,4.9493,11.688,2.0139,67.568,4.2673,5.0759,,11.035,1.5128,37.649,48.7289,,1.1756,20.3339
2025-09-25,1.0,,1.7832,1.9558,6.2437,1.631,0.9344,8.363,24.289,7.464,,0.8748,9.1306,,390.73,19702.68,3.9265,104.1115,142.4,174.7,1648.07,,,21.6512,4.9427,11.689,2.02,68.299,4.2638,5.0767,,11.0485,1.5132,37.782,48.683,,1.1739,20.3646
2025-09-26,1.0,,1.7881,1.9558,6.2552,1.628,0.9332,8.3308,24.326,7.4638,,0.874,9.0819,,391.6,19502.8,3.9292,103.5495,142.0,174.79,1645.54,,,21.5753,4.9273,11.7105,2.0257,67.884,4.2705,5.0782,,11.037,1.5098,37.66,48.5202,,1.1672,20.368
2025-09-29,1.0,,1.7859,1.9558,6.2515,1.6333,0.9357,8.3482,24.302,7.4646,,0.8723,9.1208,,391.08,19543.18,3.8944,104.0423,142.0,174.38,1643.31,,,21.4979,4.9412,11.6775,2.027,68.199,4.2695,5.0783,,11.03,1.5128,37.789,48.7434,,1.1723,20.267
2025-09-30,1.0,,1.776,1.9558,6.2432,1.6346,0.9364,8.3591,24.335,7.4649,,0.8734,9.1359,,390.26,19578.94,3.8786,104.2548,142.4,173.76,1648.05,,,21.5314,4.9412,11.7265,2.0257,68.375,4.2698,5.0806,,11.0565,1.5145,38.088,48.8227,,1.1741,20.282
2025-10-01,1.0,,1.7741,1.9558,6.2264,1.6337,0.9365,8.347,24.275,7.4659,,0.8704,9.1235,,388.7,19499.36,3.8845,104.022,142.6,172.47,1647.52,,,21.4137,4.9329,11.658,2.0184,68.146,4.2583,5.0821,,11.0355,1.5114,37.968,48.7626,,1.1724,20.1455
2025-10-02,1.0,,1.7786,1.9558,6.2442,1.6387,0.935,8.3683,24.248,7.4668,,0.8721,9.1458,,388.75,19529.86,3.8951,104.2798,142.2,172.53,1647.21,,,21.5927,4.9431,11.675,2.0163,68.314,4.2565,5.082,,11.0025,1.5127,37.977,48.9077,,1.1754,20.1999
2025-10-03,1.0,,1.7771,1.9558,6.2672,1.6387,0.9343,8.3541,24.277,7.4667,,0.8726,9.1318,,388.88,19436.73,3.8828,104.183,142.2,172.9,1649.29,,,21.5994,4.9377,11.6745,2.0122,67.955,4.2555,5.0904,,11.003,1.5129,38.012,48.9128,,1.1734,20.249
2025-10-06,1.0,,1.7698,1.9558,6.2387,1.6304,0.9314,8.3142,24.308,7.4667,,0.8695,9.0896,,389.13,19403.46,3.8294,103.678,141.8,175.22,1649.2,,,21.5069,4.9223,11.621,2.006,68.115,4.2528,5.0885,,10.988,1.5104,37.866,48.6894,,1.1678,20.1428
2025-10-07,1.0,,1.7708,1.9558,6.216,1.628,0.9314,8.3057,24.318,7.4662,,0.8703,9.0799,,391.75,19331.38,3.8229,103.5425,141.6,176.05,1648.64,,,21.4265,4.9166,11.6025,2.0091,67.817,4.2535,5.0919,,10.9495,1.5085,37.929,48.6531,,1.1666,20.0635
2025-10-08,1.0,,1.7689,1.9558,6.2288,1.621,0.9305,8.2779,24.369,7.4667,,0.8671,9.0484,,392.4,19295.24,3.8174,103.1975,141.4,177.53,1656.07,,,21.3818,4.904,11.6125,2.013,67.458,4.2508,5.0958,,10.9635,1.5062,37.824,48.5016,,1.1627,19.983
2025-10-09,1.0,,1.76,1.9558,6.1877,1.6198,0.9309,8.2698,24.326,7.4668,,0.8683,9.0334,,390.98,19227.64,3.7684,103.1025,141.8,177.4,1647.8,,,21.2683,4.8952,11.624,2.0097,67.553,4.2548,5.0945,,10.987,1.5048,37.817,48.4464,,1.1611,19.8575
2025-10-10,1.0,,1.765,1.9558,6.2082,1.6218,0.9324,8.2397,24.299,7.4672,,0.8709,9.0022,,390.49,19190.91,3.7682,102.6203,141.6,176.46,1643.85,,,21.2565,4.8875,11.6775,2.011,67.419,4.2576,5.0928,,11.008,1.501,37.833,48.3836,,1.1568,19.9122
2025-10-13,1.0,,1.7775,1.9558,6.3344,1.6207,0.9304,8.2511,24.358,7.4681,,0.8677,8.9974,,392.68,19184.24,3.7995,102.606,141.6,175.98,1651.59,,,21.4137,4.891,11.679,2.022,67.435,4.2615,5.0876,,11.013,1.5025,37.651,48.3646,,1.1569,20.0875
2025-10-14,1.0,,1.7906,1.9558,6.3536,1.6249,0.9296,8.2488,24.324,7.4684,,0.8712,8.9823,,393.0,19212.35,3.8409,102.5828,141.4,175.72,1657.52,,,21.4926,4.8869,11.7725,2.0309,67.288,4.2625,5.0903,,11.038,1.5037,37.905,48.3242,,1.1553,20.1751
2025-10-15,1.0,,1.7839,1.9558,6.35,1.6323,0.9305,8.2823,24.28,7.4687,,0.8705,9.0342,,390.83,19295.48,3.8242,102.3415,141.6,176.13,1654.5,,,21.45,4.9184,11.7225,2.0309,67.58,4.256,5.089,,11.0195,1.5067,37.847,48.6274,,1.1622,20.1304
2025-10-16,1.0,,1.7926,1.9558,6.3464,1.637,0.9302,8.3009,24.294,7.4689,,0.8676,9.0545,,389.78,19345.49,3.846,102.4265,141.6,176.23,1651.69,,,21.475,4.9246,11.734,2.0309,67.642,4.2513,5.0876,,11.013,1.5099,37.906,48.7549,,1.1649,20.1723
2025-10-17,1.0,,1.7995,1.9558,6.3457,1.6393,0.9257,8.3196,24.308,7.469,,0.8695,9.0732,,389.73,19365.64,3.862,102.787,142.0,175.7,1659.38,,,21.5054,4.9364,11.7293,2.038,67.931,4.245,5.0887,,11.03,1.5125,38.273,49.001,,1.1681,20.2996
2025-10-20,1.0,,1.7965,1.9558,6.3012,1.6368,0.9239,8.3024,24.29,7.4684,,0.8691,9.0556,,389.55,19303.59,3.8595,102.4515,141.6,175.71,1659.14,,,21.4351,4.9254,11.7415,2.0349,67.798,4.2468,5.0885,,10.99,1.5088,38.106,48.9025,,1.1655,20.1876
2025-10-21,1.0,,1.7885,1.9558,6.2526,1.6301,0.923,8.2626,24.314,7.4691,,0.8678,9.0204,,389.63,19272.67,3.8174,102.1073,141.6,176.45,1660.38,,,21.4006,4.9086,11.6693,2.0287,67.761,4.2393,5.0838,,10.9345,1.5061,38.071,48.7114,,1.1607,20.1148
2025-10-22,1.0,,1.7864,1.9558,6.2411,1.6254,0.9228,8.2576,24.308,7.4694,,0.8689,9.0044,,389.39,19256.0,3.83,102.4452,141.8,175.92,1660.02,,,21.324,4.8813,11.643,2.0185,67.477,4.2312,5.0831,,10.916,1.5052,38.107,48.6754,,1.1587,20.2312
2025-10-23,1.0,,1.7825,1.9558,6.2434,1.6221,0.9249,8.2593,24.308,7.4694,,0.8691,9.0092,,389.99,19273.0,3.8361,101.8109,142.2,176.94,1669.89,,,21.354,4.9027,11.5829,2.0184,67.96,4.2327,5.0823,,10.9193,1.5066,38.029,48.7879,,1.1593,20.1115
2025-10-24,1.0,,1.7862,1.9558,6.257,1.6286,0.9248,8.2706,24.336,7.4698,,0.8726,9.0222,,389.55,19285.21,3.8195,101.958,142.4,177.55,1671.49,,,21.372,4.9037,11.6185,2.0214,68.083,4.2408,5.0834,,10.904,1.5089,38.035,48.7454,,1.1612,20.1215
2025-10-27,1.0,,1.7747,1.9558,6.2477,1.6276,0.9264,8.2731,24.323,7.4694,,0.8721,9.0414,,389.18,19343.82,3.7914,102.717,143.0,177.93,1667.22,,,21.409,4.9004,11.632,2.0186,68.542,4.235,5.084,,10.912,1.5088,38.034,48.7949,,1.164,20.0053
2025-10-28,1.0,,1.7745,1.9558,6.2534,1.6284,0.9262,8.2589,24.348,7.4693,,0.876,9.0365,,388.3,19323.59,3.7866,102.7108,143.0,177.11,1670.51,,,21.4507,4.8817,11.6335,2.0175,68.834,4.2375,5.0835,,10.921,1.5075,37.757,48.8034,,1.163,20.0624
2025-10-29,1.0,,1.7631,1.9558,6.222,1.6207,0.9278,8.2609,24.338,7.4684,,0.8807,9.0422,,388.23,19272.36,3.7712,102.666,143.3,177.07,1655.74,,,21.4634,4.8737,11.6385,2.0119,68.316,4.2418,5.0841,,10.896,1.5062,37.578,48.8076,,1.1636,19.9043
2025-10-30,1.0,,1.7672,1.9558,6.2288,1.6179,0.9281,8.217,24.378,7.4679,,0.8801,8.9724,,388.95,19249.0,3.7611,102.4688,144.0,178.37,1657.41,,,21.4824,4.851,11.6648,2.0164,68.081,4.245,5.0855,,10.94,1.5047,37.503,48.496,,1.155,20.0421
2025-10-31,1.0,,1.7672,1.9558,6.2171,1.6207,0.9287,8.222,24.327,7.4677,,0.8816,8.9787,,388.1,19251.16,3.7544,102.507,144.8,178.14,1650.07,,,21.4286,4.8388,11.6485,2.0212,67.835,4.256,5.0858,,10.925,1.5039,37.348,48.5832,,1.1554,20.0452
2025-11-03,1.0,,1.7597,1.9558,6.1704,1.617,0.9298,8.1987,24.339,7.4676,,0.8765,8.9501,,387.35,19240.24,3.7567,102.2145,145.8,177.57,1646.53,,,21.3102,4.8353,11.648,2.0156,67.758,4.254,5.0856,,10.935,1.5013,37.392,48.4143,,1.1514,19.9293
2025-11-04,1.0,,1.7691,1.9558,6.1873,1.6178,0.9295,8.1877,24.371,7.4658,,0.8795,8.9328,,388.36,19214.1,3.7544,101.9355,145.6,176.39,1653.78,,,21.3976,4.8233,11.7265,2.0299,67.352,4.257,5.0861,,10.9865,1.5012,37.386,48.3616,,1.1491,20.0745
2025-11-05,1.0,,1.7724,1.9558,6.2067,1.6238,0.9307,8.1905,24.365,7.4656,,0.881,8.9361,,387.03,19196.18,3.7567,101.867,147.0,176.67,1659.45,,,21.4323,4.8169,11.749,2.0349,67.572,4.2583,5.0853,,11.0175,1.5018,37.372,48.3717,,1.1492,20.0458
2025-11-06,1.0,,1.7697,1.9558,6.1567,1.6252,0.9316,8.2109,24.334,7.4673,,0.8807,8.967,,386.3,19233.76,3.7551,102.1525,146.2,177.15,1667.4,,,21.4201,4.8243,11.7265,2.0353,67.838,4.2528,5.085,,10.99,1.5041,37.309,48.5775,,1.1533,20.0037
2025-11-07,1.0,,1.7838,1.9558,6.2007,1.6311,0.9312,8.2324,24.333,7.4667,,0.8811,8.9908,,385.44,19303.86,3.7719,102.518,146.2,176.99,1687.49,,,21.459,4.8279,11.78,2.0569,68.379,4.248,5.0855,,11.046,1.5053,37.388,48.8007,,1.1561,20.056
2025-11-10,1.0,,1.771,1.9558,6.1488,1.6213,0.9318,8.2377,24.282,7.4672,,0.8778,8.9945,,383.58,19314.54,3.7406,102.611,146.4,178.31,1682.57,,,21.2938,4.8135,11.6885,2.0511,68.204,4.234,5.0852,,10.987,1.5074,37.415,48.8579,,1.1571,19.8864
2025-11-11,1.0,,1.7738,1.9558,6.1196,1.6234,0.9278,8.2397,24.288,7.4679,,0.8804,8.997,,385.66,19362.25,3.726,102.43,146.6,178.46,1695.85,,,21.2582,4.7909,11.6605,2.0478,68.255,4.23,5.084,,10.973,1.5067,37.538,48.8867,,1.1575,19.8699
2025-11-12,1.0,,1.7696,1.9558,6.0993,1.6216,0.925,8.2381,24.229,7.4671,,0.8823,8.9958,,385.05,19401.72,3.7008,102.5675,147.0,179.19,1696.9,,,21.1634,4.7884,11.6495,2.0432,68.476,4.228,5.0837,,10.9395,1.5081,37.57,48.9021,,1.1576,19.7327
2025-11-13,1.0,,1.7722,1.9558,6.1383,1.6272,0.9244,8.245,24.191,7.4677,,0.8819,9.0288,,384.0,19417.03,3.731,103.0475,147.0,179.57,1700.42,,,21.2252,4.7975,11.674,2.0507,68.418,4.228,5.0837,,10.9405,1.5109,37.541,49.0952,,1.1619,19.7556
2025-11-14,1.0,,1.7847,1.9558,6.1764,1.6331,0.9185,8.2655,24.198,7.4679,,0.8846,9.0517,,384.9,19455.36,3.7718,103.2865,147.4,179.22,1690.71,,,21.4017,4.8135,11.7285,2.0489,68.695,4.2328,5.0851,,10.9835,1.5129,37.74,49.3064,,1.1648,19.9561
2025-11-17,1.0,,1.7798,1.9558,6.1493,1.627,0.9225,8.2398,24.169,7.4683,,0.8795,9.012,,383.93,19401.29,3.7595,102.7195,147.2,179.57,1694.27,,,21.2546,4.8111,11.7005,2.0464,68.355,4.2228,5.084,,10.9635,1.5099,37.642,49.0711,,1.1593,19.7978
2025-11-18,1.0,,1.783,1.9558,6.1893,1.6257,0.9233,8.241,24.188,7.4684,,0.8821,9.0233,,384.96,19420.32,3.7915,102.644,147.2,179.94,1695.61,,,21.3761,4.8261,11.7333,2.0459,68.182,4.244,5.087,,10.997,1.5093,37.569,49.0676,,1.159,19.9751
2025-11-19,1.0,,1.7853,1.9558,6.18,1.623,0.9284,8.2359,24.159,7.4691,,0.8827,9.0196,,382.33,19364.34,3.7847,102.5145,146.82,180.85,1698.08,,,21.2283,4.8069,11.748,2.0585,68.206,4.2283,5.0879,,10.992,1.5104,37.569,49.0618,,1.1583,19.8728
2025-11-20,1.0,,1.7773,1.9558,6.1382,1.6194,0.9294,8.1908,24.179,7.4691,,0.8815,8.9644,,382.5,19284.68,3.7499,102.144,146.8,181.47,1691.81,,,21.1527,4.7858,11.7405,2.0508,67.988,4.232,5.0887,,10.9995,1.5055,37.334,48.785,,1.1514,19.8488
2025-11-21,1.0,,1.7873,1.9558,6.1879,1.6226,0.9289,8.1905,24.235,7.4687,,0.8803,8.9679,,383.43,19258.85,3.7816,103.2628,147.2,180.56,1698.38,,,21.2561,4.7796,11.794,2.056,67.817,4.2448,5.0896,,11.026,1.5065,37.382,48.8961,,1.152,19.997
2025-11-24,1.0,,1.7878,1.9558,6.2137,1.6279,0.9324,8.1833,24.169,7.4691,,0.8804,8.9647,,382.53,19201.08,3.7814,102.914,147.2,181.22,1700.74,,,21.2393,4.771,11.7945,2.0531,67.804,4.2303,5.0878,,11.006,1.5026,37.405,48.8857,,1.1544,19.9482
2025-11-25,1.0,,1.7877,1.9558,6.1977,1.6301,0.9345,8.1845,24.133,7.4691,,0.8788,8.9823,,381.56,19185.23,3.7804,103.0343,146.6,180.42,1692.08,,,21.3083,4.7758,11.848,2.0603,67.974,4.2228,5.0881,,11.048,1.5038,37.292,49.0072,,1.1551,19.8881
2025-11-26,1.0,,1.7818,1.9558,6.2242,1.6309,0.9341,8.1959,24.168,7.4687,,0.8776,9.0042,,382.0,19274.55,3.799,103.2665,146.8,181.09,1706.8,,,21.2644,4.7882,11.8468,2.0395,68.103,4.2313,5.0904,,11.0345,1.5029,37.295,49.1459,,1.1577,19.8458
2025-11-27,1.0,,1.7753,1.9558,6.1958,1.6273,0.9337,8.2068,24.174,7.4688,,0.8754,9.0118,,381.68,19279.1,3.7942,103.5815,147.4,181.11,1694.15,,,21.2564,4.7873,11.803,2.0277,68.089,4.2345,5.0911,,10.9945,1.5039,37.336,49.1714,,1.1586,19.8968
2025-11-28,1.0,,1.7721,1.9558,6.1752,1.621,0.9318,8.1836,24.177,7.4688,,0.8752,9.002,,381.43,19269.07,3.7705,103.4905,148.2,180.57,1699.81,,,21.2168,4.7796,11.7645,2.0247,67.853,4.239,5.0909,,10.9695,1.5008,37.237,49.1509,,1.1566,19.7962
2025-12-01,1.0,,1.774,1.9558,6.2267,1.6259,0.9323,8.2358,24.181,7.4687,,0.8778,9.0703,,380.64,19320.71,3.8018,104.2823,148.4,180.28,1706.31,,,21.2868,4.811,11.771,2.0257,68.11,4.2283,5.0898,,10.963,1.5065,37.186,49.4446,,1.1646,19.8862
2025-12-02,1.0,,1.7723,1.9558,6.223,1.6264,0.9346,8.2123,24.161,7.4686,,0.8796,9.0424,,380.83,19308.16,3.7793,104.4705,148.6,181.26,1704.82,,,21.2661,4.7995,11.789,2.0294,68.14,4.238,5.0893,,10.9865,1.5072,37.182,49.2601,,1.1614,19.8642
2025-12-03,1.0,,1.77,1.9558,6.2057,1.627,0.9336,8.2421,24.125,7.4689,,0.8766,9.0826,,381.0,19395.72,3.7651,105.2075,149.0,181.28,1708.78,,,21.2967,4.8107,11.758,2.0292,68.8,4.2318,5.0917,,10.955,1.5101,37.209,49.5248,,1.1668,19.9304
2025-12-04,1.0,,1.7657,1.9558,6.1892,1.6299,0.934,8.2498,24.157,7.4686,,0.8745,9.0801,,382.03,19429.55,3.7754,104.843,149.0,180.55,1716.69,,,21.3149,4.7971,11.782,2.0236,68.868,4.2313,5.0925,,10.967,1.5115,37.395,49.5193,,1.1666,19.8099
2025-12-05,1.0,,1.7546,1.9558,6.185,1.623,0.9365,8.2333,24.21,7.4689,,0.8727,9.0652,,381.78,19413.67,3.7632,104.733,148.8,180.76,1714.82,,,21.1912,4.7873,11.755,2.0158,68.719,4.2323,5.0928,,10.959,1.5084,37.095,49.5072,,1.1645,19.7169
2025-12-08,1.0,,1.7549,1.9558,6.3136,1.609,0.9388,8.2378,24.268,7.4688,,0.8746,9.0681,,383.18,19455.98,3.7382,104.945,148.8,181.29,1708.85,,,21.1985,4.7937,11.786,2.013,68.92,4.2305,5.0893,,10.9495,1.5107,37.121,49.612,,1.1655,19.7718
2025-12-09,1.0,,1.7532,1.9558,6.3588,1.6114,0.9385,8.2207,24.277,7.4689,,0.8735,9.056,,383.85,19403.13,3.7395,104.55,148.8,181.96,1708.91,,,21.2691,4.7886,11.7845,2.0111,69.043,4.2303,5.0897,,10.9015,1.5091,37.07,49.554,,1.1637,19.8661
2025-12-10,1.0,,1.7513,1.9558,6.3488,1.6108,0.9356,8.2165,24.245,7.4691,,0.8741,9.0532,,383.8,19409.35,3.7594,104.6008,148.6,182.32,1710.16,,,21.1794,4.7909,11.809,2.0126,68.972,4.2248,5.0875,,10.858,1.5079,37.048,49.562,,1.1634,19.8097
2025-12-11,1.0,,1.7601,1.9558,6.3789,1.6164,0.9333,8.2678,24.22,7.4691,,0.8751,9.1154,,384.49,19534.21,3.7631,105.8005,148.6,182.25,1723.29,,,21.2933,4.8145,11.825,2.0155,69.115,4.227,5.0899,,10.845,1.5147,37.186,49.9207,,1.1714,19.8446
2025-12-12,1.0,,1.7594,1.9558,6.3365,1.6139,0.9333,8.2759,24.239,7.4698,,0.8767,9.1332,,384.43,19534.93,3.7603,106.1955,148.4,182.99,1732.81,,,21.1598,4.8103,11.856,2.0189,69.281,4.2225,5.0904,,10.8865,1.5152,37.0,49.9389,,1.1731,19.7736
2025-12-15,1.0,,1.7669,1.9558,6.3322,1.6169,0.9355,8.2824,24.299,7.4704,,0.8779,9.1462,,385.15,19607.06,3.7742,106.653,148.2,182.32,1721.99,,,21.1322,4.8099,11.9075,2.029,69.3,4.2215,5.0929,,10.9155,1.5148,36.993,50.184,,1.1753,19.7182
2025-12-16,1.0,,1.7737,1.9558,6.3965,1.6206,0.9351,8.293,24.317,7.471,,0.8764,9.1609,,384.3,19625.29,3.7958,107.069,148.0,182.07,1734.89,,,21.1527,4.8111,11.985,2.0346,69.049,4.2208,5.0929,,10.942,1.5176,37.071,50.3008,,1.1776,19.7365
2025-12-17,1.0,,1.7704,1.9558,6.4498,1.6165,0.9332,8.2569,24.346,7.4718,,0.8785,9.1207,,387.15,19566.25,3.7786,105.9275,148.0,182.38,1734.13,,,21.0827,4.7925,11.9858,2.0294,68.772,4.21,5.0921,,10.936,1.5142,36.942,50.0808,,1.1722,19.6148
2025-12-18,1.0,,1.7734,1.9558,6.5012,1.6161,0.9316,8.2517,24.392,7.4713,,0.8746,9.119,,387.9,19591.06,3.7703,105.7785,147.8,182.55,1731.18,,,21.0966,4.7884,11.9545,2.0324,68.681,4.2053,5.0907,,10.9015,1.5129,36.862,50.0799,,1.1719,19.6613
2025-12-19,1.0,,1.7739,1.9558,6.4762,1.6155,0.9318,8.2465,24.323,7.4712,,0.876,9.113,,386.8,19600.62,3.7637,105.054,147.2,184.15,1731.88,,,21.0992,4.775,11.915,2.041,68.746,4.2105,5.0896,,10.904,1.5143,36.846,50.1381,,1.1712,19.6485
2025-12-22,1.0,,1.7667,1.9558,6.4943,1.6168,0.9316,8.265,24.32,7.4706,,0.8742,9.1362,,387.88,19703.41,3.7618,105.29,147.6,184.77,1738.72,,,21.1438,4.7896,11.8875,2.0283,68.963,4.2138,5.088,,10.856,1.515,36.586,50.2795,,1.1745,19.6133
2025-12-23,1.0,,1.7607,1.9558,6.5851,1.6148,0.9287,8.2833,24.321,7.4702,,0.8729,9.1674,,391.03,19785.0,3.7689,105.5479,148.0,183.89,1745.36,,,21.1489,4.7898,11.849,2.0189,69.33,4.232,5.0894,,10.82,1.5153,36.666,50.4793,,1.1786,19.6054
2025-12-24,1.0,,1.7587,1.9558,6.5076,1.6128,0.9284,8.2679,24.271,7.4694,,0.8729,9.1655,,389.53,19740.28,3.7514,105.7755,148.0,183.83,1707.04,,,21.1015,4.7678,11.804,2.0197,69.269,4.2135,5.0899,,10.8055,1.5135,36.593,50.5072,,1.1787,19.6091
2025-12-29,1.0,,1.7583,1.9558,6.5545,1.6106,0.9293,8.2438,24.281,7.4692,,0.8726,9.1467,,387.5,19732.82,3.7605,105.776,147.8,183.97,1690.95,,,21.0997,4.777,11.827,2.0295,69.26,4.2295,5.0947,,10.816,1.5122,36.992,50.5179,,1.1766,19.597
2025-12-30,1.0,,1.7543,1.9558,6.4929,1.6104,0.9293,8.2216,24.255,7.4689,,0.8712,9.1511,,385.95,19711.02,3.7435,105.58,147.2,183.48,1697.65,,,21.1208,4.7581,11.826,2.0278,69.166,4.2263,5.0969,,10.818,1.5095,36.935,50.4647,,1.1757,19.5571
2025-12-31,1.0,,1.7581,1.9558,6.4364,1.6088,0.9314,8.2262,24.237,7.4689,,0.8726,9.1464,,385.15,19640.83,3.7471,105.5965,147.2,184.09,1696.94,,,21.118,4.7682,11.843,2.038,69.266,4.221,5.0968,,10.8215,1.5105,37.218,50.4838,,1.175,19.4439
2026-01-02,1.0,,1.7508,,6.3743,1.6097,0.9296,8.1973,24.177,7.4694,,0.8719,9.1329,,383.58,19593.06,3.7214,105.719,147.4,183.94,1693.53,,,21.0274,4.7517,11.7985,2.0317,68.975,4.2123,5.0895,,10.8085,1.5077,36.792,50.4332,,1.1721,19.3561
2026-01-05,1.0,,1.7492,,6.347,1.6087,0.9289,8.1478,24.195,7.4695,,0.8676,9.0822,,384.55,19524.95,3.685,105.316,147.4,182.93,1690.44,,,21.0067,4.7502,11.7795,2.0296,68.91,4.2178,5.0875,,10.787,1.5018,36.596,50.2042,,1.1664,19.2268
2026-01-06,1.0,,1.7422,,6.3201,1.6129,0.9287,8.1766,24.195,7.4727,,0.8663,9.1172,,385.03,19632.64,3.7025,105.5405,147.2,183.14,1695.93,,,21.0227,4.7378,11.7285,2.0232,69.317,4.2105,5.0891,,10.765,1.4984,36.608,50.3894,,1.1707,19.1951
2026-01-07,1.0,,1.7367,,6.2995,1.6135,0.9304,8.1685,24.29,7.4725,,0.8664,9.0976,,384.98,19592.02,3.7115,104.9835,147.2,182.91,1691.47,,,21.009,4.7414,11.7585,2.02,69.305,4.2148,5.0885,,10.7365,1.4972,36.606,50.2911,,1.1684,19.2252
2026-01-08,1.0,,1.7433,,6.2811,1.6183,0.9312,8.1513,24.262,7.472,,0.8687,9.0981,,384.75,19655.85,3.7003,104.988,147.2,182.97,1695.57,,,20.9729,4.743,11.7935,2.0313,69.073,4.2093,5.0883,,10.766,1.4995,36.823,50.2588,,1.1675,19.2811
2026-01-09,1.0,,1.7441,,6.2733,1.6163,0.9314,8.1288,24.337,7.4724,,0.8677,9.0763,,386.03,19628.24,3.6745,105.0335,147.4,183.52,1699.55,,,20.9879,4.7424,11.7765,2.0339,68.935,4.2138,5.0902,,10.748,1.4984,36.632,50.1841,,1.1642,19.2966
2026-01-12,1.0,,1.7409,,6.2863,1.6219,0.9313,8.1529,24.288,7.4722,,0.8674,9.1156,,386.85,19751.3,3.6867,105.419,147.2,184.42,1715.11,,,20.932,4.7499,11.7445,2.027,69.38,4.2093,5.0892,,10.7008,1.5019,36.508,50.4268,,1.1692,19.1618
2026-01-13,1.0,,1.7394,,6.2736,1.6172,0.9311,8.1294,24.253,7.4726,,0.866,9.0925,,386.75,19652.84,3.6721,105.1478,146.6,185.12,1717.89,,,20.8587,4.7286,11.756,2.0231,69.291,4.2118,5.0895,,10.7135,1.5006,36.681,50.2941,,1.1654,19.1755
2026-01-14,1.0,,1.745,,6.2544,1.6169,0.9333,8.1247,24.262,7.4723,,0.8668,9.0841,,386.95,19656.93,3.6831,105.2118,146.4,184.82,1719.0,,,20.7518,4.7163,11.733,2.0303,69.282,4.218,5.0897,,10.723,1.5007,36.672,50.309,,1.1651,19.102
2026-01-15,1.0,,1.7382,,6.2557,1.6162,0.9314,8.0988,24.278,7.4721,,0.8674,9.0657,,385.65,19640.96,3.6686,104.9647,146.2,184.31,1706.77,,,20.6776,4.715,11.72,2.0246,69.182,4.2093,5.0892,,10.6985,1.4969,36.494,50.2037,,1.1624,19.0309
2026-01-16,1.0,,1.7344,,6.2411,1.6135,0.9313,8.0967,24.286,7.4712,,0.867,9.0613,,385.33,19653.76,3.66,105.397,146.4,183.67,1711.1,,,20.5333,4.7136,11.7203,2.0179,68.995,4.2248,5.0908,,10.719,1.4962,36.535,50.2784,,1.1617,19.0382
2026-01-19,1.0,,1.7342,,6.242,1.6149,0.9282,8.0991,24.29,7.4717,,0.8671,9.0685,,386.15,19741.53,3.676,105.6965,146.2,183.69,1713.48,,,20.5049,4.7164,11.7295,2.0098,69.139,4.2253,5.092,,10.73,1.4946,36.353,50.3298,,1.1631,19.0951
2026-01-20,1.0,,1.742,,6.3209,1.6215,0.9268,8.1614,24.333,7.4708,,0.8722,9.1456,,385.85,19874.44,3.7156,106.677,146.2,185.18,1731.99,,,20.6693,4.7551,11.7155,2.0098,69.527,4.2273,5.0924,,10.708,1.5045,36.456,50.7505,,1.1728,19.2821
2026-01-21,1.0,,1.734,,6.2773,1.6192,0.9268,8.1749,24.356,7.4705,,0.8744,9.1532,,385.65,19851.53,3.7235,107.5775,146.2,185.23,1719.32,,,20.5175,4.7508,11.6365,2.0019,69.537,4.2275,5.0947,,10.661,1.5045,36.47,50.8278,,1.1739,19.147
2026-01-22,1.0,,1.7197,,6.2218,1.6171,0.9283,8.1658,24.31,7.4688,,0.8722,9.1283,,382.7,19753.87,3.6754,107.216,146.0,185.88,1718.11,,,20.4678,4.7292,11.576,1.991,69.227,4.2063,5.0923,,10.594,1.5026,36.675,50.6678,,1.1706,18.9855
2026-01-23,1.0,,1.7104,,6.2011,1.6161,0.9277,8.1778,24.257,7.4686,,0.8681,9.1561,,382.15,19753.87,3.689,107.864,146.0,185.71,1723.2,,,20.4816,4.7033,11.542,1.9855,69.368,4.2035,5.0945,,10.5705,1.5016,36.594,50.9084,,1.1742,18.9582
2026-01-26,1.0,,1.7133,,6.2569,1.623,0.9223,8.2312,24.251,7.4678,,0.8675,9.2289,,381.85,19857.61,3.7118,108.6115,145.4,182.52,1713.58,,,20.5826,4.6936,11.6015,1.9877,70.017,4.2085,5.0965,,10.6265,1.5044,36.869,51.3402,,1.1836,19.0243
2026-01-27,1.0,,1.7167,,6.2692,1.6316,0.9197,8.2964,24.267,7.4677,,0.8683,9.3046,,380.6,19940.0,3.7012,109.288,145.2,182.92,1719.21,,,20.6353,4.7149,11.567,1.9907,70.434,4.2023,5.0965,,10.582,1.5096,37.022,51.7761,,1.1929,19.0714
2026-01-28,1.0,,1.7107,,6.1949,1.6242,0.9188,8.3176,24.294,7.4666,,0.8685,9.3415,,380.9,20047.0,3.7023,110.093,145.0,182.76,1710.88,,,20.5413,4.6926,11.523,1.9859,70.353,4.2028,5.0965,,10.5885,1.5108,37.251,51.9846,,1.1974,19.0178
2026-01-29,1.0,,1.6935,,6.2011,1.6186,0.9182,8.3132,24.335,7.4668,,0.8662,9.3407,,380.73,20085.0,3.6831,110.007,144.8,183.48,1712.42,,,20.5261,4.7004,11.418,1.9689,70.606,4.2033,5.0965,,10.5645,1.5128,37.34,51.9709,,1.1968,18.7584
2026-01-30,1.0,,1.7001,,6.2233,1.612,0.9157,8.2834,24.325,7.4674,,0.8662,9.3067,,380.7,20010.0,3.6799,109.5825,145.2,183.59,1719.47,,,20.5979,4.7044,11.3885,1.966,70.211,4.2073,5.0964,,10.5205,1.5111,37.455,51.8324,,1.1919,18.9906
2026-02-02,1.0,,1.7042,,6.2222,1.6157,0.9199,8.221,24.305,7.4691,,0.8658,9.2484,,381.2,19890.0,3.6738,108.417,145.0,183.59,1719.74,,,20.6131,4.6673,11.4655,1.9705,69.754,4.2173,5.096,,10.5935,1.5055,37.432,51.4941,,1.184,18.9774
2026-02-03,1.0,,1.683,,6.1685,1.6116,0.9173,8.1877,24.312,7.4687,,0.8623,9.2201,,380.4,19790.0,3.6419,106.371,145.0,183.92,1709.44,,,20.4245,4.6407,11.422,1.9532,69.732,4.2205,5.0951,,10.5485,1.4994,37.25,51.3246,,1.1801,18.8218
2026-02-04,1.0,,1.6814,,6.1707,1.6138,0.9168,8.2051,24.357,7.4673,,0.8616,9.2334,,380.38,19850.0,3.6478,106.8698,145.0,185.15,1720.7,,,20.3808,4.6476,11.3995,1.9602,69.721,4.2235,5.0949,,10.577,1.5027,37.39,51.4285,,1.182,18.8381
2026-02-05,1.0,,1.6922,,6.2059,1.6144,0.9161,8.1869,24.31,7.4662,,0.8691,9.2171,,379.65,19900.0,3.6752,106.546,144.8,185.11,1728.58,,,20.5112,4.6567,11.474,1.9676,69.299,4.2205,5.0935,,10.641,1.5021,37.488,51.3684,,1.1798,19.0889
2026-02-06,1.0,,1.688,,6.1767,1.6118,0.9175,8.1838,24.24,7.4672,,0.8679,9.2152,,377.95,19900.0,3.6916,106.9265,145.2,185.27,1730.68,,,20.4787,4.6557,11.4695,1.9673,69.047,4.2185,5.092,,10.6735,1.5016,37.269,51.4394,,1.1794,19.017
2026-02-09,1.0,,1.6843,,6.1725,1.6174,0.915,8.2281,24.217,7.4692,,0.8701,9.2888,,377.08,20000.0,3.6817,107.8375,145.0,185.65,1737.79,,,20.4582,4.6765,11.429,1.9685,69.516,4.2118,5.0923,,10.6505,1.5067,37.055,51.8099,,1.1886,18.9883
2026-02-10,1.0,,1.683,,6.1929,1.6141,0.9123,8.2245,24.257,7.4715,,0.8695,9.2983,,377.95,19966.0,3.6704,107.6878,145.0,184.51,1738.48,,,20.4998,4.6666,11.3115,1.9687,69.605,4.217,5.0912,,10.6135,1.5061,37.151,51.8989,,1.1894,18.9797
2026-02-11,1.0,,1.6737,,6.1753,1.6138,0.9136,8.2245,24.245,7.4698,,0.8699,9.3013,,379.03,19992.0,3.6604,107.9515,145.2,182.79,1727.84,,,20.4719,4.6589,11.265,1.9637,69.347,4.2135,5.0912,,10.564,1.5027,36.991,51.9354,,1.19,18.8989
2026-02-12,1.0,,1.6678,,6.1461,1.6128,0.9142,8.1944,24.245,7.4712,,0.8711,9.2815,,379.88,19983.94,3.6355,107.565,145.2,182.52,1707.82,,,20.3934,4.6338,11.2535,1.9588,68.894,4.2158,5.0928,,10.567,1.4984,36.809,51.8294,,1.1874,18.874
2026-02-13,1.0,,1.6824,,6.1916,1.6161,0.9121,8.195,24.263,7.4709,,0.8716,9.2725,,379.08,19955.44,3.6649,107.481,145.0,181.83,1715.78,,,20.4269,4.6351,11.326,1.9693,68.63,4.215,5.0946,,10.6254,1.4992,36.861,51.8843,,1.1862,19.019
2026-02-16,1.0,,1.6731,,6.1935,1.6155,0.9129,8.1902,24.259,7.4707,,0.869,9.265,,377.13,19938.0,3.6594,107.5625,145.0,181.79,1708.8,,,20.3378,4.6235,11.2665,1.9623,68.722,4.2105,5.0954,,10.6205,1.4962,36.863,51.8167,,1.1855,18.9092
2026-02-17,1.0,,1.6776,,6.1788,1.6149,0.9116,8.1702,24.276,7.4706,,0.8733,9.2428,,378.43,19901.98,3.672,107.2565,145.0,181.06,1709.83,,,20.3572,4.6121,11.2815,1.9623,68.395,4.2138,5.0967,,10.648,1.4946,37.021,51.7114,,1.1826,19.032
2026-02-18,1.0,,1.6748,,6.1865,1.6164,0.9124,8.1833,24.256,7.4714,,0.8724,9.2565,,378.23,20000.0,3.6775,107.425,144.9,181.99,1712.66,,,20.2709,4.6196,11.2285,1.973,68.551,4.2165,5.0929,,10.616,1.4971,37.016,51.8305,,1.1845,18.9794
2026-02-19,1.0,,1.6698,,6.1519,1.6107,0.9119,8.1197,24.245,7.4717,,0.8738,9.1846,,379.73,19883.96,3.6888,107.183,144.9,182.05,1703.81,,,20.3086,4.5937,11.253,1.9728,68.225,4.2215,5.097,,10.6915,1.4916,36.722,51.4426,,1.1753,19.062
2026-02-20,1.0,,1.6697,,6.1358,1.6112,0.9132,8.1294,24.241,7.4716,,0.8728,9.1961,,379.65,19872.87,3.6783,107.0155,144.9,182.63,1705.81,,,20.2402,4.5927,11.254,1.9763,68.428,4.2238,5.0978,,10.6745,1.4931,36.719,51.5932,,1.1767,18.9417
2026-02-23,1.0,,1.6669,,6.1059,1.6132,0.9145,8.1412,24.223,7.4707,,0.8734,9.2136,,379.65,19823.28,3.6769,107.115,144.9,182.44,1701.08,,,20.2649,4.5852,11.2585,1.975,67.913,4.2173,5.0969,,10.6955,1.4923,36.56,51.6598,,1.1784,18.8679
2026-02-24,1.0,,1.6718,,6.0968,1.6148,0.912,8.1046,24.225,7.4712,,0.8731,9.2126,,379.0,19823.58,3.6695,107.0865,144.7,183.53,1699.77,,,20.3539,4.586,11.2575,1.9783,68.027,4.2203,5.0947,,10.688,1.4925,36.573,51.6441,,1.1777,18.853
2026-02-25,1.0,,1.6617,,6.0437,1.6133,0.913,8.095,24.226,7.4713,,0.8714,9.2157,,375.88,19813.85,3.648,107.167,143.5,184.7,1682.64,,,20.2079,4.5852,11.2955,1.9727,67.83,4.2233,5.0941,,10.6765,1.4906,36.642,51.6952,,1.1784,18.6898
2026-02-26,1.0,,1.6592,,6.0556,1.6155,0.914,8.0823,24.246,7.4719,,0.8719,9.2417,,375.2,19809.24,3.674,107.421,143.3,184.37,1684.25,,,20.2926,4.5909,11.293,1.9721,68.073,4.2225,5.0949,,10.673,1.4922,36.694,51.8415,,1.1814,18.7563
2026-02-27,1.0,,1.6612,,6.0862,1.6139,0.9104,8.0961,24.244,7.4718,,0.8763,9.2359,,376.63,19833.7,3.7107,107.5205,143.5,184.13,1702.25,,,20.3189,4.5933,11.2085,1.9731,68.095,4.2243,5.0957,,10.6643,1.4942,36.696,51.8946,,1.1805,18.8178
2026-03-02,1.0,,1.6579,,6.0908,1.5991,0.9117,8.0512,24.274,7.4712,,0.8739,9.1509,,381.7,19742.36,3.6066,107.317,143.9,184.19,1710.38,,,20.2947,4.5938,11.191,1.9709,68.135,4.244,5.0976,,10.708,1.49,36.86,51.4229,,1.1698,18.9055
2026-03-03,1.0,,1.6534,,6.0855,1.5883,0.9107,8.017,24.378,7.4704,,0.8717,9.0552,,387.89,19607.81,3.5945,106.9525,144.1,182.98,1715.95,,,20.3277,4.5797,11.2485,1.9688,67.853,4.2865,5.0981,,10.7265,1.4833,36.861,51.0409,,1.1606,19.0262
2026-03-04,1.0,,1.6503,,6.0805,1.591,0.9082,8.0347,24.36,7.4715,,0.8705,9.1064,,384.33,19633.92,3.5838,107.2678,144.7,183.02,1706.34,,,20.4415,4.5915,11.2385,1.9674,68.111,4.2588,5.0925,,10.6785,1.4844,36.671,51.2254,,1.1649,19.0098
2026-03-05,1.0,,1.649,,6.0976,1.5828,0.9064,8.0177,24.396,7.4716,,0.8695,9.0863,,387.55,19644.7,3.5707,106.4773,144.7,183.03,1714.57,,,20.4869,4.581,11.214,1.9623,68.11,4.2725,5.0933,,10.6885,1.4839,36.788,51.1125,,1.1618,19.173
2026-03-06,1.0,,1.6501,,6.1002,1.5782,0.9045,7.9825,24.419,7.4708,,0.86693,9.04,,393.4,19623.06,3.5756,106.1745,144.9,182.57,1717.02,,,20.5624,4.562,11.1725,1.9687,68.525,4.2875,5.0951,,10.693,1.481,36.966,50.9539,,1.1561,19.3277
2026-03-09,1.0,,1.6465,,6.0435,1.568,0.9008,7.9929,24.399,7.4708,,0.8653,9.0311,,396.38,19575.56,3.5948,106.65,145.1,183.15,1716.06,,,20.6231,4.5792,11.1545,1.9563,68.779,4.2785,5.0979,,10.6945,1.4792,37.057,50.9394,,1.1555,19.27
2026-03-10,1.0,,1.6355,,6.0276,1.5777,0.9027,8.0057,24.38,7.4713,,0.86545,9.1075,,385.83,19634.06,3.5963,107.05,144.88,183.67,1711.37,,,20.4409,4.5691,11.147,1.9596,68.703,4.2548,5.0936,,10.606,1.481,36.815,51.2728,,1.1641,18.9618
2026-03-11,1.0,,1.6195,,5.9887,1.5742,0.9031,7.9518,24.377,7.4718,,0.86363,9.0642,,387.83,19569.86,3.5979,106.629,145.0,183.63,1710.64,,,20.4403,4.5357,11.17,1.9571,68.622,4.2523,5.0907,,10.6543,1.4757,36.787,51.0671,,1.1581,18.9949
2026-03-12,1.0,,1.619,,5.9607,1.5706,0.9028,7.9316,24.406,7.4722,,0.86243,9.038,,387.54,19498.09,3.5952,106.4745,144.6,183.43,1709.93,,,20.4526,4.5345,11.1575,1.9588,68.622,4.2578,5.0936,,10.7108,1.4726,36.875,50.9333,,1.1547,19.1007
2026-03-13,1.0,,1.6293,,6.0172,1.5726,0.9034,7.9145,24.437,7.4726,,0.86503,8.9827,,391.48,19395.07,3.5883,106.0205,144.2,182.85,1711.87,,,20.4517,4.5198,11.159,1.9691,68.301,4.2675,5.0947,,10.7545,1.4685,36.953,50.7122,,1.1476,19.2754
2026-03-16,1.0,,1.6272,,6.0492,1.5703,0.9041,7.9154,24.436,7.472,,0.86408,8.9881,,390.23,19472.25,3.58,105.8818,143.4,182.66,1711.08,,,20.4306,4.5114,11.149,1.9647,68.579,4.2683,5.0947,,10.769,1.4676,37.143,50.7157,,1.1478,19.2461
2026-03-17,1.0,,1.6227,,6.0064,1.5804,0.9068,7.9412,24.437,7.4718,,0.8643,9.0355,,388.33,19554.27,3.5733,106.5055,143.6,183.29,1714.87,,,20.3662,4.5178,11.073,1.9693,68.677,4.2593,5.0915,,10.7055,1.4723,37.268,50.973,,1.1531,19.2092
2026-03-18,1.0,,1.6305,,6.0079,1.5774,0.9073,7.9214,24.467,7.472,,0.86393,9.0135,,392.83,19543.1,3.568,106.83,143.6,183.49,1729.08,,,20.3942,4.504,11.0205,1.9763,69.001,4.2713,5.0938,,10.7778,1.4734,37.565,50.8539,,1.15,19.4174
2026-03-19,1.0,,1.6403,,6.0877,1.577,0.9121,7.9279,24.517,7.4716,,0.86388,8.9966,,394.3,19485.57,3.5997,107.133,143.4,182.46,1725.2,,,20.5858,4.5259,10.996,1.98,69.112,4.2853,5.0972,,10.8065,1.4744,37.805,50.92,,1.1489,19.6105
2026-03-20,1.0,,1.6351,,6.0724,1.5849,0.9096,7.9664,24.505,7.4712,,0.86438,9.0545,,392.48,19557.3,3.5888,108.175,143.8,183.46,1734.17,,,20.5875,4.5521,11.029,1.9723,69.18,4.2783,5.096,,10.7825,1.4793,37.854,51.197,,1.1555,19.5117
2026-03-23,1.0,,1.6519,,6.0989,1.5896,0.9124,7.9916,24.438,7.4717,,0.8642,9.0819,,388.45,19593.01,3.6121,108.099,143.6,183.86,1724.93,,,20.6021,4.5682,11.285,1.9836,69.162,4.2643,5.0957,,10.8328,1.4791,37.403,51.3949,,1.1596,19.4939
2026-03-24,1.0,,1.6652,,6.0949,1.591,0.9145,7.977,24.477,7.4711,,0.86541,9.0575,,389.88,19545.8,3.6213,108.597,144.0,183.91,1734.48,,,20.6974,4.5785,11.2305,1.9895,69.395,4.2743,5.0951,,10.8238,1.4819,37.794,51.3193,,1.1572,19.7903
2026-03-25,1.0,,1.6647,,6.0661,1.5977,0.9153,7.9979,24.437,7.4717,,0.86558,9.0637,,389.18,19541.91,3.6186,108.9005,143.4,184.27,1735.94,,,20.5936,4.5962,11.2855,1.9921,69.626,4.2718,5.0947,,10.7715,1.4829,37.778,51.4188,,1.1592,19.6061
2026-03-26,1.0,,1.6693,,6.0425,1.5964,0.9151,7.9737,24.478,7.472,,0.86515,9.0281,,388.35,19521.33,3.6099,108.6045,143.4,184.19,1738.14,,,20.5603,4.6087,11.1265,1.9958,69.482,4.2743,5.0973,,10.8405,1.4821,37.963,51.1946,,1.1539,19.6829
2026-03-27,1.0,,1.6731,,6.0535,1.5974,0.9178,7.9626,24.542,7.4721,,0.8672,9.0223,,389.73,19559.03,3.6329,109.1945,143.6,184.16,1740.79,,,20.7971,4.6218,11.1885,2.0019,69.752,4.2875,5.0989,,10.878,1.4831,37.949,51.2001,,1.1517,19.7984
2026-03-30,1.0,,1.674,,6.0179,1.5987,0.9187,7.937,24.555,7.4727,,0.86803,8.9969,,389.53,19542.9,3.6278,108.7686,143.4,183.12,1742.93,,,20.7784,4.6258,11.198,2.0068,69.718,4.2883,5.0976,,10.906,1.4812,37.731,51.0528,,1.1484,19.7347
2026-03-31,1.0,,1.6693,,6.0065,1.6022,0.9194,7.9341,24.514,7.473,,0.86833,9.0136,,384.88,19506.24,3.638,107.8788,143.6,183.39,1753.22,,,20.7101,4.6555,11.2125,2.0061,69.78,4.289,5.0991,,10.943,1.4811,37.667,51.1433,,1.1498,19.6271
2026-04-01,1.0,,1.6689,,5.9879,1.6124,0.9191,7.9771,24.516,7.4726,,0.87113,9.0955,,381.9,19629.34,3.6325,108.424,144.0,183.73,1746.33,,,20.7188,4.6733,11.208,2.0102,69.845,4.2793,5.0978,,10.888,1.4875,37.728,51.6037,,1.1605,19.4745
2026-04-02,1.0,,1.6771,,5.972,1.603,0.9213,7.9495,24.54,7.4722,,0.87253,9.0325,,383.93,19604.77,3.6342,107.3,144.4,183.94,1747.94,,,20.6749,4.6549,11.2285,2.0191,69.86,4.2855,5.0983,,10.948,1.4834,37.762,51.2795,,1.1525,19.6061
2026-04-07,1.0,,1.6665,,5.9506,1.6078,0.9242,7.9251,24.531,7.4725,,0.87258,9.0564,,382.3,19727.97,3.6361,107.4895,143.8,184.73,1730.56,,,20.5167,4.6586,11.183,2.0267,69.628,4.2753,5.0954,,10.99,1.4847,37.687,51.5551,,1.1557,19.5192
2026-04-08,1.0,,1.6589,,5.9488,1.6225,0.9223,7.9948,24.38,7.4728,,0.86893,9.1685,,375.63,19872.46,3.6016,107.9533,143.8,185.13,1725.73,,,20.3696,4.6543,11.1535,2.0055,69.531,4.2538,5.0952,,10.784,1.49,37.313,52.0707,,1.1706,19.093
2026-04-09,1.0,,1.6593,,5.9584,1.6175,0.924,7.9863,24.401,7.4728,,0.87053,9.1551,,377.08,19978.14,3.6029,108.2738,143.6,185.7,1728.78,,,20.3739,4.6541,11.1265,2.0019,69.883,4.2558,5.0932,,10.8765,1.4891,37.503,52.1047,,1.1685,19.2009
2026-04-10,1.0,,1.6561,,5.9191,1.6187,0.9241,7.9967,24.365,7.4727,,0.87105,9.1729,,377.2,20020.25,3.5709,108.7795,143.29,186.43,1737.06,,,20.3184,4.6434,11.1165,2.0034,70.088,4.2435,5.0915,,10.836,1.4919,37.592,52.3147,,1.1711,19.2389
2026-04-13,1.0,,1.661,,5.874,1.6177,0.9242,7.9827,24.378,7.4727,,0.87058,9.1507,,366.9,20082.05,3.5787,109.047,143.2,186.75,1740.86,,,20.3203,4.6444,11.098,2.0081,70.356,4.2543,5.092,,10.892,1.4912,37.728,52.2478,,1.1684,19.3849
2026-04-14,1.0,,1.6558,,5.8747,1.6225,0.921,8.0379,24.349,7.4726,,0.86913,9.2372,,363.85,20202.65,3.5567,109.7765,143.8,187.33,1734.18,,,20.3173,4.6594,11.101,1.9992,70.578,4.2425,5.0903,,10.798,1.4993,37.791,52.7442,,1.1793,19.2845
2026-04-15,1.0,,1.6507,,5.8878,1.6235,0.922,8.0353,24.36,7.473,,0.86935,9.2289,,364.88,20207.53,3.5395,110.0695,144.0,187.41,1740.02,,,20.3859,4.659,11.12,1.9978,70.794,4.2413,5.0911,,10.85,1.4991,37.808,52.6696,,1.178,19.3368
2026-04-16,1.0,,1.6425,,5.8771,1.6174,0.923,8.0368,24.349,7.4731,,0.86993,9.2195,,364.55,20193.76,3.5263,109.8595,144.2,187.31,1739.62,,,20.3467,4.6586,11.048,1.9986,70.666,4.2423,5.0935,,10.804,1.4985,37.685,52.7417,,1.1782,19.3046
2026-04-17,1.0,,1.6438,,5.8707,1.6129,0.9231,8.0483,24.317,7.4734,,0.87168,9.2382,,362.7,20267.48,3.5262,109.5025,144.0,187.72,1744.76,,,20.3144,4.6628,11.017,2.0032,70.865,4.2328,5.0989,,10.803,1.5009,37.839,52.9272,,1.1797,19.3293
2026-04-20,1.0,,1.6432,,5.8601,1.6105,0.9189,8.0176,24.289,7.4734,,0.87045,9.2105,,362.48,20144.41,3.5228,109.4525,143.2,186.88,1729.01,,,20.4036,4.6481,10.9745,2.0003,70.411,4.2335,5.0989,,10.7685,1.4952,37.72,52.7784,,1.176,19.2275
2026-04-21,1.0,,1.6423,,5.841,1.607,0.9172,8.0202,24.301,7.4734,,0.87035,9.214,,362.15,20154.05,3.5202,110.0275,143.6,187.14,1729.57,,,20.3666,4.6491,10.967,1.9907,70.407,4.2295,5.0984,,10.7495,1.4961,37.696,52.8274,,1.1767,19.262
2026-04-22,1.0,,1.6404,,5.8333,1.6034,0.9175,8.0071,24.347,7.4735,,0.86903,9.1892,,365.54,20179.88,3.521,110.0605,143.8,186.81,1734.2,,,20.3207,4.6375,10.912,1.9866,70.578,4.2468,5.0942,,10.776,1.4945,37.786,52.7102,,1.1733,19.323
2026-04-23,1.0,,1.6347,,5.8037,1.5986,0.9177,7.9928,24.353,7.473,,0.86575,9.16,,364.89,20203.49,3.5038,110.052,143.8,186.5,1729.96,,,20.291,4.6349,10.913,1.9861,70.651,4.2428,5.0917,,10.7795,1.4919,37.836,52.5351,,1.1694,19.2576
2026-04-24,1.0,,1.6393,,5.8567,1.6023,0.9199,8.0067,24.373,7.473,,0.86803,9.1763,,365.5,20195.76,3.49,110.3885,143.8,186.71,1729.91,,,20.3646,4.6438,10.9525,1.9939,71.039,4.2403,5.0915,,10.82,1.4949,37.918,52.731,,1.1712,19.3974
2026-04-27,1.0,,1.6337,,5.837,1.5979,0.921,8.0165,24.357,7.4726,,0.8658,9.208,,363.68,20218.68,3.4997,110.6745,143.6,187.06,1728.54,,,20.3899,4.6438,10.883,1.9851,71.385,4.2443,5.0954,,10.7885,1.4954,37.946,52.8788,,1.1749,19.3608
2026-04-28,1.0,,1.6327,,5.842,1.5974,0.9238,7.9877,24.372,7.4723,,0.86715,9.1527,,365.3,20188.41,3.4919,110.426,143.2,186.58,1725.01,,,20.3893,4.6159,10.8875,1.9905,71.58,4.2478,5.0933,,10.8485,1.493,38.024,52.6239,,1.168,19.4289
2026-04-29,1.0,,1.6344,,5.8359,1.6007,0.9236,7.9993,24.382,7.4727,,0.86643,9.1736,,363.88,20308.33,3.4656,111.0315,143.6,187.05,1730.59,,,20.367,4.6268,10.862,1.9981,72.111,4.2518,5.0981,,10.8405,1.4952,38.226,52.7585,,1.1706,19.4303
2026-04-30,1.0,,1.6371,,5.8292,1.5994,0.919,7.991,24.366,7.4716,,0.86625,9.1662,,364.85,20297.94,3.4553,111.0695,144.0,183.21,1728.39,,,20.4973,4.6457,10.9123,1.9957,71.918,4.2605,5.1823,,10.8555,1.4934,38.084,52.8757,,1.1702,19.648
2026-05-04,1.0,,1.6289,,5.8103,1.593,0.9173,7.9914,24.393,7.4725,,0.86358,9.1647,,363.33,20368.53,3.4651,111.2585,143.6,183.83,1722.28,,,20.4637,4.625,10.828,1.9874,72.123,4.257,5.1977,,10.835,1.4927,38.171,52.8853,,1.17,19.568
2026-05-05,1.0,,1.6299,,5.7875,1.591,0.9165,7.9818,24.38,7.4728,,0.86343,9.1577,,362.83,20395.93,3.4395,111.35,143.4,184.42,1721.29,,,20.3819,4.6306,10.8055,1.9876,71.995,4.2543,5.2194,,10.84,1.4925,38.143,52.8435,,1.1686,19.5044
2026-05-06,1.0,,1.6238,,5.7742,1.5999,0.9165,8.0113,24.34,7.4725,,0.8637,9.2163,,359.15,20381.49,3.418,111.2865,143.6,183.74,1703.26,,,20.3017,4.6166,10.898,1.9713,71.463,4.233,5.2598,,10.8335,1.4917,37.856,53.1933,,1.1762,19.2959
2026-05-07,1.0,,1.6219,,5.787,1.604,0.9157,8.0058,24.306,7.4726,,0.8641,9.218,,355.85,20360.28,3.4222,110.938,143.8,184.07,1707.4,,,20.2473,4.6021,10.8675,1.9686,71.061,4.227,5.2646,,10.825,1.4898,37.835,53.2386,,1.177,19.1354
2026-05-08,1.0,,1.6259,,5.7794,1.6063,0.9156,7.9989,24.304,7.4726,,0.8641,9.2067,,356.15,20424.09,3.4167,111.1285,143.8,184.37,1725.08,,,20.2716,4.6115,10.8215,1.9735,71.136,4.2318,5.2235,,10.842,1.4911,37.897,53.3534,,1.1761,19.3109
2026-05-11,1.0,,1.6249,,5.7671,1.6079,0.9163,7.9961,24.333,7.4726,,0.86488,9.2112,,356.03,20500.04,3.4206,112.1385,143.8,184.87,1732.87,,,20.2592,4.6148,10.8275,1.9785,71.683,4.2398,5.2105,,10.8765,1.4938,38.136,53.386,,1.1765,19.3488
2026-05-12,1.0,,1.6252,,5.7561,1.6088,0.9172,7.9726,24.324,7.4729,,0.86803,9.1887,,357.23,20538.21,3.4163,112.2585,143.8,184.98,1747.64,,,20.2454,4.6177,10.771,1.9743,72.152,4.248,5.2045,,10.8935,1.4937,38.055,53.2905,,1.1738,19.399
2026-05-13,1.0,,1.6158,,5.7449,1.6039,0.9155,7.9556,24.347,7.4738,,0.86713,9.1735,,358.7,20496.97,3.4066,112.0793,143.6,184.83,1743.87,,,20.1774,4.6046,10.7415,1.9749,71.925,4.2513,5.2061,,10.915,1.4904,37.88,53.2069,,1.1715,19.2712
2026-05-14,1.0,,1.6162,,5.8475,1.606,0.915,7.94,24.302,7.4729,,0.86618,9.1662,,357.43,20437.54,3.3998,112.0675,143.6,184.83,1745.62,,,20.1255,4.6006,10.798,1.9734,71.998,4.2378,5.2054,,10.9145,1.4901,37.815,53.1677,,1.1702,19.1994
2026-05-15,1.0,,1.6265,,5.8517,1.5995,0.9144,7.9194,24.333,7.4728,,0.8705,9.1065,,359.78,20452.14,3.3977,111.594,143.6,184.36,1743.76,,,20.2024,4.5942,10.845,1.9908,71.738,4.2465,5.2166,,10.982,1.4884,37.989,52.9598,,1.1628,19.3739
2026-05-18,1.0,,1.6256,,5.8697,1.6006,0.9144,7.9209,24.321,7.4733,,0.8702,9.1211,,361.08,20597.22,3.3862,112.2285,143.4,184.93,1744.64,,,20.1417,4.6324,10.8005,1.9858,71.851,4.2443,5.2092,,10.9465,1.4895,37.967,53.0915,,1.1648,19.3632
2026-05-19,1.0,,1.6327,,5.837,1.5985,0.915,7.9087,24.297,7.4731,,0.86671,9.1015,,360.65,20617.42,3.3891,112.1815,143.4,184.89,1753.17,,,20.152,4.6219,10.7635,1.988,71.72,4.2435,5.2273,,10.909,1.4887,37.951,52.9565,,1.162,19.3449
2026-05-20,1.0,,1.6271,,5.8347,1.5959,0.9165,7.8912,24.322,7.4732,,0.86555,9.0861,,361.3,20532.64,3.391,112.317,143.4,184.48,1746.31,,,20.1472,4.6052,10.764,1.9841,71.568,4.255,5.2333,,10.8775,1.4852,37.903,52.8803,,1.16,19.2485
2026-05-21,1.0,,1.6273,,5.8134,1.5972,0.9145,7.8899,24.292,7.473,,0.86433,9.0873,,360.53,20504.02,3.3821,111.5885,143.4,184.59,1749.99,,,20.1257,4.5961,10.7075,1.9802,71.447,4.2483,5.2435,,10.8615,1.4848,37.911,52.9055,,1.1599,19.2009
2026-05-22,1.0,,1.6283,,5.8165,1.6002,0.9119,7.8791,24.289,7.4731,,0.86418,9.0865,,359.08,20516.54,3.3569,110.9585,143.6,184.53,1759.6,,,20.1045,4.6009,10.7295,1.9817,71.45,4.242,5.249,,10.8695,1.4846,37.875,53.0067,,1.1595,19.1045
2026-05-25,1.0,,1.624,,5.8245,1.6082,0.9099,7.899,24.259,7.4719,,0.86255,9.1214,,356.35,20647.99,3.3646,110.887,143.6,185.04,1762.46,,,20.1052,4.6019,10.766,1.982,71.355,4.2345,5.2451,,10.7965,1.4873,37.816,53.225,,1.1643,19.0121
2026-05-26,1.0,,1.6236,,5.8404,1.6069,0.9136,7.8939,24.257,7.4721,,0.86375,9.1161,,355.35,20749.01,3.324,111.32,143.6,185.22,1751.27,,,20.1134,4.6129,10.772,1.9913,71.607,4.2315,5.2385,,10.8245,1.4866,37.997,53.407,,1.1634,19.03
2026-05-27,1.0,,1.6321,,5.8718,1.6099,0.9153,7.8923,24.284,7.4726,,0.86618,9.1173,,354.83,20757.15,3.3002,111.365,143.4,185.52,1745.2,,,20.1544,4.6141,10.797,1.9774,71.515,4.2365,5.2379,,10.7895,1.4869,37.96,53.4194,,1.1637,19.0375
2026-05-28,1.0,,1.6318,,5.8928,1.6094,0.9167,7.8762,24.293,7.4729,,0.86665,9.1015,,355.28,20737.51,3.2955,111.1705,143.2,185.24,1745.84,,,20.2002,4.6212,10.794,1.9713,71.51,4.2335,5.2481,,10.8215,1.4865,37.988,53.3213,,1.1617,18.9939
2026-05-29,1.0,,1.6238,,5.8747,1.6074,0.9111,7.8793,24.282,7.4731,,0.86723,9.1238,,353.69,20745.24,3.2682,110.6195,143.4,185.45,1753.9,,,20.1905,4.6168,10.7735,1.9491,71.694,4.2275,5.2523,,10.772,1.487,37.866,53.4297,,1.1644,18.8913
2026-06-01,1.0,,1.6234,,5.8515,1.6106,0.9128,7.8786,24.285,7.4737,,0.86493,9.1271,,354.8,20770.64,3.2789,110.629,143.8,185.74,1756.96,,,20.1794,4.6176,10.7885,1.9558,71.916,4.233,5.2531,,10.789,1.4881,37.914,53.4483,,1.1646,18.9289
2026-06-02,1.0,,1.6221,,5.831,1.6119,0.9149,7.8778,24.243,7.474,,0.86465,9.1298,,354.53,20767.43,3.3068,110.9845,143.6,186.09,1767.33,,,20.1334,4.6188,10.8,1.9618,71.832,4.2345,5.2553,,10.825,1.4892,37.958,53.5,,1.1649,18.8756
2026-06-03,1.0,,1.6218,,5.8284,1.6094,0.9167,7.862,24.189,7.4739,,0.8637,9.1012,,354.85,20860.72,3.3288,111.1575,143.4,185.66,1778.09,,,20.0818,4.6392,10.7935,1.9695,71.737,4.2383,5.2576,,10.884,1.489,38.007,53.3749,,1.1614,18.8963
2026-06-04,1.0,,1.6297,,5.8951,1.6176,0.9168,7.8848,24.218,7.4742,,0.8649,9.1185,,354.33,20982.21,3.3659,111.4945,143.6,186.01,1783.85,,,20.1172,4.6711,10.8445,1.9791,71.687,4.2368,5.2581,,10.8803,1.4929,37.949,53.5137,,1.164,18.9027
2026-06-05,1.0,,1.6301,,5.8897,1.6159,0.9175,7.8752,24.165,7.4743,,0.86433,9.1185,,354.15,21034.06,3.3891,110.5215,143.8,186.08,1793.64,,,20.1029,4.6886,10.8445,1.9806,71.532,4.2338,5.2456,,10.8675,1.4939,37.987,53.6425,,1.164,18.9389
2026-06-08,1.0,,1.6311,,5.9353,1.6083,0.9187,7.8263,24.231,7.474,,0.8636,9.0427,,355.55,20945.62,3.366,110.4475,143.6,184.6,1763.26,,,20.0945,4.7008,10.9165,1.9792,71.193,4.2423,5.2432,,10.876,1.4855,37.811,53.1988,,1.154,18.9991
2026-06-09,1.0,,1.6391,,5.9751,1.6111,0.9206,7.8367,24.168,7.4742,,0.8634,9.0691,,355.33,20773.82,3.4077,110.3495,143.6,185.35,1765.44,,,20.1157,4.6998,10.9345,1.981,71.157,4.2373,5.2381,,10.885,1.4873,37.994,53.372,,1.1573,19.0416
2026-06-10,1.0,,1.6475,,5.9896,1.6073,0.9222,7.8243,24.193,7.4745,,0.86228,9.0426,,356.58,20666.12,3.4368,109.9275,143.4,185.19,1759.12,,,20.1688,4.6964,10.952,1.9879,70.832,4.249,5.2371,,10.9655,1.4866,38.027,53.2384,,1.1539,19.1568
2026-06-11,1.0,,1.6487,,5.9536,1.6127,0.9221,7.8191,24.192,7.4743,,0.8633,9.041,,355.1,20736.6,3.4137,110.484,143.8,185.21,1764.62,,,20.0653,4.6921,10.9895,1.994,70.76,4.2518,5.2394,,10.9935,1.4857,38.014,53.2486,,1.1537,19.0392
2026-06-12,1.0,,1.6442,,5.9076,1.618,0.9217,7.822,24.171,7.4744,,0.86305,9.0633,,352.88,20574.74,3.3784,110.0195,144.2,185.3,1758.43,,,19.9234,4.6933,11.0255,1.986,70.315,4.248,5.2358,,10.928,1.4854,37.876,53.5145,,1.1567,18.8571
2026-06-15,1.0,,1.6424,,5.8613,1.6228,0.9212,7.8429,24.146,7.474,,0.86483,9.093,,350.48,20567.08,3.3791,109.9355,144.8,185.93,1757.65,,,19.9772,4.7014,11.0555,1.9882,70.028,4.246,5.2366,,10.8975,1.4882,37.781,53.7157,,1.1607,18.8194
2026-06-16,1.0,,1.6411,,5.8669,1.6248,0.9224,7.8334,24.148,7.4747,,0.86471,9.0821,,349.53,20546.48,3.3761,109.6335,144.4,185.94,1749.36,,,19.9448,4.7164,11.0465,1.9906,69.925,4.2429,5.2325,,10.897,1.4866,37.698,53.6797,,1.1594,18.7702
2026-06-17,1.0,,1.6418,,5.8929,1.6241,0.9193,7.8349,24.147,7.4749,,0.86463,9.0821,,349.68,20635.52,3.3854,109.5745,144.4,185.82,1758.45,,,19.9487,4.7152,11.008,1.9952,70.054,4.241,5.232,,10.891,1.4876,37.804,53.6863,,1.1591,18.8026
2026-06-18,1.0,,1.6362,,5.8989,1.6189,0.9218,7.7609,24.181,7.4747,,0.86638,8.9827,,352.8,20487.11,3.3734,108.1155,144.4,184.44,1763.72,,,19.9323,4.7191,11.105,1.9889,69.492,4.258,5.2393,,10.9845,1.4795,37.581,53.2312,,1.1461,18.8311
2026-06-19,1.0,,1.6348,,5.9173,1.6228,0.9248,7.7624,24.227,7.4746,,0.86653,8.9887,,352.68,20420.55,3.3968,108.1675,144.0,184.88,1757.1,,,19.8796,4.7439,11.1045,1.9967,69.645,4.2615,5.2396,,10.974,1.4804,37.681,53.2587,,1.1467,18.8907
2026-06-22,1.0,,1.6346,,5.902,1.6223,0.9257,7.7612,24.192,7.4747,,0.86468,8.981,,352.33,20434.75,3.4005,108.473,144.0,185.33,1760.88,,,19.8545,4.7531,11.074,1.9991,69.924,4.268,5.2388,,10.998,1.481,37.702,53.2274,,1.1456,18.8014
2026-06-23,1.0,,1.6423,,5.8925,1.6162,0.9225,7.7303,24.206,7.4749,,0.862,8.9313,,354.58,20416.12,3.4141,107.928,144.0,184.02,1749.98,,,19.9201,4.7169,11.143,2.0065,69.551,4.2825,5.2472,,11.0585,1.4763,37.821,52.9496,,1.1392,18.7785
2026-06-24,1.0,,1.6436,,5.8963,1.614,0.9216,7.7236,24.242,7.4755,,0.86165,8.891,,356.18,20385.97,3.3847,107.3605,143.8,183.35,1753.65,,,19.9807,4.6925,11.157,2.0096,69.605,4.2878,5.2377,,11.085,1.4722,37.91,52.7186,,1.134,18.8398
2026-06-25,1.0,,1.6454,,5.9,1.6151,0.9223,7.7105,24.253,7.4745,,0.86183,8.8928,,355.53,20395.3,3.3753,107.0635,144.0,183.57,1749.98,,,20.006,4.6701,11.2175,2.0115,69.395,4.2875,5.2318,,11.069,1.4719,37.882,52.757,,1.1342,18.7841
2026-06-26,1.0,,1.6518,,5.901,1.6169,0.9218,7.7506,24.266,7.4746,,0.86253,8.9408,,354.13,20361.16,3.4179,107.6305,144.0,184.3,1751.73,,,19.9695,4.6602,11.3035,2.0181,69.895,4.2868,5.2411,,11.0775,1.4755,38.051,53.1573,,1.1401,18.7666
2026-06-29,1.0,,1.6531,,5.8899,1.6201,0.9222,7.7492,24.262,7.4745,,0.86215,8.9449,,354.33,20362.79,3.3942,107.838,144.0,184.62,1760.8,,,19.9324,4.6434,11.3295,2.0175,69.786,4.2873,5.2418,,11.0865,1.4754,37.919,53.2001,,1.1406,18.7233
2026-06-30,1.0,,1.6544,,5.9003,1.622,0.9224,7.7314,24.256,7.4744,,0.86178,8.935,,356.3,20398.91,3.3953,107.8565,144.0,185.08,1767.08,,,19.903,4.6544,11.3105,2.0136,69.911,4.2955,5.2439,,11.0935,1.4754,37.862,53.1642,,1.1394,18.6544
2026-07-01,1.0,,1.6518,,5.9048,1.6191,0.9234,7.7342,24.254,7.4745,,0.85973,8.9287,,355.83,20444.89,3.39,108.4215,143.8,185.21,1773.57,,,19.9591,4.6602,11.3125,2.0069,70.17,4.2958,5.2367,,11.0955,1.4762,38.002,53.1266,,1.1383,18.7064
2026-07-02,1.0,,1.6546,,5.9286,1.6203,0.92,7.7388,24.216,7.4747,,0.85665,8.9414,,355.98,20542.02,3.4211,108.7435,144.0,184.19,1765.53,,,20.0153,4.6508,11.2885,2.0101,70.191,4.29,5.2321,,11.0775,1.4756,37.976,53.2274,,1.1399,18.6687
2026-07-03,1.0,,1.65,,5.9486,1.6258,0.919,7.7634,24.194,7.4746,,0.8572,8.9791,,353.1,20564.67,3.4331,109.002,144.0,184.48,1752.95,,,19.9736,4.6605,11.269,2.0049,70.339,4.2848,5.2359,,11.0315,1.4774,37.933,53.5821,,1.1448,18.5606
2026-07-06,1.0,,1.6462,,5.913,1.6236,0.9201,7.7573,24.157,7.4748,,0.85538,8.9528,,353.5,20565.38,3.4414,108.9035,144.0,185.31,1747.72,,,19.9586,4.663,11.234,2.0079,70.227,4.2883,5.231,,11.015,1.4765,38.04,53.4222,,1.1415,18.5318
2026-07-07,1.0,,1.6455,,5.8781,1.6255,0.9218,7.767,24.229,7.4746,,0.85411,8.9661,,353.9,20455.24,3.4597,108.582,143.8,185.09,1731.47,,,19.9206,4.6532,11.214,2.0088,70.236,4.2928,5.2336,,11.0443,1.4764,38.026,53.5524,,1.1433,18.5647
2026-07-08,1.0,,1.6471,,5.8802,1.6176,0.9222,7.755,24.254,7.4754,,0.85435,8.9395,,358.0,20628.64,3.47,108.9765,143.4,185.3,1720.95,,,20.0428,4.6494,11.136,2.0019,70.199,4.3095,5.2363,,11.0565,1.4757,38.141,53.4362,,1.1404,18.6831
2026-07-09,1.0,,1.6478,,5.8837,1.6202,0.9227,7.7712,24.254,7.4753,,0.85363,8.9605,,357.8,20703.75,3.4587,109.0765,143.4,185.72,1729.49,,,20.0686,4.662,11.1305,1.9916,70.438,4.3085,5.2364,,11.062,1.4784,38.244,53.541,,1.1435,18.7213
2026-07-10,1.0,,1.6447,,5.8505,1.6177,0.9223,7.7433,24.259,7.4751,,0.85155,8.9611,,356.4,20661.5,3.4368,108.9665,143.6,185.02,1720.12,,,20.034,4.652,11.1485,1.9808,70.378,4.3475,5.2333,,11.0145,1.4757,38.079,53.7039,,1.143,18.6557
2026-07-13,1.0,,1.6454,,5.8439,1.6148,0.9253,7.7427,24.262,7.475,,0.8533,8.9548,,356.78,20617.92,3.4565,109.2375,143.4,185.23,1706.85,,,19.9815,4.6507,11.1595,1.977,70.348,4.3238,5.234,,11.027,1.4765,38.139,53.6848,,1.1424,18.6938
2026-07-14,1.0,,1.6428,,5.8431,1.6095,0.9257,7.7327,24.284,7.4753,,0.85215,8.9387,,361.33,20597.94,3.4373,109.7215,143.2,185.01,1705.61,,,19.9587,4.651,11.077,1.9662,70.362,4.3383,5.2487,,11.036,1.4743,38.235,53.6464,,1.1405,18.7748
2026-07-15,1.0,,1.6335,,5.7954,1.6053,0.9256,7.7268,24.233,7.4754,,0.85093,8.9412,,359.65,20612.12,3.4226,109.794,143.4,185.22,1701.97,,,19.881,4.6514,11.096,1.9608,70.361,4.3258,5.2418,,11.0473,1.4739,38.375,53.644,,1.1406,18.686
2026-07-16,1.0,,1.6362,,5.8318,1.6082,0.925,7.7596,24.194,7.4753,,0.84873,8.9898,,361.05,20623.8,3.4499,110.4895,143.0,185.99,1696.49,,,19.9829,4.6699,11.064,1.9583,70.667,4.3285,5.241,,11.0285,1.4782,38.489,53.9577,,1.1467,18.7727
2026-07-17,1.0,,1.6394,,5.8499,1.6035,0.9228,7.7501,24.205,7.4756,,0.85098,8.9653,,363.53,20519.71,3.4843,110.102,143.4,185.65,1698.46,,,19.9926,4.6826,11.039,1.9609,70.441,4.3473,5.2406,,11.0405,1.4765,38.462,53.907,,1.1435,18.8768
2026-07-20,1.0,,1.6307,,5.8322,1.6032,0.9236,7.7319,24.19,7.4756,,0.84888,8.9587,,361.35,20509.61,3.4808,110.1985,143.2,185.54,1692.4,,,19.984,4.6761,11.042,1.952,70.48,4.332,5.2408,,11.045,1.4749,38.42,53.9089,,1.1426,18.8412
2026-07-21,1.0,,1.6276,,5.7997,1.6069,0.9259,7.7255,24.168,7.4756,,0.85205,8.9525,,360.4,20435.94,3.482,109.882,143.0,185.82,1688.04,,,19.8608,4.6688,10.987,1.9533,70.496,4.3305,5.2365,,11.0485,1.4734,38.439,53.8757,,1.1418,18.7763
2026-07-22,1.0,,1.6312,,5.7949,1.6071,0.9268,7.7266,24.166,7.4757,,0.8534,8.9443,,363.9,20441.71,3.495,110.167,143.2,186.03,1688.78,,,19.8767,4.6624,10.947,1.9608,70.459,4.33,5.238,,11.0775,1.473,38.57,53.8658,,1.1408,18.7952
2026-07-23,1.0,,1.6291,,5.7775,1.6034,0.9295,7.7127,24.187,7.4757,,0.85318,8.9328,,364.45,20465.27,3.5004,110.0255,143.4,186.23,1677.72,,,19.8905,4.6582,10.9525,1.9689,70.369,4.327,5.235,,11.0955,1.4711,38.533,53.8103,,1.1392,18.7282
2026-07-24,1.0,,1.6281,,5.7826,1.6026,0.9302,7.7047,24.149,7.4756,,0.85388,8.9225,,361.88,20398.45,3.4746,109.865,143.0,186.38,1662.18,,,19.8873,4.6543,10.888,1.9656,70.35,4.3155,5.2343,,11.055,1.4687,38.329,53.8648,,1.1377,19.1704
2026-07-27,1.0,,1.6271,,5.7885,1.6064,0.9284,7.7059,24.156,7.4752,,0.85524,8.9313,,359.78,20560.16,3.4592,109.2425,142.8,186.37,1674.31,,,19.8817,4.653,10.9845,1.9663,70.278,4.322,5.232,,11.0445,1.4696,38.244,53.9328,,1.1389,19.0664
2026-07-28,1.0,,1.6312,,5.8158,1.6036,0.9319,7.6969,24.187,7.4752,,0.8555,8.9136,,360.9,20576.77,3.4747,108.961,142.4,186.32,1658.96,,,19.8629,4.6514,11.0055,1.9693,70.059,4.3265,5.2319,,11.0625,1.4702,38.204,53.8564,,1.1367,19.0797
2026-07-29,1.0,,1.6397,,5.8268,1.6051,0.9332,7.7,24.19,7.4748,,0.85635,8.9246,,362.18,20566.33,3.4848,108.8475,142.6,186.27,1652.77,,,19.8871,4.6539,10.998,1.9709,69.878,4.327,5.2353,,11.053,1.471,38.157,53.9386,,1.138,19.0614
2026-07-30,1.0,,1.6439,,5.8535,1.6119,0.9324,7.7521,24.167,7.4749,,0.85715,9.0018,,361.83,20746.89,3.5226,109.808,142.6,186.99,1645.31,,,19.9684,4.6851,10.9758,1.9646,70.623,4.3078,5.2434,,11.0098,1.4775,38.496,54.4107,,1.1476,19.03
2026-07-31,1.0,,1.6365,,5.8095,1.6126,0.9304,7.7539,24.212,7.4752,,0.85573,9.0079,,364.25,20733.18,3.5114,109.5495,142.6,184.03,1657.99,,,19.9512,4.6933,10.942,1.9589,70.367,4.3135,5.2467,,10.9855,1.4757,38.435,54.5829,,1.1485,19.0364
2026-08-03,1.0,,1.6463,,5.8454,1.6181,0.932,7.7891,24.206,7.4749,,0.85633,9.0464,,363.98,20736.99,3.5194,109.9725,142.0,180.73,1646.1,,,19.9794,4.7242,10.9965,1.9636,70.279,4.3033,5.2455,,10.9845,1.4783,38.452,54.8333,,1.1535,18.9979
2026-08-04,1.0,,1.6377,,5.8503,1.6191,0.9319,7.7767,24.2,7.4754,,0.85639,9.0316,,362.3,20712.15,3.485,109.8285,142.0,181.26,1643.32,,,19.9072,4.7125,10.9925,1.9568,70.243,4.3063,5.251,,10.9925,1.4767,38.385,54.7606,,1.1515,18.9316
2026-08-05,1.0,,1.6385,,5.9102,1.623,0.9345,7.7989,24.195,7.4753,,0.8572,9.0619,,362.08,20648.04,3.4672,109.9045,141.8,182.08,1644.97,,,19.8867,4.7291,10.9835,1.968,70.192,4.306,5.2469,,10.9635,1.4806,38.29,54.9691,,1.1554,18.8869
2026-08-06,1.0,,1.639,,5.9138,1.6156,0.9346,7.7898,24.21,7.4755,,0.85705,9.0542,,363.75,20659.66,3.4774,109.9085,142.0,182.17,1643.09,,,19.9117,4.7201,11.0003,1.9619,70.165,4.299,5.2543,,10.924,1.4798,38.164,54.9341,,1.1542,18.8244
2026-08-07,1.0,,1.6384,,5.8826,1.616,0.9347,7.7834,24.261,7.4756,,0.85765,9.0491,,364.5,20584.96,3.4638,109.8275,142.6,182.64,1633.3,,,19.7884,4.719,10.975,1.9646,70.21,4.2983,5.2525,,10.9455,1.4775,38.129,55.0287,,1.1535,18.7136
2026-08-10,1.0,,1.6359,,5.8764,1.6108,0.934,7.7931,24.252,7.4758,,0.85565,9.0653,,363.65,20521.74,3.4671,110.1228,142.2,183.31,1636.9,,,19.8182,4.7266,10.986,1.9613,70.197,4.2993,5.2433,,10.9655,1.4785,38.146,55.1116,,1.1555,18.6928
2026-08-11,1.0,,1.6336,,5.891,1.6084,0.9351,7.7841,24.243,7.4757,,0.85483,9.0546,,364.45,20584.76,3.4611,110.1375,142.2,183.72,1629.64,,,19.7591,4.7227,10.9705,1.9626,70.599,4.2965,5.2401,,10.9635,1.4773,38.203,55.0766,,1.154,18.6706
2026-08-12,1.0,,1.6327,,5.9523,1.6077,0.9366,7.785,24.254,7.4758,,0.85358,9.0594,,364.1,20599.86,3.4514,110.069,141.8,183.67,1636.08,,,19.6974,4.7167,10.936,1.9675,70.681,4.3043,5.2403,,10.9965,1.4766,38.168,55.1363,,1.1545,18.627
2026-08-13,1.0,,1.6356,,5.9759,1.6089,0.9373,7.7774,24.226,7.4757,,0.8549,9.0506,,362.85,20595.28,3.4383,110.0815,142.2,183.77,1638.16,,,19.6694,4.7139,10.986,1.9735,70.732,4.3048,5.2444,,11.0285,1.4765,38.212,55.1035,,1.1534,18.5914
2026-08-14,1.0,,1.6333,,5.9873,1.6049,0.939,7.7977,24.205,7.4757,,0.8545,9.077,,362.58,20573.53,3.4118,110.3818,142.2,183.93,1632.42,,,19.6592,4.7263,10.9325,1.9642,71.008,4.3068,5.2427,,10.999,1.4784,38.316,55.3879,,1.1567,18.6978
2026-08-17,1.0,,1.6271,,6.0402,1.6067,0.9389,7.813,24.201,7.4758,,0.855,9.0951,,361.93,20654.32,3.4214,110.8375,142.2,184.59,1636.83,,,19.7186,4.7097,10.9235,1.9593,71.307,4.3063,5.2395,,11.001,1.4797,38.286,55.5326,,1.1593,18.7536
2026-08-18,1.0,,1.6278,,6.0281,1.606,0.9406,7.8049,24.179,7.4759,,0.85585,9.0799,,364.3,20677.34,3.4635,110.7673,142.2,184.87,1632.3,,,19.7411,4.6987,10.9025,1.9672,71.517,4.319,5.2443,,11.026,1.4791,38.27,55.4629,,1.1576,18.7758
2026-08-19,1.0,,1.6401,,6.0394,1.6098,0.9402,7.8197,24.163,7.4759,,0.85608,9.1002,,364.58,20694.15,3.4666,111.1265,142.2,184.62,1614.81,,,19.7709,4.7087,10.9105,1.9738,71.743,4.3245,5.2464,,11.0385,1.481,38.372,55.6281,,1.1605,18.8515
2026-08-20,1.0,,1.6438,,6.0666,1.6085,0.9333,7.8538,24.153,7.4758,,0.85725,9.1624,,365.1,20788.62,3.495,111.7985,142.0,185.45,1631.08,,,19.8467,4.7238,10.9025,1.9657,72.104,4.3188,5.2515,,11.0875,1.486,38.448,56.0145,,1.1681,18.8929
2026-08-21,1.0,,1.6321,,6.0518,1.6074,0.9353,7.8624,24.116,7.4758,,0.8567,9.1726,,362.78,20659.38,3.4917,111.9595,141.6,185.66,1619.41,,,19.769,4.7246,10.8675,1.9541,72.136,4.3078,5.2563,,11.0625,1.4838,38.226,56.2318,,1.1699,18.7236
2026-08-24,1.0,,1.6287,,6.0068,1.6154,0.9362,7.8414,24.1,7.4757,,0.8555,9.1408,,362.55,20660.91,3.4901,111.6875,141.2,185.6,1614.6,,,19.7451,4.7152,10.8645,1.9567,71.989,4.3078,5.2504,,11.0805,1.4819,38.124,56.0821,,1.1664,18.6658
2026-08-25,1.0,,1.6303,,6.0153,1.6163,0.9361,7.8366,24.099,7.4753,,0.8555,9.1407,,362.28,20623.2,3.4781,111.276,141.4,185.7,1612.94,,,19.7632,4.7196,10.892,1.9547,71.974,4.3055,5.2537,,11.0668,1.4814,38.176,56.0935,,1.1662,18.645
2026-08-26,1.0,,1.6241,,6.0055,1.6176,0.938,7.8422,24.083,7.4757,,0.85613,9.1463,,360.18,20668.66,3.4706,111.3475,141.2,185.62,1614.39,,,19.7567,4.6985,10.8845,1.9582,71.952,4.2955,5.2568,,11.0785,1.4817,38.21,56.1481,,1.1669,18.5724
2026-08-27,1.0,,1.6196,,5.9879,1.6151,0.9376,7.8258,24.139,7.4747,,0.8574,9.1282,,363.95,20655.26,3.4634,111.2575,140.4,185.61,1607.45,,,19.7653,4.6964,10.877,1.9566,72.085,4.3268,5.2584,,11.0835,1.4804,38.26,56.0483,,1.1645,18.6155
2026-08-28,1.0,,1.6183,,6.0126,1.613,0.9364,7.8251,24.148,7.4748,,0.8572,9.1276,,364.79,20628.08,3.4612,111.0585,140.8,185.92,1600.39,,,19.7327,4.6875,10.8595,1.9585,72.482,4.3365,5.2584,,11.0885,1.4802,38.37,56.1718,,1.1643,18.6309
